time_s,X_g,Y_g,Z_g
0.000000000,-0.001320162,0.047024807,1.002890221
0.005000000,0.063732808,-0.022071457,1.008415980
0.010000000,-0.029070897,0.013260438,1.012002140
0.015000000,0.002965366,-0.061452831,1.008589921
0.020000000,0.083838953,-0.044372281,1.016763517
0.025000000,-0.054098607,0.014396949,1.000892998
0.030000000,0.028418149,-0.024980362,1.007597236
0.035000000,0.010954532,0.013241306,1.009007586
0.040000000,-0.022639932,-0.000529984,0.998162104
0.045000000,0.038133452,0.016426228,1.013251874
0.050000000,-0.000409071,-0.012643040,1.006030339
0.055000000,-0.030989808,0.006670362,1.004826736
0.060000000,-0.024164692,0.042300675,1.010057660
0.065000000,0.001205841,-0.022099910,1.012815601
0.070000000,-0.032219755,-0.021356385,1.004344615
0.075000000,-0.016312713,-0.051703782,1.005270802
0.080000000,0.017624028,-0.003606437,1.018706290
0.085000000,0.060747235,0.050277672,1.008987882
0.090000000,0.025145046,-0.029817671,1.010686408
0.095000000,-0.025656036,-0.010429492,1.000071226
0.100000000,-0.013883333,0.040097665,1.005790760
0.105000000,-0.044672286,0.004532596,1.021023724
0.110000000,0.004364749,0.005176468,1.004228623
0.115000000,0.066544580,-0.011737120,1.007390652
0.120000000,0.038016476,-0.070541237,1.018545474
0.125000000,0.028764269,-0.016202121,0.998423016
0.130000000,0.040553553,0.043014702,0.999960281
0.135000000,-0.061985327,0.007103365,1.007485879
0.140000000,-0.020453429,-0.011300878,0.993262963
0.145000000,0.008105387,-0.024898316,1.010327719
0.150000000,-0.085150536,-0.046966401,1.005591879
0.155000000,0.020644182,-0.016209214,1.001531534
0.160000000,0.050037082,-0.041843802,1.017782566
0.165000000,0.007075821,-0.012972264,1.002089003
0.170000000,-0.037950365,0.070953071,1.007504231
0.175000000,0.012113882,-0.051814369,1.006466184
0.180000000,0.019587795,-0.042719742,1.009208068
0.185000000,-0.065879345,0.034407919,1.001421591
0.190000000,0.032301036,-0.075523915,0.999138697
0.195000000,-0.046930622,-0.059976219,1.009190893
0.200000000,-0.037803315,0.025692154,0.997463079
0.205000000,0.079611678,0.032741248,1.008700143
0.210000000,-0.016160461,0.037820801,1.010464213
0.215000000,0.032566362,0.014024252,1.008274782
0.220000000,0.071250106,-0.069922704,1.008327442
0.225000000,-0.047972171,-0.050760100,0.996257860
0.230000000,-0.052051103,-0.019246770,1.001037343
0.235000000,0.039619802,-0.028193897,1.004595437
0.240000000,0.006640714,0.034075291,1.003475196
0.245000000,-0.029477326,0.006046174,1.011350191
0.250000000,0.030433391,-0.054014978,1.011767055
0.255000000,-0.003285523,-0.030994060,1.008562847
0.260000000,-0.005893008,0.032399769,1.008193784
0.265000000,0.032311381,-0.004721710,1.002190303
0.270000000,-0.020502476,-0.026587678,1.015476111
0.275000000,0.000945357,0.004565440,1.011715440
0.280000000,0.001002077,-0.046724759,1.006301239
0.285000000,-0.058592831,-0.001658244,1.008362092
0.290000000,-0.000042637,0.006532308,1.006588584
0.295000000,0.064429940,0.009085338,1.014135515
0.300000000,0.023391207,0.014202772,0.995482467
0.305000000,-0.060761291,-0.054970342,1.007396047
0.310000000,-0.051003486,0.003574785,1.007360011
0.315000000,0.012351878,0.021255961,1.003090588
0.320000000,0.000003460,-0.032969968,1.012532377
0.325000000,-0.015666817,-0.030640311,0.999404624
0.330000000,0.005929969,-0.020866470,1.012694191
0.335000000,0.000200246,0.024403825,0.991056471
0.340000000,0.025244965,0.058634343,1.001558250
0.345000000,0.023064018,-0.043713995,1.027787707
0.350000000,-0.081107565,-0.042523320,1.003353938
0.355000000,0.004434139,0.044143176,1.010959527
0.360000000,0.072816341,-0.046458224,1.010468425
0.365000000,0.016646181,0.018610699,0.998209885
0.370000000,0.032088963,0.064012114,1.003060063
0.375000000,-0.000100707,-0.060819569,1.000972618
0.380000000,-0.036066302,-0.022275064,1.008491552
0.385000000,-0.056674746,-0.052404588,1.015630499
0.390000000,0.012212865,-0.052804260,1.004180171
0.395000000,0.035525938,0.048273796,1.009709119
0.400000000,-0.004014031,0.016010382,1.000964488
0.405000000,0.037819993,0.011121688,0.989300316
0.410000000,-0.015612660,-0.070498770,1.012547582
0.415000000,-0.043963602,-0.075868285,1.013115692
0.420000000,-0.013216884,0.044561160,1.015169800
0.425000000,0.031914999,-0.019399403,1.021142531
0.430000000,0.017739190,-0.025441066,1.007541307
0.435000000,-0.035132059,-0.004864040,0.996707424
0.440000000,0.039772428,0.007650693,1.007762343
0.445000000,0.029412360,-0.010694222,1.016287657
0.450000000,-0.039727418,-0.039807175,1.004485840
0.455000000,-0.019170735,0.041434147,1.008125624
0.460000000,-0.016249119,-0.029139385,0.999807358
0.465000000,0.005282840,-0.031526406,1.003279371
0.470000000,-0.009971031,0.009123910,1.009596689
0.475000000,-0.003865739,-0.004186468,1.013460537
0.480000000,0.046507609,0.014423895,1.019029886
0.485000000,0.015567364,-0.048129141,0.994257259
0.490000000,0.051826092,-0.000547800,1.012508831
0.495000000,0.014909946,0.001809219,1.015825787
0.500000000,-0.058930287,-0.014497450,0.990084836
0.505000000,-0.024752057,0.010496099,1.002907736
0.510000000,0.004600321,-0.012719829,1.003408262
0.515000000,0.023742881,0.044724405,1.013755978
0.520000000,-0.007317345,-0.008557064,1.016847933
0.525000000,0.037101693,-0.039206014,0.994499085
0.530000000,0.031688988,0.004737796,1.007923239
0.535000000,-0.031974308,-0.033428201,1.002960835
0.540000000,-0.053463932,0.002202801,1.003106975
0.545000000,-0.007913636,-0.001850600,1.017054222
0.550000000,0.032311329,-0.008955340,0.995798242
0.555000000,-0.061085989,0.001093987,1.007147337
0.560000000,0.004036848,-0.039171871,1.012665941
0.565000000,0.034914319,0.027100300,1.001257786
0.570000000,0.003761398,0.026720321,1.006777053
0.575000000,-0.027750223,-0.047171238,0.996004365
0.580000000,0.028056330,-0.055823402,1.013840828
0.585000000,0.071091314,-0.003923050,1.018628029
0.590000000,-0.107298552,0.042747902,0.997281292
0.595000000,0.007567191,-0.025476002,0.995150112
0.600000000,0.009526078,-0.074324719,1.004058827
0.605000000,-0.045666096,-0.013009333,1.015739625
0.610000000,0.030368507,0.009878769,1.011238354
0.615000000,0.001761122,-0.050835931,1.006555685
0.620000000,0.032459893,0.004543722,1.005869191
0.625000000,-0.033397821,-0.022162356,1.005915485
0.630000000,0.041648546,-0.051719400,1.007577010
0.635000000,-0.001469090,0.027392798,1.012477285
0.640000000,-0.024833561,-0.024184168,1.002939384
0.645000000,0.055997549,0.025924724,1.005444673
0.650000000,-0.053027653,-0.039086377,1.009916268
0.655000000,0.037245421,0.018048145,0.996645355
0.660000000,0.040621384,0.022807716,1.006374614
0.665000000,-0.061899341,-0.118110203,1.011209203
0.670000000,-0.070921072,0.031147978,1.005153223
0.675000000,0.002350818,-0.029350434,1.017836514
0.680000000,0.036479533,0.063662013,1.010594204
0.685000000,0.006017469,0.045054233,1.000368952
0.690000000,0.054015515,-0.095451803,1.012759175
0.695000000,-0.028262237,0.015364246,0.998914487
0.700000000,-0.050595514,-0.048480795,1.005185878
0.705000000,0.023132942,0.021835465,1.013392180
0.710000000,-0.008442795,0.024200866,1.000448295
0.715000000,-0.028108204,0.003519104,1.012410688
0.720000000,0.007236942,-0.014044017,1.005357585
0.725000000,0.013497027,-0.015562557,1.006493237
0.730000000,0.017079453,0.016681391,1.006535330
0.735000000,0.018984707,-0.040167077,1.006811145
0.740000000,-0.016126458,0.041880616,1.002907802
0.745000000,-0.006802488,-0.040017656,1.006812969
0.750000000,-0.012898589,-0.025071468,1.014154891
0.755000000,0.000601138,-0.012671437,0.990873217
0.760000000,-0.006548752,-0.080018504,1.014654612
0.765000000,-0.016409999,0.018054742,1.006500482
0.770000000,0.016477407,0.033795837,1.001994191
0.775000000,0.009303510,-0.005567112,1.014013633
0.780000000,0.032953877,-0.009544433,1.003422681
0.785000000,-0.000536842,0.014409711,1.013136519
0.790000000,0.002196520,-0.091598706,1.003524863
0.795000000,0.065301958,-0.036538003,1.015172373
0.800000000,0.009119144,0.017473355,1.005117895
0.805000000,-0.042590036,-0.009055942,1.008726407
0.810000000,-0.004454607,0.024434606,1.010269907
0.815000000,0.000485410,-0.036267341,0.994732368
0.820000000,-0.060122022,0.007662917,1.013342923
0.825000000,0.002139151,-0.070221116,0.999291554
0.830000000,0.042541238,-0.013734346,1.003801398
0.835000000,-0.051339055,0.049371146,1.010704310
0.840000000,0.046077097,-0.050350514,1.009114502
0.845000000,0.101460372,0.041595079,1.008300203
0.850000000,-0.033331259,0.010326264,1.007344520
0.855000000,-0.053267700,-0.034145632,1.005646246
0.860000000,-0.000254736,-0.018696069,0.989391150
0.865000000,0.004916731,-0.021380825,1.014558154
0.870000000,-0.022437415,0.034941220,1.011483531
0.875000000,0.048464414,0.011186774,1.000126389
0.880000000,0.044508794,-0.053476196,1.007428623
0.885000000,-0.046367957,0.028831314,1.003197339
0.890000000,-0.009009781,0.026420774,1.009856645
0.895000000,0.001363847,-0.067024529,1.006520304
0.900000000,0.005828127,0.015633800,1.002885694
0.905000000,-0.008834794,0.000324227,1.009972425
0.910000000,-0.022353480,-0.035585344,1.013487005
0.915000000,0.012537616,0.022480498,1.010181051
0.920000000,0.017865325,-0.022781543,1.011544919
0.925000000,-0.037637875,-0.053007181,0.998193116
0.930000000,-0.054278955,0.024499953,1.001152070
0.935000000,0.017006611,0.007378958,1.014138965
0.940000000,-0.039342526,-0.043085849,1.007340431
0.945000000,-0.019824322,-0.020746214,1.007714819
0.950000000,0.035899353,-0.001908600,0.996665219
0.955000000,-0.003759183,0.015104290,0.998435533
0.960000000,-0.008644809,-0.044362548,1.015650982
0.965000000,0.019329461,-0.012839952,1.006412785
0.970000000,0.023804437,0.006619920,1.001802119
0.975000000,-0.021388592,-0.010911668,1.017290103
0.980000000,0.030333498,0.036338272,1.006193272
0.985000000,0.001755483,-0.009935379,0.995142035
0.990000000,-0.008488848,-0.033617786,1.008343803
0.995000000,0.009498353,-0.017344110,1.013492832
1.000000000,-0.003291056,0.021458940,1.013629797
1.005000000,0.056191659,-0.031909268,0.998405320
1.010000000,-0.015287748,-0.024297719,1.007421820
1.015000000,-0.030199185,-0.014015379,1.006695467
1.020000000,-0.036744158,-0.086143692,1.006280729
1.025000000,-0.017158866,-0.010705325,1.003333180
1.030000000,0.060133158,0.011149316,0.993679463
1.035000000,0.015301660,-0.013481482,1.018783793
1.040000000,-0.038772426,-0.026678083,1.001075605
1.045000000,0.034944651,0.005209348,1.006606441
1.050000000,0.057048853,-0.033479130,1.019221655
1.055000000,-0.037690721,-0.020797250,0.995212234
1.060000000,0.015585711,0.045168122,1.004327201
1.065000000,-0.031956001,-0.017165314,1.007294529
1.070000000,-0.037760406,0.009151930,1.014267582
1.075000000,-0.001787704,-0.027306642,1.012429265
1.080000000,-0.020045527,0.002601210,1.012613790
1.085000000,0.045771320,0.026906128,1.010567755
1.090000000,-0.028562427,-0.022405831,1.006873576
1.095000000,-0.002359119,-0.002167654,1.000862392
1.100000000,-0.010192906,-0.025318742,0.994791966
1.105000000,0.007964234,-0.010248465,1.012775672
1.110000000,0.037434446,0.028195790,1.007719309
1.115000000,-0.025677370,0.023604102,1.010680156
1.120000000,0.030599179,-0.043900891,1.005813326
1.125000000,-0.003212909,0.024642956,0.999760027
1.130000000,0.051454484,-0.008878246,1.007488058
1.135000000,0.025840193,-0.026417277,1.013715081
1.140000000,-0.040051910,0.047506712,1.006618881
1.145000000,0.003323824,-0.042737208,0.991463059
1.150000000,-0.053241074,-0.025458988,1.016494661
1.155000000,-0.019183697,-0.083696930,1.015848873
1.160000000,0.020214935,-0.004129871,1.000557476
1.165000000,0.014523981,0.008776999,0.995944689
1.170000000,0.023295506,-0.038273744,1.007449195
1.175000000,0.032051565,0.062789680,1.022526301
1.180000000,0.033416769,-0.060010403,1.007098451
1.185000000,-0.017304587,-0.006381823,1.010516994
1.190000000,-0.017179386,-0.011832416,1.006737629
1.195000000,-0.008326224,-0.055831809,1.003419452
1.200000000,-0.074233658,0.023086164,1.010396185
1.205000000,-0.013346570,-0.008808062,1.001816229
1.210000000,0.041725510,0.018317412,0.998258230
1.215000000,0.001022931,-0.015881674,1.006377129
1.220000000,0.022616333,-0.022640651,1.016149026
1.225000000,-0.035149537,-0.012717174,1.015607821
1.230000000,-0.010337816,-0.035634067,1.002297313
1.235000000,0.017215204,-0.009338835,0.995772076
1.240000000,-0.029659344,0.011111257,1.007760400
1.245000000,-0.009336708,-0.017029277,1.009620097
1.250000000,0.006199974,-0.024549015,0.991660716
1.255000000,0.053383107,-0.006977307,1.009008445
1.260000000,0.010403391,-0.023341815,1.022609570
1.265000000,-0.034231039,0.018496144,0.997729538
1.270000000,-0.020284341,0.021439191,0.998878715
1.275000000,-0.018315992,0.011977316,1.018949945
1.280000000,-0.014812004,0.001146072,1.002883478
1.285000000,-0.013374273,-0.002882615,0.992062639
1.290000000,-0.020201354,0.000055746,1.013778137
1.295000000,0.019984686,-0.050487935,1.010921123
1.300000000,0.076645999,-0.001429318,0.998623408
1.305000000,-0.003525489,0.039970900,1.010304064
1.310000000,-0.022024196,-0.008850636,1.000579600
1.315000000,0.008812828,-0.059551341,1.004200993
1.320000000,0.042397168,-0.046306465,1.017931839
1.325000000,0.017185810,0.019985900,1.016084351
1.330000000,-0.063495524,0.033224679,1.008409587
1.335000000,-0.015656998,-0.021260324,0.988773578
1.340000000,0.033557833,-0.039026708,1.010117319
1.345000000,0.026661566,-0.032203913,1.007481691
1.350000000,-0.035126373,-0.060513642,1.003213039
1.355000000,0.026542298,0.029111834,1.017174969
1.360000000,0.024662439,0.027993538,0.996001320
1.365000000,-0.045481025,-0.040325797,1.012842461
1.370000000,0.026545427,0.033562055,1.010782180
1.375000000,0.001220119,-0.002202648,1.002507203
1.380000000,0.014657164,-0.025262063,1.005208706
1.385000000,-0.001467607,0.010901027,0.994990357
1.390000000,-0.030431658,-0.009700142,1.014011538
1.395000000,0.028971771,-0.002096277,1.010820871
1.400000000,0.006334676,-0.017123715,1.010301473
1.405000000,-0.012054747,-0.024278083,1.012173442
1.410000000,-0.033825216,-0.022140128,0.995299392
1.415000000,-0.026529645,-0.023324078,1.006248996
1.420000000,0.039550885,-0.003132817,1.017227928
1.425000000,-0.032971971,-0.003011566,1.003581619
1.430000000,-0.064848927,-0.031847336,1.011060293
1.435000000,0.059971125,-0.017218095,1.012062291
1.440000000,0.000873768,0.033317600,0.999863036
1.445000000,-0.011604874,-0.030462391,1.011078557
1.450000000,0.072509658,-0.042805411,1.000175073
1.455000000,-0.009329001,-0.005313418,1.011782336
1.460000000,-0.052391087,-0.042686478,1.007211517
1.465000000,0.011438763,0.038528106,0.994970556
1.470000000,0.022853110,0.008592072,1.016314152
1.475000000,-0.000299255,-0.062328289,1.010366865
1.480000000,0.042698449,0.016122422,1.008462148
1.485000000,-0.020609395,-0.039848228,1.002400439
1.490000000,-0.001888619,-0.007738765,1.003799954
1.495000000,0.010944558,0.036420429,1.006750778
1.500000000,-0.059907524,-0.056756212,1.003975577
1.505000000,0.037897409,-0.015407035,1.017160975
1.510000000,-0.026782443,-0.017981404,1.011011351
1.515000000,-0.014250860,-0.014027990,1.001603925
1.520000000,0.051517299,0.044967626,1.003611620
1.525000000,-0.053423615,0.009725038,1.012152146
1.530000000,0.001076053,0.006470563,0.999958840
1.535000000,0.054109745,-0.042970526,1.001476668
1.540000000,-0.001301366,-0.060522686,1.004361829
1.545000000,0.003271174,0.026829356,1.004511991
1.550000000,-0.003140231,0.033506630,1.013509008
1.555000000,-0.044030245,-0.007684725,1.007018500
1.560000000,0.004440274,-0.020776754,1.009870673
1.565000000,-0.026252007,-0.025186006,1.008804654
1.570000000,-0.033055595,-0.046432632,1.005860981
1.575000000,0.043253018,-0.002376253,0.994041106
1.580000000,0.038615872,0.002271828,1.015430132
1.585000000,0.037829711,0.004032047,1.008030131
1.590000000,-0.012279478,0.037962525,0.985783566
1.595000000,-0.061445856,-0.009203815,1.026578540
1.600000000,-0.045655615,0.010834872,1.007708095
1.605000000,0.025818602,-0.033121953,1.010236596
1.610000000,0.025613851,-0.026812223,1.010479840
1.615000000,0.008413210,-0.009650716,0.995692007
1.620000000,0.021418723,-0.040582474,1.008732702
1.625000000,-0.004199081,0.043830497,0.996679692
1.630000000,0.033488192,-0.022884301,1.019142562
1.635000000,-0.008708053,-0.046461955,1.008053777
1.640000000,-0.051329992,-0.026708021,0.995854376
1.645000000,-0.002750186,0.003639574,1.011530792
1.650000000,0.040678941,0.030845871,1.008099914
1.655000000,-0.021464812,-0.030659282,1.003641601
1.660000000,-0.026654779,0.023588459,1.013201566
1.665000000,0.061681750,-0.018614677,1.017285863
1.670000000,-0.032634725,-0.022789471,0.991820064
1.675000000,0.030406476,-0.001420449,1.010163842
1.680000000,0.080346096,-0.027879620,1.005839756
1.685000000,-0.072704577,0.003953051,0.996475310
1.690000000,0.003683452,-0.020331757,1.009232387
1.695000000,0.037371508,0.005997088,1.001590972
1.700000000,-0.044452794,-0.021032279,1.012862723
1.705000000,0.031027914,-0.022336920,1.013560725
1.710000000,-0.015508249,0.028045912,1.013989400
1.715000000,-0.061467725,-0.028413236,0.999672920
1.720000000,0.023084424,-0.022299420,1.006124887
1.725000000,0.007016398,0.028547585,1.001952820
1.730000000,0.038978888,0.015310259,1.003194218
1.735000000,0.012662924,-0.015605584,1.019252768
1.740000000,-0.019464345,-0.037933591,0.998011075
1.745000000,-0.014148910,0.004554220,1.013240693
1.750000000,-0.028980877,0.004928027,1.009115676
1.755000000,0.009571070,-0.011668282,1.007920831
1.760000000,-0.006124442,0.043323454,1.011404188
1.765000000,0.014148533,-0.060485233,0.994906370
1.770000000,-0.029578992,-0.034057828,1.010047628
1.775000000,0.027417085,0.031316093,1.001050168
1.780000000,0.036012707,-0.043103409,1.011871496
1.785000000,-0.070639223,0.024706541,1.017071521
1.790000000,0.002127363,-0.050838612,0.999129519
1.795000000,-0.031743586,-0.077882883,1.010299579
1.800000000,-0.005014912,0.008011971,1.014010309
1.805000000,-0.005171679,-0.002307995,1.006989551
1.810000000,-0.030329101,-0.057893102,1.006362036
1.815000000,0.030462877,-0.033522678,0.999064962
1.820000000,-0.001081856,0.036996870,1.005901946
1.825000000,0.025709665,-0.033682038,1.005701310
1.830000000,-0.001199807,0.013991173,0.997115627
1.835000000,0.025589640,-0.019713179,1.020391602
1.840000000,0.012438627,-0.012166760,1.002993916
1.845000000,-0.041585813,0.028235607,0.997664430
1.850000000,0.044989201,-0.119038258,1.018232940
1.855000000,0.011852180,0.017262201,1.003053960
1.860000000,-0.014376388,0.030015811,1.003938872
1.865000000,0.002925140,-0.058772722,0.998091027
1.870000000,-0.026928141,0.017800710,1.006411103
1.875000000,0.010159537,-0.032966743,1.020159538
1.880000000,0.018638095,-0.050793695,1.002654924
1.885000000,-0.037458317,-0.031049464,1.004890781
1.890000000,-0.010299710,0.019103333,1.008347671
1.895000000,0.048321304,0.054325375,1.008320996
1.900000000,0.014641567,-0.001421495,1.013878526
1.905000000,-0.024984640,-0.010977886,1.011125294
1.910000000,0.024073136,-0.020562255,1.005184881
1.915000000,-0.001054497,-0.065829963,1.005885191
1.920000000,-0.020524072,0.014585519,1.000744347
1.925000000,0.050464958,0.042174006,1.002253864
1.930000000,-0.027033037,-0.035293806,1.000907688
1.935000000,-0.033680340,0.021162252,1.011989336
1.940000000,0.006141963,0.018925453,1.004446169
1.945000000,-0.024568399,0.005768906,0.995377753
1.950000000,0.004260783,0.039041230,1.020673690
1.955000000,0.027684239,0.029283632,1.003886430
1.960000000,0.062890290,-0.020991442,1.001497944
1.965000000,-0.052595847,-0.064755799,1.008432937
1.970000000,-0.007484912,0.044131048,1.007768636
1.975000000,0.096636173,0.013303867,1.019619059
1.980000000,-0.085004296,-0.032750361,0.995285879
1.985000000,0.005930733,0.031110613,0.997664762
1.990000000,0.062349049,-0.014353606,1.014235586
1.995000000,-0.086216525,0.006854610,1.001645273
2.000000000,-0.002513311,-0.008206829,1.003798084
2.005000000,0.051041730,-0.007700720,1.017116120
2.010000000,-0.015132644,-0.008240365,0.998829865
2.015000000,-0.028830522,-0.072821553,0.993764728
2.020000000,0.041734501,0.007868897,1.012546833
2.025000000,0.014004083,0.039058418,1.006213273
2.030000000,-0.041839699,-0.036400559,1.004060349
2.035000000,0.046351409,-0.067490394,1.015825178
2.040000000,-0.003109353,0.010661520,1.021600913
2.045000000,-0.030653404,0.001054708,1.007834446
2.050000000,0.020861670,-0.081221862,1.011422093
2.055000000,-0.050955002,-0.005793088,1.007051277
2.060000000,-0.003219380,-0.005442682,1.001444426
2.065000000,0.009135144,-0.023994072,1.006942116
2.070000000,-0.059080825,0.024509775,1.001182243
2.075000000,-0.007514917,0.017396804,1.013815487
2.080000000,-0.001457055,0.005202991,1.004141070
2.085000000,0.012348565,-0.050701722,1.006060970
2.090000000,0.039769829,-0.065490231,1.007692338
2.095000000,0.015817140,-0.024959922,1.004436103
2.100000000,0.021255820,-0.031952953,1.014522967
2.105000000,-0.016245840,-0.011123317,1.000353017
2.110000000,-0.021259314,0.005234502,1.004377901
2.115000000,0.030566994,-0.007733615,1.006727760
2.120000000,-0.046111559,0.043690993,1.010937267
2.125000000,-0.072318915,-0.024267404,0.997430681
2.130000000,0.037326381,-0.090828931,0.999343975
2.135000000,-0.014967148,-0.015660580,1.019422996
2.140000000,-0.007868002,0.006940763,1.006768976
2.145000000,0.069954568,-0.035919477,1.015659372
2.150000000,-0.011740755,-0.062954599,1.009670217
2.155000000,0.030093270,0.035970946,1.008782449
2.160000000,0.031878731,0.037291699,1.015396165
2.165000000,-0.030894345,-0.000905218,0.992759777
2.170000000,0.016708607,-0.017208768,0.996524335
2.175000000,-0.010163704,-0.030727135,1.007825524
2.180000000,0.003283502,0.059509099,0.998582922
2.185000000,-0.020673822,-0.046244090,1.004937207
2.190000000,-0.010779094,-0.036149599,1.019586447
2.195000000,0.101894442,0.014410680,1.000430308
2.200000000,-0.004340970,-0.048340468,1.006272576
2.205000000,-0.048789256,-0.002850936,1.017195287
2.210000000,0.044649204,0.005512911,1.003833685
2.215000000,-0.025666854,0.007926449,1.015973541
2.220000000,-0.047446127,-0.021772660,1.002662451
2.225000000,0.002283069,0.019219350,0.998125729
2.230000000,-0.016680248,0.019941602,1.008433137
2.235000000,0.006440088,0.013427665,1.002471324
2.240000000,-0.027380181,-0.012157578,1.006111997
2.245000000,-0.027594353,-0.077644582,1.001839408
2.250000000,0.052262509,0.012655476,1.000991014
2.255000000,0.004253146,0.002787841,1.009827739
2.260000000,0.012714147,0.006819779,1.010058786
2.265000000,0.039856749,-0.027288499,1.007650245
2.270000000,-0.019235815,-0.021945890,1.012525169
2.275000000,0.008909419,0.057505535,1.014224269
2.280000000,0.018269241,-0.004683217,1.005090454
2.285000000,-0.024830219,-0.016557557,1.002786773
2.290000000,0.003000432,0.012040611,0.998333289
2.295000000,-0.021166720,0.012777978,1.001634432
2.300000000,-0.016112121,-0.045676736,1.015026486
2.305000000,0.051706301,-0.015553980,1.007754932
2.310000000,-0.028306392,0.001851429,1.020844851
2.315000000,0.006097911,-0.015715738,1.005219702
2.320000000,0.023314210,0.013980911,0.995293527
2.325000000,-0.032288104,-0.005128470,1.017960911
2.330000000,0.015874989,-0.013092659,0.996956586
2.335000000,-0.042989794,-0.010157135,1.008032930
2.340000000,0.018368996,0.047447525,1.015057987
2.345000000,0.012148567,-0.025202959,1.002129096
2.350000000,-0.042788097,-0.019015675,1.009760727
2.355000000,0.046996752,-0.007123085,0.999431085
2.360000000,-0.010290013,-0.063163532,1.002734006
2.365000000,0.021369241,0.028016983,1.010499820
2.370000000,0.045066137,-0.010761532,1.006269985
2.375000000,-0.039430355,-0.022325680,1.001688102
2.380000000,0.021571064,-0.045336393,1.013510094
2.385000000,0.029445751,0.010349363,1.024197679
2.390000000,-0.061368455,0.034203208,0.998262141
2.395000000,-0.014281941,-0.062078188,0.987731770
2.400000000,0.015690781,0.004665017,1.011029969
2.405000000,-0.025468561,-0.053580900,1.006449540
2.410000000,-0.018966032,-0.068702389,1.001373940
2.415000000,-0.012889936,-0.014329233,1.009784933
2.420000000,0.000431241,-0.038532045,1.001104026
2.425000000,0.015862958,-0.020288436,1.018429835
2.430000000,0.033352729,0.018852760,1.009031688
2.435000000,-0.039585827,0.019144881,0.998915427
2.440000000,-0.025911004,-0.031242312,1.016072563
2.445000000,0.028687308,-0.038901194,0.997737038
2.450000000,-0.017452018,-0.016903813,1.014481912
2.455000000,0.008103050,-0.001050279,1.017932480
2.460000000,0.009218054,-0.026994088,1.006406813
2.465000000,0.052413034,-0.005476451,1.020229269
2.470000000,-0.044972761,0.007699094,1.006686877
2.475000000,-0.081169861,-0.014666870,0.997948294
2.480000000,0.064623983,0.020053024,1.004255910
2.485000000,0.009808337,0.027192460,1.013425449
2.490000000,-0.005428870,-0.042439276,1.009842949
2.495000000,0.005217293,-0.016826860,1.004626730
2.500000000,0.015071237,0.063129095,1.009874034
2.505000000,0.013218582,-0.045128025,1.003781632
2.510000000,0.003274048,0.009208840,0.989517939
2.515000000,0.036359868,-0.010115621,1.009237018
2.520000000,0.000456917,-0.074113685,1.017783992
2.525000000,-0.034319058,0.066754595,0.991937150
2.530000000,-0.024948755,-0.033084845,1.012390662
2.535000000,0.025829155,-0.013711811,1.015098482
2.540000000,-0.040690489,-0.014226844,1.000571367
2.545000000,-0.023460794,-0.073534055,1.009583332
2.550000000,0.018413037,0.009683154,1.000525347
2.555000000,-0.018772513,-0.010745226,1.002251261
2.560000000,0.044248827,0.067118877,1.005565659
2.565000000,0.010911324,0.048846987,1.005472469
2.570000000,0.023257644,-0.021135424,1.010933095
2.575000000,0.023916911,-0.015374919,1.005902889
2.580000000,-0.007281232,-0.051518474,1.007612677
2.585000000,-0.004864462,-0.009282770,1.010520891
2.590000000,-0.055703657,0.015053372,1.007243729
2.595000000,0.012466000,-0.029126593,1.002018824
2.600000000,0.028451614,-0.016773004,0.999163082
2.605000000,-0.006251090,-0.029106570,1.007102623
2.610000000,-0.000871847,-0.033694298,1.007546726
2.615000000,-0.019919568,0.066562549,0.997948616
2.620000000,0.017640582,0.011718929,1.009036166
2.625000000,0.020952673,-0.039510451,1.009135185
2.630000000,0.021855399,-0.018983404,1.003226073
2.635000000,0.033097186,-0.041675851,1.012313546
2.640000000,-0.031940260,-0.016872973,1.017090655
2.645000000,-0.040362668,-0.022524767,1.005730280
2.650000000,-0.017924921,0.002331771,0.998097262
2.655000000,0.029423252,0.011202908,1.011944314
2.660000000,0.028095925,-0.003191929,1.008245028
2.665000000,-0.003457413,-0.049381845,1.003167463
2.670000000,0.032262274,-0.029197917,1.015689917
2.675000000,-0.029229431,0.040739773,1.011250426
2.680000000,-0.025524516,0.009658353,1.002926492
2.685000000,-0.003978684,0.022274515,1.005022241
2.690000000,0.013942587,-0.037452909,1.012193605
2.695000000,0.016652382,-0.044143547,1.002837236
2.700000000,-0.052021876,0.018379812,1.003724467
2.705000000,0.042599498,-0.000233011,1.011394027
2.710000000,-0.011400543,-0.012282062,0.999112645
2.715000000,-0.020563190,-0.027457322,1.006114622
2.720000000,0.037116535,-0.014929832,1.008566478
2.725000000,-0.067696595,0.002889116,1.009211153
2.730000000,0.031773378,0.038403513,1.013045345
2.735000000,0.019406800,-0.035108259,0.998254301
2.740000000,-0.087429127,-0.049868437,1.012289116
2.745000000,0.040976235,0.010634519,1.021637541
2.750000000,0.031589040,-0.023219126,1.011064595
2.755000000,-0.093487056,0.039332295,1.000956589
2.760000000,0.038463378,-0.011085603,0.998555884
2.765000000,0.077185459,-0.033549978,1.016689720
2.770000000,-0.061540003,0.033693154,1.003983178
2.775000000,0.011356844,-0.031706868,0.998044599
2.780000000,0.021248336,-0.017618604,1.009571419
2.785000000,-0.041600142,0.002640572,1.006908911
2.790000000,0.016395188,-0.037393587,1.002453531
2.795000000,-0.007353995,-0.039850842,1.007086014
2.800000000,-0.025043904,-0.015866074,1.015268447
2.805000000,0.015919268,-0.039764180,1.013254191
2.810000000,-0.003374748,-0.024946356,1.007664530
2.815000000,0.018051129,0.052182106,0.992715997
2.820000000,0.030387097,0.026428693,1.008573284
2.825000000,0.005000332,0.011924884,1.001437836
2.830000000,-0.009603610,0.004045483,1.001770136
2.835000000,-0.017983720,-0.079948290,1.014710780
2.840000000,-0.018507796,-0.050016462,0.988189623
2.845000000,-0.021497304,0.018385808,1.011208830
2.850000000,0.029045692,-0.000753278,1.011581640
2.855000000,0.004205694,0.006959525,1.005453681
2.860000000,0.002351930,-0.022059479,1.010968017
2.865000000,0.013592931,-0.043801625,0.994639886
2.870000000,0.008036967,-0.016982297,1.015235392
2.875000000,0.042096341,0.009209824,0.997616338
2.880000000,-0.006464085,0.019473367,1.008455492
2.885000000,0.030992040,-0.012345473,1.013390121
2.890000000,-0.040793373,-0.031018106,0.996377187
2.895000000,-0.012912076,-0.053713117,1.012577890
2.900000000,0.058062614,-0.028824086,1.011240687
2.905000000,-0.052407927,0.007897476,1.014572694
2.910000000,0.032850997,0.009221082,1.000784559
2.915000000,0.006648999,-0.038448483,1.005700321
2.920000000,-0.002821834,-0.049306753,1.002104627
2.925000000,0.028995945,0.039599210,0.998489024
2.930000000,-0.046993005,-0.009789222,1.012699265
2.935000000,-0.024392051,-0.012295302,1.007670871
2.940000000,-0.000671435,-0.007939919,1.014074349
2.945000000,-0.003367689,-0.015491838,1.011075298
2.950000000,-0.024586225,0.004746653,0.999732484
2.955000000,0.042719014,-0.011908282,1.005637112
2.960000000,0.039424545,0.076994259,1.022013761
2.965000000,-0.000469898,-0.003043485,1.007009995
2.970000000,0.021833490,-0.003862448,0.997328416
2.975000000,-0.021707952,0.002207499,1.011714255
2.980000000,-0.008209824,-0.060599594,1.000971753
2.985000000,-0.006065022,0.003837885,1.011832369
2.990000000,-0.048365206,-0.018203651,1.002542919
2.995000000,-0.009440408,0.023415299,0.995687016
3.000000000,0.011783543,-0.003825081,1.014883928
3.005000000,-0.049059234,0.026067107,1.007946256
3.010000000,-0.009770080,-0.002455072,1.009018142
3.015000000,0.046189764,0.005799054,1.009137862
3.020000000,0.035164431,0.037055185,0.998903078
3.025000000,0.006262236,-0.120615429,1.008642221
3.030000000,0.012083170,0.015092105,1.010291017
3.035000000,0.002538522,-0.030544320,0.998389595
3.040000000,-0.022569682,-0.037617673,1.016737652
3.045000000,0.012454163,0.054403250,1.003716029
3.050000000,-0.046321399,-0.023608243,0.990535269
3.055000000,0.001942706,0.026036768,1.012662299
3.060000000,0.005599126,-0.062424276,1.001078518
3.065000000,-0.014004898,-0.070227606,1.009368690
3.070000000,0.007482943,-0.042492663,1.017450644
3.075000000,-0.033721683,0.031129709,1.000843326
3.080000000,0.067046493,0.021339452,1.007909644
3.085000000,-0.034741073,-0.014814685,1.017573806
3.090000000,0.010336751,0.050587630,0.999345744
3.095000000,0.072918704,-0.079719789,1.001453485
3.100000000,-0.081020869,-0.035166535,1.016776308
3.105000000,-0.004879941,-0.014834777,1.002464277
3.110000000,-0.016602952,0.002068862,1.011511286
3.115000000,-0.029610708,0.001276045,1.012230185
3.120000000,0.041007709,-0.029279651,0.996104916
3.125000000,0.032884893,0.055971510,1.005291443
3.130000000,-0.033764076,-0.011066047,1.011530329
3.135000000,0.010389475,0.023490437,1.015348124
3.140000000,0.040827005,-0.050258802,1.005361914
3.145000000,0.002179386,-0.099356875,1.004180435
3.150000000,0.032243886,0.011848425,1.008032322
3.155000000,-0.049735084,0.042731995,0.999658794
3.160000000,0.016570759,0.049282979,1.003655004
3.165000000,0.015920551,-0.035594453,1.007896261
3.170000000,-0.065867457,-0.023877139,1.008820488
3.175000000,0.032006217,-0.042374098,1.006761127
3.180000000,0.014629365,-0.044340013,1.011469781
3.185000000,-0.041986228,-0.001145427,1.009993161
3.190000000,0.028269816,-0.037699040,1.018263011
3.195000000,0.055951178,-0.002721252,1.021475699
3.200000000,-0.042477042,0.036652861,0.984780275
3.205000000,0.003910988,0.041658375,1.001499124
3.210000000,-0.011350994,-0.033953576,1.009121456
3.215000000,-0.002999697,-0.069717619,0.989794018
3.220000000,0.021268268,-0.024014943,1.026589567
3.225000000,-0.100120531,-0.043600766,1.003081952
3.230000000,0.034307413,-0.014653873,0.989417963
3.235000000,0.036200648,0.072950723,1.018230330
3.240000000,-0.035342791,0.004951406,0.999551153
3.245000000,0.049341506,-0.027273410,1.007487844
3.250000000,-0.024096469,0.016426421,1.010849982
3.255000000,0.009761524,-0.062063756,1.009699452
3.260000000,0.087966121,0.014967516,1.012804057
3.265000000,-0.036858644,0.048914476,0.996904834
3.270000000,-0.013585331,-0.068870623,1.007952815
3.275000000,0.040274998,-0.042778590,1.006440935
3.280000000,-0.077105528,-0.007536692,0.992824768
3.285000000,-0.033137348,-0.039609844,1.007022315
3.290000000,0.006212951,-0.060927090,1.010029001
3.295000000,0.023175086,0.039292975,1.009256985
3.300000000,0.041392263,0.037379279,1.005853636
3.305000000,-0.009531620,-0.064324091,0.991192043
3.310000000,-0.002011346,0.004964017,1.013685956
3.315000000,0.029003494,0.053102068,1.011434076
3.320000000,0.033898177,0.015615369,0.997947476
3.325000000,-0.065507700,-0.055329467,1.015546553
3.330000000,-0.028240756,0.004074320,0.998564913
3.335000000,-0.007357830,0.038738796,1.004912006
3.340000000,-0.024916765,-0.027178939,1.015332598
3.345000000,0.076378814,0.044642408,1.002697358
3.350000000,-0.000300757,-0.001224519,1.016340552
3.355000000,-0.040034452,-0.008383187,0.995885224
3.360000000,-0.001868607,-0.020818907,1.002656144
3.365000000,-0.016554519,-0.030167038,1.023338902
3.370000000,-0.046561488,0.084850351,0.999973129
3.375000000,0.029802516,0.010478877,1.012486238
3.380000000,0.071132465,0.009059513,1.019941614
3.385000000,-0.021553217,-0.073048855,1.004346252
3.390000000,0.026183983,-0.088930388,1.016176217
3.395000000,-0.034386454,0.006903380,0.998676820
3.400000000,-0.063984755,-0.045103527,1.000483189
3.405000000,0.039204209,0.056298821,1.021645964
3.410000000,0.013844542,0.004666458,1.009396379
3.415000000,0.012174060,-0.058335403,1.003921268
3.420000000,0.025500624,-0.038379349,1.008591109
3.425000000,-0.003871498,-0.065055572,1.010487839
3.430000000,-0.026211864,-0.001915477,0.997816746
3.435000000,0.001210714,0.009174868,0.999264359
3.440000000,0.021408708,-0.035296485,1.017790332
3.445000000,0.037618115,-0.022301633,1.011738899
3.450000000,0.014370350,0.042981671,1.003691133
3.455000000,-0.018764597,-0.050215605,1.007913240
3.460000000,0.023807477,-0.016056732,1.013746086
3.465000000,0.001999716,0.009660341,1.000800437
3.470000000,-0.051326707,-0.043515162,0.995860194
3.475000000,-0.033820931,0.007552356,1.005452509
3.480000000,-0.010236678,-0.033114775,1.003746415
3.485000000,-0.040742223,0.072172671,1.006030470
3.490000000,0.012255004,-0.033921494,1.003955953
3.495000000,0.043151573,-0.068385967,1.010195920
3.500000000,-0.014649208,0.058696257,1.018098689
3.505000000,0.025447006,-0.038494592,0.999370236
3.510000000,-0.010365303,0.025249240,0.995707986
3.515000000,-0.018929360,0.005286348,1.006664511
3.520000000,0.013994591,-0.039322500,1.004137473
3.525000000,0.014562287,-0.018013969,1.007757418
3.530000000,0.022045584,-0.001307494,1.017070381
3.535000000,-0.046038711,0.028214638,1.010170968
3.540000000,0.052371840,-0.011404018,0.999139007
3.545000000,0.021539458,-0.037858032,1.008831780
3.550000000,-0.082461605,-0.028827464,1.005473571
3.555000000,0.037850789,0.026553321,0.995164765
3.560000000,-0.003722247,-0.063813810,1.023162180
3.565000000,-0.006913596,-0.040922209,1.011545799
3.570000000,0.037967900,0.053574508,0.996830992
3.575000000,0.016315300,-0.004083710,1.005412467
3.580000000,0.001197990,0.014589779,0.998176911
3.585000000,-0.031869918,-0.017333413,1.018476620
3.590000000,0.012929510,-0.009229107,1.006635692
3.595000000,-0.078492489,0.028039011,1.000562248
3.600000000,-0.033590386,-0.023947965,1.021511622
3.605000000,0.093427844,-0.020294396,1.001335882
3.610000000,-0.004893792,-0.013642862,1.003184775
3.615000000,-0.002635732,0.038107285,1.004415059
3.620000000,-0.013051417,0.054914849,0.999420648
3.625000000,-0.008703048,-0.075529923,1.007355359
3.630000000,0.018377483,-0.046396791,1.006465050
3.635000000,-0.006046029,-0.004806665,1.009295976
3.640000000,0.044202959,-0.036812618,1.008234432
3.645000000,0.002888550,-0.005702792,1.013253963
3.650000000,-0.009263972,-0.030245149,1.007634701
3.655000000,-0.016998073,0.021559990,0.989398623
3.660000000,-0.042771750,-0.011978801,1.012682001
3.665000000,-0.000516452,-0.053793364,1.012687040
3.670000000,0.002895872,-0.000263069,1.000170719
3.675000000,0.007888427,-0.007993127,1.008605702
3.680000000,-0.022953190,0.006950463,1.001862482
3.685000000,0.054164955,-0.009305660,1.011246589
3.690000000,0.059388539,-0.016832838,1.006799575
3.695000000,-0.034297314,-0.010639005,0.999105453
3.700000000,0.025649967,0.012768331,1.005932547
3.705000000,-0.009221404,-0.032824550,1.004611184
3.710000000,-0.009153337,-0.015857248,1.022363131
3.715000000,0.019163171,0.014589676,1.017296639
3.720000000,-0.019742699,-0.011280631,1.006453181
3.725000000,0.000472279,0.040521560,1.007911738
3.730000000,0.008767050,-0.070099917,1.003226204
3.735000000,0.009867705,-0.055472156,1.008004421
3.740000000,-0.045850474,0.000443614,0.999477080
3.745000000,-0.017079298,-0.041701885,1.006238947
3.750000000,0.033084817,0.034446190,1.009933155
3.755000000,-0.034374453,0.000602934,1.001539613
3.760000000,-0.039421389,-0.040643412,1.011370951
3.765000000,0.031089329,-0.012829134,1.004996290
3.770000000,-0.004490295,-0.038380470,1.000849547
3.775000000,-0.024962551,-0.004140905,1.014907021
3.780000000,0.082825912,0.063416181,1.016079235
3.785000000,-0.022204344,-0.016716636,1.005305547
3.790000000,-0.043405264,-0.001082225,1.003717948
3.795000000,0.013854131,-0.009589571,1.008835871
3.800000000,-0.053369646,-0.038315727,1.002339684
3.805000000,0.005017634,0.041914867,1.009459848
3.810000000,0.033919308,-0.026873491,1.012701963
3.815000000,0.053201224,0.053897824,0.994865099
3.820000000,-0.015750639,0.030426730,1.009976202
3.825000000,-0.018542540,-0.067600368,1.018972057
3.830000000,0.019662486,-0.023145968,0.996513936
3.835000000,-0.028045301,-0.002068706,1.003886453
3.840000000,0.050906703,0.045702186,1.020054387
3.845000000,-0.003421610,-0.024391424,0.998551369
3.850000000,-0.042876910,-0.000906317,0.991510247
3.855000000,0.029925445,-0.006856954,1.015512401
3.860000000,0.004012969,-0.030531875,1.004897780
3.865000000,-0.029411673,-0.025456301,1.005347502
3.870000000,0.021594215,-0.051503387,1.020592977
3.875000000,-0.011350479,0.032258353,1.004203971
3.880000000,-0.040703189,-0.004468248,0.999301058
3.885000000,0.061645848,-0.015677970,1.005360039
3.890000000,-0.005289250,-0.005130888,1.003034573
3.895000000,-0.014474951,-0.037564407,1.003328890
3.900000000,0.022819804,-0.034929021,1.004023205
3.905000000,-0.008743833,0.005471293,1.013150060
3.910000000,0.027657481,0.012371034,1.011480298
3.915000000,0.001082552,-0.039635446,0.991457269
3.920000000,-0.016264261,-0.054132179,1.010597103
3.925000000,-0.011317641,-0.027929576,1.012255068
3.930000000,0.034406091,0.042568489,0.997616746
3.935000000,-0.005839339,-0.032099690,1.014676682
3.940000000,-0.063350258,-0.040979404,1.001006102
3.945000000,0.016868255,-0.006440864,1.009745455
3.950000000,0.035123438,-0.007334131,1.012888174
3.955000000,-0.037059554,0.021849562,1.000833351
3.960000000,-0.038737781,-0.029838529,1.009599509
3.965000000,0.025324935,-0.016045139,1.003657458
3.970000000,-0.027604033,-0.072285531,1.013442526
3.975000000,-0.032693156,0.000757913,1.000862768
3.980000000,0.047385384,0.019181188,1.002211822
3.985000000,0.089483123,-0.019071050,1.005087562
3.990000000,0.014238462,0.075855166,1.003008348
3.995000000,-0.051517494,-0.065632859,1.010398714
4.000000000,0.032801515,-0.042320362,1.002389359
4.005000000,-0.019879769,0.000593579,1.012959944
4.010000000,0.002534561,-0.035254273,1.009289863
4.015000000,0.043296313,0.025880313,1.021125482
4.020000000,-0.063999845,0.034998978,1.015292031
4.025000000,-0.026795281,0.033000064,0.992150601
4.030000000,-0.005832764,-0.027172273,1.012921942
4.035000000,-0.033866080,0.039141233,1.012035517
4.040000000,0.005313179,-0.013100229,1.001786547
4.045000000,-0.002357785,-0.059218916,1.000663405
4.050000000,-0.013703835,0.016583972,1.001387424
4.055000000,0.018177225,-0.036888665,1.004393118
4.060000000,-0.004902420,0.032823206,1.015129165
4.065000000,-0.018518218,0.007967144,1.012306394
4.070000000,-0.004165004,-0.015278881,1.006097067
4.075000000,0.052985881,-0.001195255,1.008150656
4.080000000,0.063814650,-0.016028528,0.997592195
4.085000000,-0.049291176,0.028440615,1.002544315
4.090000000,-0.025724775,-0.046002857,1.001283603
4.095000000,0.016491588,-0.029295012,1.007973387
4.100000000,0.013443538,-0.003965459,1.002827840
4.105000000,0.020981013,0.045050356,1.008701903
4.110000000,0.002380758,0.008279664,1.019419687
4.115000000,0.019713433,-0.081060409,0.998766510
4.120000000,-0.036860848,-0.014851022,1.005254939
4.125000000,-0.013377024,-0.077362752,1.009381623
4.130000000,0.027894169,-0.017526838,1.009075357
4.135000000,-0.036963012,-0.021197981,1.000520007
4.140000000,0.031761155,-0.029770228,1.007060430
4.145000000,0.051207255,0.041962434,1.015352281
4.150000000,-0.008177730,-0.018597727,0.993804364
4.155000000,0.021474476,0.037683519,1.007456918
4.160000000,-0.001740481,-0.032653674,1.005167001
4.165000000,-0.010455612,0.011215320,1.004747581
4.170000000,0.011010293,-0.017312381,1.015590217
4.175000000,-0.039493673,-0.080199579,1.003521849
4.180000000,-0.044658170,0.054639296,0.999994559
4.185000000,-0.002093613,-0.038232834,1.008265158
4.190000000,0.024475914,-0.010452554,1.006267659
4.195000000,0.030641297,0.018489515,1.006796848
4.200000000,0.006468124,0.007628893,1.015463703
4.205000000,-0.014302056,-0.026226654,1.006398858
4.210000000,-0.009072320,-0.059471284,1.017933334
4.215000000,0.005988204,0.028370304,1.014821219
4.220000000,0.016229218,-0.009070337,1.003457309
4.225000000,-0.000865331,0.002508120,1.004862751
4.230000000,-0.022722741,-0.027874418,0.990972257
4.235000000,0.007812355,-0.003580069,1.015112640
4.240000000,-0.006688475,-0.018997296,1.009460309
4.245000000,-0.030868262,-0.019559385,0.995545160
4.250000000,-0.015887075,0.037188315,1.011585017
4.255000000,-0.025135810,-0.052645944,1.011565914
4.260000000,0.005608738,0.023823968,1.006951220
4.265000000,0.024683224,-0.016924973,1.003012487
4.270000000,-0.032051479,-0.042661824,1.010722560
4.275000000,-0.004326494,0.050184461,1.004396548
4.280000000,0.050227063,0.012251275,1.004203272
4.285000000,-0.048485049,-0.027636355,1.011492355
4.290000000,-0.004862148,-0.028316224,1.004100561
4.295000000,0.068298743,-0.018783027,1.010239588
4.300000000,0.001130751,-0.014797756,1.006497315
4.305000000,-0.001191124,0.046613959,1.001268152
4.310000000,-0.021455407,-0.037144935,1.006926411
4.315000000,0.011468200,-0.039887486,1.006330106
4.320000000,0.012779774,0.038347008,1.003790581
4.325000000,-0.040569854,-0.019067257,1.010090154
4.330000000,-0.034562917,-0.034111974,1.009422304
4.335000000,-0.023588457,-0.023140032,0.998499191
4.340000000,0.014124969,0.007821022,1.008035123
4.345000000,0.023664908,-0.064790328,1.005386696
4.350000000,0.022955525,-0.034873653,1.007571918
4.355000000,0.006766115,-0.004518226,1.023423593
4.360000000,0.029023025,-0.022155845,1.001893303
4.365000000,0.030496009,0.026411364,0.997932523
4.370000000,-0.022448277,0.002576021,1.004958702
4.375000000,-0.019246125,0.025513765,0.999777913
4.380000000,-0.030182384,-0.070796967,1.015643061
4.385000000,0.017315875,-0.027914185,1.010828604
4.390000000,0.021253627,0.078370922,0.994359150
4.395000000,0.011846251,0.010169697,0.999196774
4.400000000,0.036209831,0.000137613,1.013406157
4.405000000,-0.064687215,-0.003734205,1.015453615
4.410000000,-0.017717234,0.000082509,0.992628178
4.415000000,0.053848107,-0.025920399,1.008717243
4.420000000,-0.057245849,-0.005709637,1.016774529
4.425000000,0.024669996,-0.065693245,1.000063038
4.430000000,0.064952340,-0.038507306,1.011537156
4.435000000,-0.017890709,0.054644964,1.006304397
4.440000000,0.021232056,-0.008186624,1.007452632
4.445000000,-0.041510143,0.054534425,1.017158530
4.450000000,-0.011104248,-0.037681923,1.002136467
4.455000000,0.047113896,-0.056379139,1.010989136
4.460000000,-0.023372683,0.047314580,1.012211777
4.465000000,0.020784577,-0.076346822,1.005742151
4.470000000,-0.024292461,-0.090294787,1.011442864
4.475000000,-0.016614151,-0.017236625,1.000575108
4.480000000,0.069739011,0.031025869,1.011212214
4.485000000,-0.031227451,0.026002217,0.998385986
4.490000000,-0.001011369,-0.034400085,1.000690444
4.495000000,0.097021124,-0.035386955,1.025444432
4.500000000,-0.030314006,0.004632471,1.000862131
4.505000000,-0.063626402,-0.030488041,1.015774670
4.510000000,0.017246875,-0.026512302,1.010746843
4.515000000,-0.029015700,0.020369184,0.995052364
4.520000000,-0.048997665,-0.017964422,1.012641323
4.525000000,-0.001020830,-0.002213549,1.000871260
4.530000000,-0.017637334,-0.014875001,1.009328485
4.535000000,-0.050197017,0.037664513,0.993126142
4.540000000,0.037098526,0.001424000,1.002801237
4.545000000,0.081858063,-0.010885077,1.006286348
4.550000000,-0.035153201,0.072160922,0.999901511
4.555000000,-0.039342708,-0.103136996,1.027081705
4.560000000,0.081407561,-0.014685301,0.999406790
4.565000000,0.020055568,0.014339042,1.003801854
4.570000000,-0.065120845,-0.051529632,1.005054590
4.575000000,0.041304180,0.080896127,0.999683156
4.580000000,-0.026516288,-0.047603178,1.023842089
4.585000000,-0.075424928,0.005796569,0.999576083
4.590000000,0.020617059,0.025735368,1.000537920
4.595000000,-0.044937943,-0.075652276,1.017731876
4.600000000,-0.004612781,0.030730121,0.998215689
4.605000000,0.038681212,0.022659550,1.000165664
4.610000000,0.024201354,-0.068710390,1.021858429
4.615000000,0.051567153,-0.054310647,1.010525931
4.620000000,-0.040338396,-0.004007415,1.012425078
4.625000000,-0.041028389,-0.069088118,1.007857941
4.630000000,0.015060195,0.019131089,0.994699568
4.635000000,-0.005767292,0.026857076,1.016311642
4.640000000,-0.001877372,-0.058526910,1.000961251
4.645000000,0.011501565,0.074494834,0.996090351
4.650000000,-0.006629758,-0.009838261,1.010554131
4.655000000,-0.028566714,-0.057299803,0.999336859
4.660000000,0.032291918,0.027544777,1.007695781
4.665000000,0.011145917,-0.030921881,1.010800600
4.670000000,-0.043492372,-0.023373284,1.007434422
4.675000000,0.037113127,0.021799303,1.009749810
4.680000000,0.010048494,-0.034469712,1.002742613
4.685000000,0.003997802,-0.006215256,1.002876177
4.690000000,0.093539652,0.072972933,1.016568695
4.695000000,0.035645647,-0.036706566,1.011098394
4.700000000,0.008276220,-0.048286735,1.009688692
4.705000000,0.008908149,0.015313921,1.006178939
4.710000000,-0.031313529,0.001121346,0.999450908
4.715000000,-0.021557731,0.002489329,1.009621715
4.720000000,0.001218310,-0.059556648,1.008145816
4.725000000,0.022879650,-0.025556699,1.009374656
4.730000000,-0.016784563,0.022740765,1.001085331
4.735000000,-0.059960032,-0.035332750,1.001085771
4.740000000,0.018927121,-0.015237217,1.014079584
4.745000000,-0.010787590,0.009374321,1.001729877
4.750000000,-0.035455229,-0.002007572,0.999140374
4.755000000,0.056050690,-0.013375521,1.006103535
4.760000000,0.014256117,-0.030679525,1.017194940
4.765000000,-0.000767118,-0.024362818,1.010531331
4.770000000,0.000141392,0.005382139,0.998076964
4.775000000,-0.053632356,0.053362011,1.000996181
4.780000000,-0.032534021,-0.022811760,1.007745309
4.785000000,0.036505632,-0.049329213,1.007365754
4.790000000,-0.024959931,-0.004818510,1.001656642
4.795000000,-0.077600127,-0.014431842,1.010805914
4.800000000,0.057517485,0.018097406,1.010395263
4.805000000,-0.006154565,-0.095268699,1.013198862
4.810000000,0.016657205,-0.014778750,1.007360746
4.815000000,0.049905362,0.033786726,0.991192452
4.820000000,-0.043230214,-0.053437600,1.002972557
4.825000000,0.054302194,0.071131113,1.015132573
4.830000000,-0.016496856,-0.030127239,1.006986488
4.835000000,-0.007731937,-0.024234728,1.004661879
4.840000000,-0.001016691,0.028092921,1.010745618
4.845000000,-0.052855153,-0.008288208,1.003775319
4.850000000,0.040155828,0.008183502,1.007345982
4.855000000,0.032151465,-0.081443410,1.012979889
4.860000000,0.004005008,-0.013846673,1.004177378
4.865000000,-0.000351183,-0.024071261,1.007169913
4.870000000,0.016255358,-0.015214073,1.008314483
4.875000000,-0.066905634,0.005856837,1.006270849
4.880000000,-0.036712160,-0.017316477,1.011776494
4.885000000,0.001409119,0.010487573,0.999022255
4.890000000,0.011492676,-0.023273746,1.008783499
4.895000000,0.032892549,0.049022931,1.016803638
4.900000000,-0.045373450,-0.000691941,0.996704502
4.905000000,0.075232121,-0.029513855,1.006964824
4.910000000,-0.025335551,-0.017930862,1.014018798
4.915000000,-0.023417674,-0.007951846,1.010376289
4.920000000,0.085364357,0.036234799,1.013939105
4.925000000,-0.058993434,-0.036414882,1.008383893
4.930000000,-0.017000198,-0.017845063,1.001450520
4.935000000,0.009474276,-0.025740703,0.997074482
4.940000000,0.025885513,0.005950085,1.016150853
4.945000000,0.009179368,0.018581424,1.005268323
4.950000000,-0.022271541,-0.003725194,0.995525612
4.955000000,0.009258058,0.026054191,1.010530072
4.960000000,0.014325798,-0.073676793,1.005779751
4.965000000,-0.031684731,-0.030028947,1.010247065
4.970000000,-0.018138081,0.035903781,1.001801684
4.975000000,0.021728049,-0.013612028,1.002745160
4.980000000,-0.038653149,0.022695789,1.006254320
4.985000000,0.044718608,-0.005959390,1.004294611
4.990000000,0.005540385,-0.048926197,1.003634525
4.995000000,0.005593504,0.025604231,1.000791444
5.000000000,0.028815459,0.000475957,1.020681886
5.005000000,-0.010814235,-0.002919448,1.011810563
5.010000000,0.019097189,0.015102903,0.993833668
5.015000000,-0.083342827,-0.090348909,1.006154452
5.020000000,0.020262435,-0.041024905,1.012762100
5.025000000,-0.010510827,-0.020942517,1.001153030
5.030000000,-0.033630009,-0.016356683,1.008223214
5.035000000,0.076347735,0.061309946,1.015789422
5.040000000,0.036448280,-0.014062807,1.001885932
5.045000000,0.031181639,0.003708282,1.013056538
5.050000000,-0.046438156,-0.022649073,1.012701185
5.055000000,0.035956193,-0.086594566,1.001172237
5.060000000,-0.021463515,0.040074084,0.998999235
5.065000000,-0.087776021,0.033868882,1.001248132
5.070000000,0.035889541,-0.053612043,1.007214842
5.075000000,-0.002879556,-0.019982443,1.012478055
5.080000000,0.033749144,-0.022836663,1.010586439
5.085000000,-0.036480552,-0.041563107,1.003288952
5.090000000,-0.038410782,0.001092562,1.002942524
5.095000000,0.088432021,-0.000708160,0.997504936
5.100000000,-0.028763404,-0.013613714,1.004371041
5.105000000,-0.011854760,0.012124093,1.011147019
5.110000000,0.068669543,0.013073974,1.006649409
5.115000000,-0.045041542,-0.031107737,1.015077701
5.120000000,-0.032795719,-0.078189661,1.003195028
5.125000000,0.009086909,-0.015940266,0.994043522
5.130000000,0.007324151,0.029520541,1.009206709
5.135000000,0.022830848,-0.033802599,1.018274189
5.140000000,-0.014692724,0.008185198,1.006159090
5.145000000,-0.005819365,0.035877935,1.005052555
5.150000000,-0.042277230,-0.047827950,1.002298398
5.155000000,-0.035985101,-0.029078580,1.003970574
5.160000000,0.010301979,0.014158051,1.012685200
5.165000000,0.016966718,-0.022568588,1.000557683
5.170000000,-0.007438262,-0.013061012,1.011016341
5.175000000,-0.008139659,0.012690725,1.002746513
5.180000000,0.055974579,-0.015352576,1.009196697
5.185000000,0.006822591,0.016500101,1.022087135
5.190000000,-0.015483437,0.015520062,1.001205437
5.195000000,-0.025206124,-0.038708417,1.017087829
5.200000000,0.014195641,0.005133394,1.006187249
5.205000000,0.024597096,0.012070490,1.007341100
5.210000000,-0.016590482,-0.049977919,1.014610381
5.215000000,0.017982101,-0.031468110,1.001051003
5.220000000,-0.033715915,0.008530913,1.012160512
5.225000000,0.042400483,0.014634787,1.014049878
5.230000000,-0.029599878,0.034177538,1.010985762
5.235000000,-0.037018427,-0.031753142,0.992724547
5.240000000,0.088904944,-0.066961229,1.005652896
5.245000000,-0.042797895,0.015462735,1.008634973
5.250000000,0.026017034,0.031381719,0.995868257
5.255000000,0.028718285,0.020425124,1.016053205
5.260000000,0.002891414,-0.000750419,1.010395712
5.265000000,0.027176101,-0.054430708,1.014061263
5.270000000,-0.071077936,-0.045469689,1.011077617
5.275000000,0.024015276,0.007113779,0.993062499
5.280000000,-0.008431851,0.039526550,1.000579040
5.285000000,-0.035012441,-0.002895953,1.003550024
5.290000000,0.044344709,-0.021782772,1.009841522
5.295000000,0.001794855,0.032736705,1.006962217
5.300000000,0.008254083,-0.031775305,1.000855328
5.305000000,-0.003270683,-0.046942147,1.009927104
5.310000000,-0.003206120,0.021004032,1.011424124
5.315000000,-0.011359328,-0.025924361,1.002964183
5.320000000,0.004049434,0.024052426,1.001372577
5.325000000,0.011708686,-0.031709268,1.001003335
5.330000000,-0.039214380,-0.093800200,1.006894468
5.335000000,0.024188366,0.027789270,1.014579430
5.340000000,-0.009708868,0.007664250,1.003206762
5.345000000,-0.017148744,0.049938863,1.006486646
5.350000000,0.025430480,0.005237538,1.008717333
5.355000000,-0.025633598,-0.089485250,0.995129346
5.360000000,0.008631017,-0.038631571,1.002357572
5.365000000,-0.031530919,-0.044003719,1.011350682
5.370000000,0.002162780,0.028068432,1.005258438
5.375000000,0.006911377,-0.011220355,1.009327665
5.380000000,-0.051138382,-0.068220264,1.015271773
5.385000000,0.093357674,0.031970112,1.004705900
5.390000000,0.041376843,0.022366138,1.001247815
5.395000000,-0.069507918,-0.047263449,1.007537590
5.400000000,-0.002206542,-0.053317146,1.007788569
5.405000000,-0.004643681,-0.017574422,0.998845193
5.410000000,-0.044411913,0.021624745,0.997471052
5.415000000,-0.018842020,0.044556953,1.019477806
5.420000000,0.012346888,-0.016242107,1.011389142
5.425000000,0.003663818,-0.047159146,1.001877681
5.430000000,0.009181341,0.010402203,1.002949566
5.435000000,0.064458181,0.000543494,1.012372259
5.440000000,0.031272206,-0.030771998,1.011768103
5.445000000,-0.081415858,-0.035940406,0.998688171
5.450000000,0.020444934,-0.027549545,1.008713686
5.455000000,0.059727168,0.029324668,0.998882150
5.460000000,-0.081189264,-0.008581005,1.011103919
5.465000000,-0.012558033,-0.024762453,1.012627043
5.470000000,0.045418153,0.031481220,1.000379279
5.475000000,-0.042246666,-0.015860609,1.023124414
5.480000000,-0.041678504,-0.002991068,1.005521114
5.485000000,0.042370640,-0.033729994,1.011974327
5.490000000,0.053245945,-0.006878554,1.012155770
5.495000000,0.009292643,0.011913493,0.993689761
5.500000000,0.016941515,-0.071631300,1.006358942
5.505000000,-0.002248115,0.066641163,1.007393141
5.510000000,-0.002208481,0.030534528,1.010304505
5.515000000,0.003743714,-0.030605078,1.013422633
5.520000000,-0.029981720,0.004285901,1.009217303
5.525000000,0.023261810,-0.022646654,1.000756618
5.530000000,-0.023818295,0.004014682,1.002202600
5.535000000,-0.028830846,-0.060852339,1.018978840
5.540000000,0.061756670,-0.007847848,1.003569259
5.545000000,-0.061476238,0.024753699,0.999609904
5.550000000,0.025139071,-0.015024377,1.020060657
5.555000000,0.062837131,-0.000204632,1.011437258
5.560000000,-0.063432660,-0.019834591,1.009588248
5.565000000,0.014676617,-0.009491573,1.007339069
5.570000000,0.001577379,0.002943271,0.994813554
5.575000000,0.004426048,-0.021574851,1.004997934
5.580000000,0.017292067,-0.055324516,0.998093559
5.585000000,-0.001903264,0.005669831,1.012334881
5.590000000,-0.058462152,-0.019297848,1.016489428
5.595000000,-0.001223686,-0.020650936,0.991578850
5.600000000,0.045376070,-0.007040666,1.003193789
5.605000000,-0.058299881,-0.032674170,1.003716289
5.610000000,0.047931064,0.069600298,1.012597957
5.615000000,0.009346081,-0.005834555,1.014773014
5.620000000,0.000184415,0.004885464,1.007448648
5.625000000,-0.000752493,0.017113785,1.001502920
5.630000000,-0.006049382,-0.069917435,0.998124119
5.635000000,0.026463077,0.035375503,1.011247387
5.640000000,-0.075648847,-0.015300603,1.007535445
5.645000000,0.040676136,-0.072914210,1.011418260
5.650000000,-0.055411363,-0.052889054,0.997786162
5.655000000,0.019300464,0.018942345,1.001524735
5.660000000,0.100944612,0.058219616,1.003810185
5.665000000,-0.046128305,-0.040373901,0.991826726
5.670000000,0.021472163,0.046531910,1.012169173
5.675000000,-0.036694542,-0.045988804,1.004302854
5.680000000,0.015846112,-0.073449291,1.012851228
5.685000000,-0.053670800,0.056890738,1.011056969
5.690000000,0.013273196,-0.079235828,0.997146753
5.695000000,0.071464102,0.048288956,1.014261052
5.700000000,-0.090845094,0.032841720,1.002851697
5.705000000,0.070141379,-0.069781987,1.000098560
5.710000000,-0.001479450,0.028992789,1.017694285
5.715000000,-0.033143474,-0.062834874,1.008170946
5.720000000,0.000902512,0.006643588,0.999632899
5.725000000,-0.045703461,0.002626554,1.013088683
5.730000000,0.041348958,-0.023553716,1.018238077
5.735000000,0.017255863,-0.016779424,1.007648156
5.740000000,-0.012858954,-0.036289698,0.998704062
5.745000000,-0.015999439,0.064029894,1.007311640
5.750000000,0.013494950,-0.026827808,1.006831481
5.755000000,0.001359572,-0.030544842,1.000860858
5.760000000,0.036181654,0.004491323,1.011978580
5.765000000,0.024898721,-0.007494499,1.006273072
5.770000000,-0.001877049,-0.056846526,1.026036119
5.775000000,0.004588584,-0.065746825,1.015080314
5.780000000,-0.085429459,0.077557465,0.992440757
5.785000000,-0.006261388,0.012171752,1.018708427
5.790000000,0.029872439,-0.023456039,1.010154997
5.795000000,-0.031328387,-0.013683345,0.998284097
5.800000000,-0.001660458,-0.072638640,1.002979068
5.805000000,0.013101392,0.001675186,1.013590313
5.810000000,0.012762554,0.019427761,1.007873159
5.815000000,0.023370000,-0.054260771,1.000367279
5.820000000,0.011124578,0.024271556,1.014932814
5.825000000,-0.010973137,0.023274344,1.008548749
5.830000000,-0.022175954,-0.012317950,1.007458641
5.835000000,-0.012168456,0.035422801,1.008991779
5.840000000,0.025803213,-0.078059930,1.000362398
5.845000000,0.017911856,-0.012769482,1.004856528
5.850000000,-0.021257333,-0.002102400,1.001271007
5.855000000,-0.089342271,-0.023703535,1.002023693
5.860000000,0.025995940,0.021593061,1.022221881
5.865000000,0.053188900,-0.079543927,1.013029500
5.870000000,-0.071678890,0.017019204,0.993342563
5.875000000,0.052273031,0.011192111,1.008552700
5.880000000,-0.004556445,0.002806556,1.004415599
5.885000000,-0.022992475,0.002278969,0.997342049
5.890000000,0.051075982,-0.019183527,1.007731673
5.895000000,-0.031461492,0.031648271,1.004730869
5.900000000,0.000873600,-0.022973501,1.002735319
5.905000000,0.007047194,0.011706618,1.010928040
5.910000000,0.023228275,-0.039766359,1.002957655
5.915000000,0.030673110,0.004027413,1.004143572
5.920000000,0.011659235,0.054638659,1.014449690
5.925000000,0.016863849,-0.016739125,0.997274040
5.930000000,-0.007218677,-0.031760951,1.010820346
5.935000000,-0.001056008,-0.038728909,1.007860781
5.940000000,0.038749265,0.031491319,1.000531221
5.945000000,-0.011920825,-0.031079028,1.011828309
5.950000000,-0.038604790,-0.039215863,1.004806665
5.955000000,0.033020970,0.020734497,1.002497225
5.960000000,-0.044261404,-0.034243482,0.996925661
5.965000000,-0.014368537,-0.030841252,1.011080228
5.970000000,0.020860284,-0.000335381,1.016776687
5.975000000,-0.026291097,-0.037053404,1.009841593
5.980000000,-0.007025692,-0.018929796,1.003744199
5.985000000,-0.018962674,0.004088700,0.996373974
5.990000000,0.015424550,-0.048326116,1.010389957
5.995000000,0.025227981,0.002825380,1.007952717
6.000000000,0.093824144,-0.025546456,1.011166525
6.005000000,0.002114886,-0.011840585,1.008281060
6.010000000,-0.047047607,0.033576364,0.998627464
6.015000000,0.029592530,0.008525647,1.004004890
6.020000000,-0.066651928,-0.007817525,1.001079604
6.025000000,0.013201439,-0.058978880,1.013978922
6.030000000,0.023860341,0.006385783,1.011667433
6.035000000,-0.035151710,-0.029863557,1.006713916
6.040000000,-0.016070637,0.005829400,1.016473727
6.045000000,-0.010174975,0.023676441,1.011003536
6.050000000,-0.019037793,-0.042788666,1.011558663
6.055000000,-0.039999862,0.020378814,1.008730096
6.060000000,0.043301366,-0.021741422,1.006929185
6.065000000,0.036845604,-0.027111007,1.008860838
6.070000000,0.033924935,-0.047555081,1.004584741
6.075000000,-0.013546699,0.032711190,1.013064583
6.080000000,-0.076897078,0.037495319,1.008255229
6.085000000,-0.044043223,-0.060459944,1.012382285
6.090000000,-0.018988017,0.036265274,1.014499360
6.095000000,0.063095335,-0.024322343,1.002209944
6.100000000,-0.022894719,0.000451479,1.012562966
6.105000000,0.007705746,0.029381300,1.002840803
6.110000000,0.092096827,-0.047741306,1.008099639
6.115000000,-0.035100966,0.039977256,1.001721732
6.120000000,-0.003995104,0.025753623,0.998998118
6.125000000,0.003092279,-0.019997068,1.013925770
6.130000000,-0.024254277,-0.009608509,0.991743328
6.135000000,0.008738186,-0.016331766,1.002782098
6.140000000,-0.019518383,-0.029406518,1.008243466
6.145000000,-0.003127426,-0.067943730,1.004648120
6.150000000,0.000122214,-0.003152370,1.011508522
6.155000000,-0.011593302,0.012456844,1.002456479
6.160000000,0.033822470,-0.041639515,0.999363173
6.165000000,0.061989893,0.000856129,1.004100891
6.170000000,-0.011730319,-0.037596957,1.013593258
6.175000000,-0.062817242,-0.040940040,0.988305371
6.180000000,-0.007398500,0.028148163,1.004827841
6.185000000,-0.030357482,-0.009016300,1.012778668
6.190000000,0.013515295,-0.017872967,0.991056304
6.195000000,0.044947909,-0.021608167,1.017675515
6.200000000,-0.028364618,-0.057041074,1.015027603
6.205000000,0.042215948,-0.017052709,1.006267024
6.210000000,0.031573768,0.023129316,0.999434540
6.215000000,-0.026993737,0.036124558,1.003406097
6.220000000,0.000235713,0.018462441,1.019495852
6.225000000,0.018685040,-0.024953412,1.018301949
6.230000000,0.039422526,0.002643043,1.005227589
6.235000000,-0.048482335,-0.033757395,0.998636279
6.240000000,-0.036185837,-0.034542863,1.010181514
6.245000000,0.038283391,-0.012361996,1.010954820
6.250000000,-0.013057306,-0.058368086,1.008494094
6.255000000,0.021958648,0.027487629,1.008553020
6.260000000,0.024222831,0.045424316,1.005430390
6.265000000,-0.057948121,0.034514714,1.005608393
6.270000000,-0.001373724,-0.042283500,1.017602555
6.275000000,0.034650530,-0.063725992,1.007761097
6.280000000,-0.003774837,0.029031972,0.999419837
6.285000000,-0.006147478,-0.042297490,1.009111334
6.290000000,0.003609601,0.042959720,0.994184809
6.295000000,0.001531233,0.016774829,1.015196436
6.300000000,-0.038657319,-0.051823520,1.005068022
6.305000000,0.034660170,0.007529870,0.999354052
6.310000000,0.033018461,-0.042190387,1.033504488
6.315000000,-0.068980473,0.008522723,1.009999092
6.320000000,0.029345777,-0.029570284,0.999584891
6.325000000,0.018731672,-0.073506351,1.001406984
6.330000000,-0.039595786,-0.007006155,1.008691513
6.335000000,0.026029707,0.057513128,1.001407074
6.340000000,0.033835575,0.011067167,1.004978085
6.345000000,0.010568583,-0.034334489,1.017281732
6.350000000,-0.033502699,0.026584795,0.993870977
6.355000000,-0.010244868,-0.058745403,1.007643234
6.360000000,-0.032213914,-0.028482268,1.007217375
6.365000000,-0.040928319,0.048122188,1.006605751
6.370000000,0.084404718,0.011704628,1.012480285
6.375000000,0.007510170,-0.019084201,0.999550957
6.380000000,-0.056222488,-0.046825495,1.010778377
6.385000000,0.041092769,-0.004377197,1.002748962
6.390000000,0.007108653,-0.012021903,1.004280240
6.395000000,-0.022406667,-0.000356656,1.005855693
6.400000000,-0.014238621,0.031891695,0.999572396
6.405000000,0.015255110,-0.005923983,1.012911553
6.410000000,0.025990691,-0.019786589,1.009067826
6.415000000,-0.033206986,-0.000731425,1.006748900
6.420000000,-0.006378897,-0.022492395,1.000466440
6.425000000,-0.014852542,-0.036743465,1.004127139
6.430000000,-0.013937412,0.044805692,1.014698503
6.435000000,-0.005647997,0.031402242,1.004929807
6.440000000,-0.015772654,-0.065201780,1.005315758
6.445000000,0.086837310,0.002793857,1.005912786
6.450000000,0.047876118,0.003429415,1.012996874
6.455000000,-0.070170851,-0.066613847,1.011495372
6.460000000,-0.014874620,-0.011490949,0.998402964
6.465000000,0.029038646,-0.024296415,1.007781579
6.470000000,-0.011052480,0.037133556,1.009068782
6.475000000,0.019298839,0.033377559,1.011663059
6.480000000,0.015915401,-0.064915539,1.005981277
6.485000000,-0.021360109,-0.025845844,1.006551528
6.490000000,0.027674847,-0.031459538,1.011502851
6.495000000,0.014011031,-0.024537285,0.997066855
6.500000000,-0.013506176,-0.040900903,1.017380101
6.505000000,-0.027504421,-0.011181315,1.004521514
6.510000000,-0.030986547,-0.013458630,1.004013269
6.515000000,-0.029574936,-0.024755096,1.022773679
6.520000000,-0.051587231,0.026728069,0.989929322
6.525000000,-0.010636790,-0.045864549,1.005449666
6.530000000,0.016870745,-0.001429259,1.019396512
6.535000000,-0.004024973,-0.038933639,1.003132661
6.540000000,0.050421444,-0.004683149,1.008432907
6.545000000,0.051711877,0.047207749,1.004846184
6.550000000,-0.030109356,-0.070992829,1.001440244
6.555000000,0.057407089,0.006210360,1.015092109
6.560000000,0.000710518,-0.002817915,1.008495781
6.565000000,-0.066404112,0.013220908,1.002383174
6.570000000,0.068579199,0.014699487,1.012605462
6.575000000,-0.029224606,-0.031596345,0.991359761
6.580000000,-0.022901471,0.022282778,1.002093376
6.585000000,0.043935146,-0.027723026,1.005203428
6.590000000,-0.027958943,0.017352081,0.997879527
6.595000000,-0.007859239,0.037928031,1.018555792
6.600000000,0.011289374,-0.031376118,1.007490537
6.605000000,-0.010394506,-0.041006974,1.012477298
6.610000000,-0.073194477,-0.000760969,1.001597075
6.615000000,0.034767677,0.043102887,1.007913675
6.620000000,0.020019666,0.003387432,1.011080055
6.625000000,-0.015130242,-0.033410316,0.991036671
6.630000000,0.100184938,-0.037069040,1.018176171
6.635000000,-0.015470865,-0.011918326,1.006697224
6.640000000,-0.002907841,0.025088890,1.001635246
6.645000000,-0.019632033,0.013105257,1.015683209
6.650000000,-0.034062181,-0.053288749,1.012502951
6.655000000,0.029726670,-0.013910533,1.000648497
6.660000000,-0.033940611,0.020960849,0.993739515
6.665000000,0.001941152,-0.022388928,1.015971273
6.670000000,-0.040079002,0.030432812,1.002760408
6.675000000,0.042168651,0.003622242,1.005047024
6.680000000,0.025605704,-0.052199607,1.005895542
6.685000000,-0.063580929,-0.032933166,1.004130632
6.690000000,0.035257811,-0.009361594,1.017270991
6.695000000,-0.032766289,-0.008176494,1.012334083
6.700000000,0.035129031,-0.026273035,1.011002805
6.705000000,0.024281181,-0.007985899,0.997580667
6.710000000,-0.013495067,-0.029537304,1.002886580
6.715000000,0.054956829,-0.000857394,1.008405183
6.720000000,-0.008118733,0.032434865,1.014481975
6.725000000,0.021207173,-0.033880877,1.019534378
6.730000000,-0.001320780,-0.037774071,1.006711512
6.735000000,-0.036052016,-0.005221299,1.011247669
6.740000000,0.004208233,-0.004177469,1.002178161
6.745000000,0.081854473,0.000705025,1.006849796
6.750000000,-0.047541394,0.005654669,1.008529122
6.755000000,-0.036292325,-0.025295169,0.999266934
6.760000000,0.115643389,-0.060584044,1.014127297
6.765000000,-0.106736464,-0.012824003,1.009200846
6.770000000,-0.025341337,0.037332703,0.999043569
6.775000000,0.052829277,-0.008662575,1.005604879
6.780000000,-0.037724599,-0.071763808,1.006288781
6.785000000,-0.009174672,-0.036575456,1.002065975
6.790000000,-0.055390097,0.028888458,1.003307986
6.795000000,0.021538046,-0.016060025,0.993660876
6.800000000,0.012595411,-0.022542324,1.006698486
6.805000000,0.015526928,0.038106864,1.018178103
6.810000000,0.015523217,0.007774684,1.001761975
6.815000000,-0.026778150,-0.019413033,1.013938845
6.820000000,-0.027076142,-0.026167411,1.006902665
6.825000000,-0.024652599,-0.011262127,0.995005049
6.830000000,-0.007077040,0.015000246,1.013296692
6.835000000,-0.018605023,0.001043214,0.997291089
6.840000000,0.018590324,-0.023585139,0.999873098
6.845000000,-0.026828973,-0.039231162,1.018624070
6.850000000,0.059181960,0.010116215,0.997793695
6.855000000,0.030807617,-0.006382107,1.006249307
6.860000000,-0.057668945,0.006959520,1.011546524
6.865000000,0.055731599,0.057596360,0.998258189
6.870000000,-0.067354112,-0.069634943,1.017725312
6.875000000,-0.041703315,-0.020046687,0.996665639
6.880000000,0.109931553,0.073654799,1.004197981
6.885000000,0.015564043,-0.025797351,1.019189569
6.890000000,-0.032415068,-0.004803126,0.986651510
6.895000000,0.042469595,-0.014543736,1.021928778
6.900000000,0.002754901,-0.031688879,1.018760653
6.905000000,-0.003874854,-0.010022508,0.999605173
6.910000000,0.013439806,-0.036670413,1.016862212
6.915000000,-0.043947747,0.045103804,1.001725406
6.920000000,0.023830653,-0.020203052,1.011416799
6.925000000,-0.038054738,-0.069914178,0.997243320
6.930000000,-0.033561268,0.019029931,1.004836134
6.935000000,0.031525205,-0.038999175,1.024006248
6.940000000,-0.031926934,0.004339886,1.001789596
6.945000000,0.010981308,0.034586320,1.004839864
6.950000000,0.020710478,-0.042933759,1.004258377
6.955000000,-0.030246319,-0.057265017,1.005647738
6.960000000,0.001354698,-0.038811308,1.011158827
6.965000000,0.108753472,0.026503530,1.010802458
6.970000000,0.007118953,0.013598476,1.011216575
6.975000000,-0.058492178,0.005067332,1.001456084
6.980000000,0.010856878,-0.021985930,1.008550879
6.985000000,-0.048088763,-0.069394721,1.012316283
6.990000000,-0.028534085,0.003420090,1.011417657
6.995000000,0.057020550,-0.027360156,1.006360794
7.000000000,0.072934612,-0.027531887,1.006800475
7.005000000,0.016229125,0.028222311,1.001471396
7.010000000,0.006726362,-0.011339464,0.999778178
7.015000000,-0.025146963,0.004437226,1.014217882
7.020000000,-0.052413533,0.004395914,1.003373975
7.025000000,-0.048890684,-0.026180305,1.001376504
7.030000000,0.022518801,-0.022309707,1.007036896
7.035000000,0.048318696,0.039671871,1.006929178
7.040000000,-0.052326167,0.033931030,1.011264779
7.045000000,0.059373521,-0.012327357,1.003716630
7.050000000,0.007116057,0.024540224,1.007075222
7.055000000,-0.033438887,-0.068799728,0.999540510
7.060000000,0.057075635,-0.035820114,1.002817798
7.065000000,-0.048405358,0.040674286,1.012724178
7.070000000,-0.014859808,-0.047936815,1.010827706
7.075000000,0.006951073,0.036583963,1.008128667
7.080000000,-0.027333177,-0.002193697,0.997698623
7.085000000,0.016219084,-0.022070812,1.014254779
7.090000000,0.042047760,0.024141664,1.008226671
7.095000000,-0.022800437,-0.092722200,0.994640166
7.100000000,0.018697580,0.022211008,1.007333587
7.105000000,0.057918014,0.023048195,1.011507670
7.110000000,-0.051626157,-0.050029324,1.011689057
7.115000000,-0.028162067,0.034545302,1.000982683
7.120000000,-0.012648336,-0.031495540,1.007440595
7.125000000,-0.020277439,-0.055724108,1.000646364
7.130000000,-0.001966884,-0.031912625,0.996189020
7.135000000,0.014474883,-0.019567384,1.014619327
7.140000000,0.017805535,-0.009288604,1.012704817
7.145000000,0.002001248,-0.024881397,1.008829456
7.150000000,-0.015522875,0.000366913,1.001031529
7.155000000,0.007612121,-0.010246470,1.003037028
7.160000000,0.053168519,-0.018852432,1.006726844
7.165000000,-0.016194396,-0.003444070,1.012432510
7.170000000,-0.010063127,0.007689303,1.006185832
7.175000000,-0.016201476,-0.008188228,0.995142565
7.180000000,-0.000149590,-0.014972691,1.009724043
7.185000000,0.011931084,0.010321811,1.007827355
7.190000000,-0.036700679,0.011217684,1.007614872
7.195000000,-0.029142271,-0.030983660,1.008722297
7.200000000,0.005151961,-0.044669315,1.011897488
7.205000000,0.083565766,-0.001489987,1.006225709
7.210000000,-0.018392192,0.019154635,1.008437368
7.215000000,-0.011664648,0.035479846,1.008095127
7.220000000,-0.024153532,0.003145224,1.007137193
7.225000000,-0.040598729,0.008219471,1.018138171
7.230000000,0.033175055,-0.003768605,0.994901190
7.235000000,-0.075237019,-0.062443612,1.006158971
7.240000000,0.041854210,-0.005549115,1.011161154
7.245000000,0.017470597,-0.016902338,1.000807152
7.250000000,-0.070036523,0.004632808,1.014658266
7.255000000,0.032160651,-0.009180997,1.004446865
7.260000000,0.008150543,-0.055739355,1.009392956
7.265000000,-0.008050718,0.014161595,1.009153016
7.270000000,-0.025882816,0.000416209,0.999991004
7.275000000,0.011128799,0.014378956,1.009074923
7.280000000,-0.005697356,-0.028579582,1.009593230
7.285000000,-0.019304904,-0.016904664,1.001552796
7.290000000,0.034686779,0.011864349,1.013187505
7.295000000,0.027168525,-0.017086889,1.009233013
7.300000000,-0.022606848,0.036883311,1.000667852
7.305000000,-0.009722684,-0.053639621,1.014587137
7.310000000,0.037659391,-0.013457623,0.992457993
7.315000000,-0.021178926,-0.002235134,1.005136473
7.320000000,-0.002464371,-0.039085270,1.012181765
7.325000000,0.029950350,0.056953811,1.001797595
7.330000000,0.000695751,-0.056713438,1.015079794
7.335000000,-0.003097904,-0.061099075,1.009365585
7.340000000,0.024463241,0.027119687,1.009482506
7.345000000,0.054048565,-0.021631291,1.005868984
7.350000000,0.013797812,-0.043767243,1.003480122
7.355000000,0.006460064,-0.026399318,1.003106672
7.360000000,0.033604589,-0.017654168,1.012371791
7.365000000,-0.031591596,0.028214036,1.005059680
7.370000000,-0.073608051,-0.006564924,1.005295769
7.375000000,0.047916613,-0.074648182,1.016361194
7.380000000,0.021392854,0.025571259,0.997849258
7.385000000,-0.042275347,-0.013463002,1.009468551
7.390000000,0.044222450,-0.016269764,1.001874063
7.395000000,0.041326630,0.043528662,1.001530850
7.400000000,0.001875293,-0.039960536,1.011571649
7.405000000,-0.010471694,-0.016841195,1.000689998
7.410000000,0.005950549,-0.019655677,1.011288733
7.415000000,-0.036692965,0.011006984,0.998925357
7.420000000,0.025629518,0.025440990,1.000016530
7.425000000,0.022348187,-0.012178640,1.008256075
7.430000000,-0.059440364,0.028910714,1.004454180
7.435000000,0.053562307,0.002861427,1.002980224
7.440000000,-0.040234060,-0.039902121,1.011775881
7.445000000,-0.037176847,-0.016918212,1.016698996
7.450000000,0.039446091,0.016222358,0.994695388
7.455000000,-0.051409640,-0.015251858,1.007933971
7.460000000,-0.007623848,0.007672123,1.009384153
7.465000000,0.020425891,0.006610417,0.999851177
7.470000000,0.017883371,-0.045848418,1.019821928
7.475000000,-0.026931211,0.020282796,1.005918706
7.480000000,0.042158726,0.012202943,1.003216955
7.485000000,0.031751764,-0.066675947,1.018843890
7.490000000,-0.103837978,-0.026747403,1.003157201
7.495000000,0.014468049,0.004127756,0.999335690
7.500000000,-0.015300870,-0.029851085,1.011260577
7.505000000,-0.072202938,0.049585946,1.005939349
7.510000000,0.018636208,0.016065744,1.010938924
7.515000000,0.025971473,-0.087935553,1.007900922
7.520000000,-0.014761951,0.003084418,1.006673633
7.525000000,-0.033021824,-0.000204780,1.003955978
7.530000000,0.016615817,-0.042088472,0.999820387
7.535000000,-0.030501546,0.009298854,1.006709746
7.540000000,-0.009309722,-0.008149702,1.005809811
7.545000000,-0.006658928,-0.046541496,1.020916498
7.550000000,0.002102805,-0.001088063,1.007065540
7.555000000,0.066098900,0.024577834,0.990385671
7.560000000,-0.027298826,-0.016955653,1.018460912
7.565000000,0.027785025,-0.007944827,1.010638573
7.570000000,0.008838227,0.001607388,0.996284570
7.575000000,0.009460460,-0.055761744,1.017634057
7.580000000,0.032319747,-0.016626033,1.011782882
7.585000000,-0.088519021,0.049648594,0.999811869
7.590000000,0.036697615,-0.020349718,1.010792798
7.595000000,0.014600855,-0.034144294,1.010224128
7.600000000,-0.044280171,-0.052957216,1.007802925
7.605000000,0.037230158,-0.027735195,1.018935582
7.610000000,0.000509158,0.035758397,1.011836644
7.615000000,-0.014843080,-0.036602106,0.998134368
7.620000000,0.020102626,-0.007997115,1.008895789
7.625000000,0.037045486,0.006036710,1.004535477
7.630000000,-0.018006964,0.036684389,0.995142809
7.635000000,0.004244288,0.010093845,1.005204868
7.640000000,0.017512622,-0.060041475,1.005075030
7.645000000,0.000776821,0.013304534,1.009956775
7.650000000,0.000899019,-0.016325448,1.000553986
7.655000000,-0.003871152,0.003498237,0.996194822
7.660000000,0.026914628,-0.014724551,1.005911883
7.665000000,-0.027005379,-0.035346865,1.012073384
7.670000000,-0.010269718,0.012278719,1.011230925
7.675000000,0.039604684,-0.009127792,0.998207811
7.680000000,0.020106713,0.034417835,1.010205370
7.685000000,-0.007643234,-0.014553429,1.005127599
7.690000000,0.011292300,-0.058411803,1.015668313
7.695000000,0.043107844,-0.014351239,1.019840391
7.700000000,0.009729845,0.005671947,0.987843086
7.705000000,-0.009243517,-0.012655772,1.000045266
7.710000000,-0.015785936,-0.022041266,1.014457137
7.715000000,-0.005120555,0.003402553,1.008257699
7.720000000,-0.038282632,-0.025330380,1.004840133
7.725000000,0.019322896,-0.029110787,1.011857244
7.730000000,0.032660667,0.032680734,1.011676150
7.735000000,-0.055028497,-0.005436510,0.998748158
7.740000000,0.033259584,-0.068975605,1.006525904
7.745000000,0.005691583,0.020749661,1.015391303
7.750000000,-0.018750665,0.014743000,1.014973646
7.755000000,0.033613062,0.017342001,1.008647220
7.760000000,-0.013258205,-0.024597162,1.005077238
7.765000000,-0.017477944,-0.086790021,0.991526044
7.770000000,-0.072636018,0.040017434,1.003168171
7.775000000,-0.002244037,-0.012028707,1.009946698
7.780000000,0.015910282,0.031222501,1.002973560
7.785000000,-0.053247229,0.030054786,1.017122890
7.790000000,0.107634269,-0.064355684,1.010977118
7.795000000,-0.000184104,-0.009238754,1.005459848
7.800000000,-0.046712072,-0.042940712,1.005972540
7.805000000,0.082714572,0.009211192,1.007669036
7.810000000,-0.073392057,-0.029059777,1.013014514
7.815000000,-0.037000444,-0.006418533,1.000115673
7.820000000,0.011497275,0.023315509,0.992121255
7.825000000,-0.046399484,-0.044619570,1.009938808
7.830000000,0.001190890,0.042457680,1.013249604
7.835000000,0.031299244,0.009729828,1.006343820
7.840000000,-0.010113932,-0.033191767,1.017566633
7.845000000,-0.040674908,-0.042171172,1.003655025
7.850000000,0.042688068,0.016336171,0.999942977
7.855000000,-0.039235000,0.012746893,1.004090898
7.860000000,-0.009818456,-0.102999669,1.002354285
7.865000000,0.062587444,0.002862715,1.015041772
7.870000000,-0.021045643,0.042184103,1.000405573
7.875000000,0.022762649,-0.043239426,1.001686737
7.880000000,0.014688729,-0.016979719,1.016981134
7.885000000,-0.021556444,-0.019213895,0.999030718
7.890000000,-0.029651758,0.003248085,0.998320225
7.895000000,0.028047543,0.015938411,1.011790611
7.900000000,0.009579097,-0.039360448,1.012300363
7.905000000,-0.023678844,0.022587189,1.020193388
7.910000000,0.029204583,-0.017049817,1.000904401
7.915000000,0.002491713,-0.014860044,1.001151067
7.920000000,0.031926719,0.046388291,1.016417027
7.925000000,-0.009784048,-0.058050207,0.995863470
7.930000000,-0.020417383,-0.015357733,1.004847421
7.935000000,0.061728486,-0.020778872,1.007312097
7.940000000,-0.019303541,-0.025679688,1.016400029
7.945000000,-0.069265079,0.041082333,1.005316061
7.950000000,0.045617506,0.045023888,0.998693126
7.955000000,0.017748278,0.023573052,1.022990484
7.960000000,-0.011314962,-0.044934252,1.003438419
7.965000000,-0.001885626,-0.023322887,1.008089548
7.970000000,-0.046997707,-0.042206365,1.005708485
7.975000000,0.061874194,-0.007826054,1.007579491
7.980000000,-0.026557210,0.021277975,1.008235803
7.985000000,-0.024969881,-0.045121416,0.999366247
7.990000000,0.075384326,-0.021542483,1.013970353
7.995000000,-0.009649321,-0.004797042,1.000141680
8.000000000,-0.016982588,0.005235426,1.008715288
8.005000000,-0.010388300,0.025844207,1.008365367
8.010000000,-0.000132286,-0.063798051,1.010225845
8.015000000,-0.037510284,-0.108002732,1.014003131
8.020000000,0.051263062,0.063239397,1.003383002
8.025000000,0.007632854,-0.017742347,1.006834347
8.030000000,0.023278586,-0.070175015,0.996080773
8.035000000,0.044769036,0.035110667,1.002411783
8.040000000,-0.113980856,-0.051486447,1.001641909
8.045000000,0.037004508,0.008957493,1.019320096
8.050000000,-0.050319673,-0.007345967,1.002237977
8.055000000,-0.029057812,-0.018916897,0.993827001
8.060000000,0.056089441,0.006651088,1.027208360
8.065000000,-0.017146853,-0.050101505,0.999343608
8.070000000,0.047134216,0.017085618,0.998974364
8.075000000,-0.000494356,0.012651658,1.010787884
8.080000000,-0.013245615,-0.015768106,1.016633591
8.085000000,-0.040535278,-0.025539613,1.017734196
8.090000000,0.031983811,0.022388909,1.000605352
8.095000000,-0.034649229,0.033765685,1.003770800
8.100000000,-0.035278675,-0.028037504,0.993431415
8.105000000,-0.000845436,-0.022436407,1.001189043
8.110000000,-0.023491563,0.029755455,1.009881530
8.115000000,0.108876455,0.029135416,1.005142424
8.120000000,-0.032173310,-0.018063710,1.017424523
8.125000000,0.047366531,0.012207647,1.010721944
8.130000000,0.045490876,-0.034605958,1.008009203
8.135000000,-0.028960596,0.003919506,1.009292492
8.140000000,0.046654959,0.019077248,1.001865986
8.145000000,-0.017218514,-0.038930652,1.001623051
8.150000000,0.003042746,0.018543859,1.001376477
8.155000000,-0.025830384,-0.004960521,1.011569288
8.160000000,0.030354266,-0.018846889,1.008208523
8.165000000,-0.035916886,-0.019321873,1.006573030
8.170000000,0.016068191,0.038337210,1.009367104
8.175000000,0.049450971,0.015420604,1.004676257
8.180000000,-0.048959660,-0.102425063,1.018115042
8.185000000,0.003874084,-0.039882425,0.996310138
8.190000000,-0.055561038,0.026704358,0.996987681
8.195000000,0.044348440,0.027357462,1.007544713
8.200000000,-0.042497215,-0.063401891,0.996656595
8.205000000,-0.047153379,-0.053857558,1.014104975
8.210000000,0.052195445,0.034591021,1.004657434
8.215000000,-0.024066713,-0.003584530,1.011011825
8.220000000,0.024860792,0.001456977,1.003243113
8.225000000,-0.035673781,-0.012643761,1.006533817
8.230000000,0.007786024,-0.052535235,1.011536000
8.235000000,0.001485391,-0.022885291,0.998717773
8.240000000,-0.006892282,-0.025215851,1.018369233
8.245000000,-0.010575421,-0.038313307,0.997002319
8.250000000,-0.018772340,-0.003969301,1.011733909
8.255000000,0.031840339,0.009801663,1.008324082
8.260000000,-0.078078996,-0.018289659,1.006049167
8.265000000,-0.008273522,-0.003449409,1.017744496
8.270000000,-0.043359696,0.021793096,0.988297109
8.275000000,-0.030938475,-0.044109374,1.013388641
8.280000000,0.071569938,-0.023502305,1.007640364
8.285000000,-0.006095115,-0.009017948,1.011976562
8.290000000,0.065075156,-0.055553443,1.021168430
8.295000000,0.022856020,0.033610316,1.004204502
8.300000000,-0.034485626,0.017555054,1.016003796
8.305000000,-0.002913727,-0.030422030,1.004251364
8.310000000,0.016586998,-0.007130518,1.006157193
8.315000000,0.052049331,-0.026236315,0.999914246
8.320000000,-0.006826977,-0.006475308,1.011807207
8.325000000,-0.016696753,0.002921207,1.008140807
8.330000000,-0.008502802,-0.013994114,0.990817272
8.335000000,0.010132833,0.005126855,1.017910601
8.340000000,-0.012420859,0.008123027,1.009310443
8.345000000,-0.020529083,-0.025709411,1.006053759
8.350000000,0.064925341,0.010007432,1.011448537
8.355000000,-0.006810546,-0.030483489,1.003157881
8.360000000,-0.004573241,-0.033379866,1.014177740
8.365000000,0.071586496,0.048301218,1.010173083
8.370000000,0.011293586,0.005281610,1.002204294
8.375000000,0.015981263,0.020993982,1.011330861
8.380000000,0.003777086,-0.015467937,1.000102375
8.385000000,-0.053419626,-0.027876958,1.001738613
8.390000000,-0.060013700,-0.021011669,1.005546472
8.395000000,-0.000122914,-0.003668558,0.997682696
8.400000000,0.011367769,0.073896675,1.014669589
8.405000000,-0.001161273,-0.005631112,1.002154785
8.410000000,0.085935223,-0.014742039,0.995660443
8.415000000,-0.003373604,-0.009465131,1.003012415
8.420000000,-0.067635028,-0.027967821,1.006085517
8.425000000,0.036991006,-0.035465991,1.022888325
8.430000000,-0.001962649,-0.058961674,1.010253294
8.435000000,-0.060696065,0.001277118,0.998357433
8.440000000,-0.004945604,0.017314471,0.995916431
8.445000000,0.031446270,-0.011208590,1.015268017
8.450000000,-0.021211926,-0.038725903,1.012264489
8.455000000,0.004334336,-0.011268599,0.995001983
8.460000000,0.034180479,0.004217107,1.008591444
8.465000000,-0.006227677,0.014722277,1.004528258
8.470000000,0.005629397,-0.011586083,1.012433671
8.475000000,-0.009408135,-0.009780701,1.009294362
8.480000000,-0.008366856,0.016901267,0.998177234
8.485000000,0.016778208,-0.035849890,1.007330074
8.490000000,0.000774066,0.000418621,1.014376054
8.495000000,-0.013677322,-0.028572167,1.006790213
8.500000000,0.025827204,0.017580453,1.002238810
8.505000000,0.006438827,0.010018599,1.004910487
8.510000000,-0.042268567,-0.090574068,1.002272675
8.515000000,0.032235559,-0.010920445,1.016323051
8.520000000,-0.018933035,-0.014747456,1.004942031
8.525000000,-0.051856750,0.003756161,1.006770770
8.530000000,0.054807655,-0.033238809,1.017476135
8.535000000,0.008932548,-0.068323163,1.000085753
8.540000000,-0.020248597,0.014257125,0.997982696
8.545000000,-0.002937958,0.008923271,1.005468427
8.550000000,-0.010696673,0.023717751,1.028326719
8.555000000,-0.010488571,0.010880061,1.003438867
8.560000000,-0.009932639,-0.026484568,0.996816486
8.565000000,0.022700748,-0.039878142,1.017285332
8.570000000,-0.026790304,-0.030463426,1.000336786
8.575000000,-0.006341676,-0.032923831,1.009036012
8.580000000,0.000475515,-0.020475223,1.006974161
8.585000000,-0.023694150,0.010429496,0.995840827
8.590000000,0.042615349,0.002411638,1.005496670
8.595000000,-0.082425376,0.002440979,1.015571867
8.600000000,-0.019538419,-0.003962520,1.006165053
8.605000000,0.083411610,-0.009704099,0.999140532
8.610000000,-0.055080137,-0.033650196,1.011022379
8.615000000,0.014731961,-0.019502678,1.008038611
8.620000000,0.048143935,0.008391690,1.007054925
8.625000000,0.023211938,0.056232027,1.007481998
8.630000000,-0.004346817,0.015233011,1.011589520
8.635000000,-0.013533038,-0.075285311,1.006949207
8.640000000,0.035633937,-0.000919907,1.001884060
8.645000000,-0.036120660,-0.005410543,1.016792479
8.650000000,0.032468186,0.014274127,1.012058237
8.655000000,0.050535110,0.029757562,1.012428573
8.660000000,-0.021624415,-0.048494676,1.000139794
8.665000000,-0.015714300,-0.014756212,1.002644131
8.670000000,-0.040093263,0.031485795,1.009827134
8.675000000,0.030709740,-0.024221378,1.002062058
8.680000000,0.002834811,-0.079307380,1.013280926
8.685000000,-0.035681905,0.031412232,1.003362344
8.690000000,0.072911077,-0.006319128,1.001603446
8.695000000,0.026205837,-0.001236220,1.003413392
8.700000000,-0.052795843,0.068898031,0.999602775
8.705000000,-0.024628122,-0.079031687,1.013973788
8.710000000,-0.043314700,-0.026627444,1.014339095
8.715000000,-0.017568693,0.001318094,1.003913054
8.720000000,-0.006179508,0.001637555,1.002066846
8.725000000,0.005789699,0.026770084,1.010890832
8.730000000,0.038590513,-0.085707532,1.014886899
8.735000000,0.005230328,-0.042479131,0.996108180
8.740000000,0.043932016,0.013085253,1.001940298
8.745000000,-0.009494147,0.044186109,1.017072914
8.750000000,-0.017503248,0.015569564,0.993209225
8.755000000,0.008182333,-0.063014130,1.008867652
8.760000000,0.003069117,-0.026362431,1.016077429
8.765000000,0.051720110,0.005314135,0.993344895
8.770000000,-0.028540889,0.009981808,1.016509300
8.775000000,0.011394872,-0.011918364,1.011679185
8.780000000,-0.018581126,-0.020544730,1.002050661
8.785000000,-0.029016320,-0.018200665,1.010505581
8.790000000,0.026341022,0.007833838,1.004135789
8.795000000,0.023296951,-0.001042048,1.003862120
8.800000000,0.084442324,-0.059202870,1.012577419
8.805000000,-0.040419211,-0.011890920,1.003248445
8.810000000,-0.023506148,0.010688194,0.996355409
8.815000000,-0.024879213,0.004394867,1.008600721
8.820000000,-0.009671910,0.064150284,1.006719404
8.825000000,0.017865181,-0.003207538,1.014930701
8.830000000,-0.049151181,-0.084262970,1.006544339
8.835000000,0.070335248,-0.006886900,1.006910290
8.840000000,-0.051584350,-0.000238381,1.014843142
8.845000000,0.024754954,-0.032898068,0.996053874
8.850000000,0.024672456,0.037371044,1.007628747
8.855000000,-0.089099406,0.024808657,0.998613163
8.860000000,0.073985508,-0.064440307,1.005872577
8.865000000,-0.072473829,-0.016681035,1.015153135
8.870000000,-0.046828986,0.029816974,1.000995483
8.875000000,0.048191662,-0.060860443,1.008910663
8.880000000,0.001004971,-0.024310976,1.009766580
8.885000000,-0.004133743,0.031028065,1.011096612
8.890000000,-0.007852552,-0.049786876,1.001448186
8.895000000,0.059717886,-0.047959499,1.004537474
8.900000000,-0.023027339,-0.017488024,1.005569941
8.905000000,-0.004050899,-0.001962361,1.008749122
8.910000000,0.011102237,0.006749555,1.012989867
8.915000000,-0.085712773,-0.045331083,0.993121132
8.920000000,0.023555863,-0.028193237,1.007060565
8.925000000,0.032280522,0.018782825,1.009876431
8.930000000,-0.065499409,0.001146968,1.009141529
8.935000000,0.036271754,0.008312252,1.012709750
8.940000000,0.000605317,-0.036029807,1.003519427
8.945000000,-0.030628607,-0.062670445,1.004858687
8.950000000,0.043364112,0.023332536,1.009565258
8.955000000,-0.007553537,-0.000364330,1.004509356
8.960000000,0.048908535,0.022768522,1.009922958
8.965000000,-0.007744887,0.014620521,1.016848806
8.970000000,-0.017257875,-0.074287200,0.999196047
8.975000000,0.008688230,0.025369422,0.998705844
8.980000000,-0.024298579,0.002624057,1.009628096
8.985000000,0.055481028,-0.009713600,1.013434248
8.990000000,-0.025708794,0.028261097,1.007549678
8.995000000,0.014156176,-0.034656939,1.008356059
9.000000000,0.052400878,0.007153967,1.007810975
9.005000000,-0.008279468,-0.016707536,0.999588051
9.010000000,0.007237248,-0.000831354,1.017310045
9.015000000,-0.023487491,0.001849568,1.005583711
9.020000000,-0.032578896,-0.044680141,0.998440171
9.025000000,-0.029079106,0.003433354,1.010619039
9.030000000,0.012597099,0.011867567,1.001399651
9.035000000,-0.024657983,0.029935113,1.001416957
9.040000000,-0.028635345,-0.038942584,1.003067121
9.045000000,0.037067879,-0.030439083,1.007940415
9.050000000,0.052510369,0.018611412,1.008320833
9.055000000,0.030522811,0.001408793,1.003838152
9.060000000,-0.024792114,0.049841057,1.016097788
9.065000000,0.009070357,-0.020815789,1.014474849
9.070000000,0.002797004,-0.068111670,1.001246984
9.075000000,-0.019763595,-0.061143770,1.011377006
9.080000000,0.042683412,0.018515914,1.004046909
9.085000000,-0.009648850,0.072936196,1.000192797
9.090000000,-0.057737253,-0.031274727,1.011707483
9.095000000,0.032251321,-0.034420654,1.005415832
9.100000000,-0.047812339,-0.024837230,1.005330582
9.105000000,-0.022346969,-0.040464641,1.007017219
9.110000000,0.055136366,-0.003850641,1.022188848
9.115000000,-0.039005532,0.042307178,1.003126244
9.120000000,0.032332692,-0.022068556,0.991877165
9.125000000,0.009206400,-0.056677550,1.016366803
9.130000000,0.033938372,0.008807843,1.001190743
9.135000000,-0.009936572,-0.011085159,1.004620091
9.140000000,-0.088265686,-0.035766691,1.000376980
9.145000000,0.093878381,-0.066742442,1.011014278
9.150000000,0.001099686,-0.000930641,1.014801624
9.155000000,-0.073675362,0.018999332,0.994931878
9.160000000,0.025010604,0.015385775,1.013528918
9.165000000,0.000004349,0.025939832,1.001250212
9.170000000,0.008218137,-0.074397812,1.011595558
9.175000000,0.042165992,0.004035659,1.013313638
9.180000000,-0.003347907,0.000748619,0.999484474
9.185000000,0.014579564,-0.029853157,1.011130662
9.190000000,0.012236249,0.025534437,0.998736766
9.195000000,-0.044447853,-0.030534013,0.999320613
9.200000000,0.008151948,-0.039937284,1.001596797
9.205000000,-0.017684731,0.026561572,1.008971818
9.210000000,0.021587270,0.026297592,1.011679645
9.215000000,0.016684216,-0.082165507,1.006278425
9.220000000,-0.002581695,-0.018596060,1.007898040
9.225000000,0.034181902,0.017002738,1.008172399
9.230000000,-0.077549400,-0.016656570,1.016811882
9.235000000,-0.041999295,-0.018741212,1.004929937
9.240000000,-0.002197110,-0.034011527,1.008230351
9.245000000,0.006947828,0.034187870,1.008148373
9.250000000,0.041479152,-0.022078290,1.007585592
9.255000000,0.032302193,0.003947991,1.016281302
9.260000000,-0.000294117,-0.003243138,1.000741733
9.265000000,-0.013825136,-0.026567423,1.004891822
9.270000000,0.044582627,0.018695362,1.007531400
9.275000000,-0.011320724,-0.046570274,1.006908618
9.280000000,-0.044556776,0.000727043,1.000867737
9.285000000,-0.022849902,0.007509370,1.005895767
9.290000000,0.028717092,0.036733207,1.017030425
9.295000000,-0.010202532,-0.014994398,0.996143514
9.300000000,-0.056626681,-0.010693383,1.005008272
9.305000000,0.037015241,0.083044775,1.007400971
9.310000000,-0.038263145,-0.070120438,1.003762388
9.315000000,-0.002143547,-0.060471437,1.023840661
9.320000000,0.077012403,-0.013203453,1.001169054
9.325000000,-0.022746432,-0.028943570,1.005146904
9.330000000,-0.003864099,0.024075736,1.017488286
9.335000000,-0.053065404,0.001467292,0.995441334
9.340000000,-0.053433727,-0.029575331,1.002063310
9.345000000,0.075544974,-0.025079713,1.002914713
9.350000000,-0.010218152,0.005968710,0.999369246
9.355000000,0.006665475,-0.020419358,1.009368240
9.360000000,0.041208563,-0.034250901,1.007815700
9.365000000,-0.056538267,-0.009618496,1.000547287
9.370000000,0.002432570,-0.023514788,1.009475384
9.375000000,0.012211727,0.034479289,1.018405486
9.380000000,0.030922973,0.044202629,1.006457912
9.385000000,0.009517610,-0.078713164,1.006222725
9.390000000,-0.022213020,-0.007896211,1.011767365
9.395000000,0.018293701,0.021420304,1.009726203
9.400000000,0.009873265,-0.003555820,1.005680854
9.405000000,0.021615186,0.046462700,0.997190338
9.410000000,-0.002290925,-0.059501189,1.006901982
9.415000000,0.029748967,0.020717009,1.010655591
9.420000000,-0.052187097,-0.007228023,1.004415238
9.425000000,-0.027466753,-0.076745770,1.020917198
9.430000000,0.077220490,0.032123538,1.004618392
9.435000000,-0.023781252,-0.031733626,0.991216238
9.440000000,0.042299069,-0.010707300,1.014194313
9.445000000,0.016438952,-0.048739515,1.009437181
9.450000000,-0.033010362,-0.020788284,1.010072862
9.455000000,0.026132549,0.058439895,1.004131773
9.460000000,-0.018947774,-0.051778635,0.996646838
9.465000000,-0.011416669,0.030124471,1.013417808
9.470000000,-0.003017443,0.043975611,1.008664653
9.475000000,-0.020825018,-0.080356549,1.014476148
9.480000000,0.011201458,-0.004378118,1.018300428
9.485000000,-0.006572614,-0.032445198,1.004432594
9.490000000,-0.009095785,-0.089948820,0.999379618
9.495000000,0.046343234,0.009835377,1.007406255
9.500000000,0.002103066,-0.007980563,1.004205309
9.505000000,-0.027030432,0.000152001,0.996087672
9.510000000,0.003910616,-0.012589441,1.007403268
9.515000000,0.000753204,-0.032794554,1.002732743
9.520000000,-0.051213535,0.006434268,1.009447226
9.525000000,0.016437441,-0.001763442,1.019740909
9.530000000,0.032075601,0.037805428,0.997833746
9.535000000,-0.068331810,-0.063529560,1.004985162
9.540000000,0.042628220,-0.023765320,1.028418340
9.545000000,0.019543378,0.062788551,1.008604152
9.550000000,-0.023474632,-0.010356963,0.987065494
9.555000000,0.014345698,-0.042751780,1.019381938
9.560000000,-0.002341090,-0.033471186,1.011216192
9.565000000,0.005545384,0.068648350,0.990567813
9.570000000,-0.012497152,0.024721589,1.008491490
9.575000000,0.023287541,-0.017996909,1.000820497
9.580000000,-0.035795662,-0.004439785,1.003536033
9.585000000,-0.010739784,-0.017032015,1.008555496
9.590000000,-0.009739202,-0.038092833,1.009357306
9.595000000,-0.017360205,-0.013070150,1.008082237
9.600000000,0.039402286,0.014685902,1.004644986
9.605000000,0.018181973,-0.066192741,1.011212576
9.610000000,0.021057153,0.055541605,1.007940593
9.615000000,-0.086629951,0.025628942,1.011775510
9.620000000,0.011063235,-0.034774846,0.998950119
9.625000000,-0.001846812,0.023364633,0.998266424
9.630000000,-0.069703058,-0.064564535,1.014666072
9.635000000,0.096954359,-0.027424630,1.010422347
9.640000000,0.032038744,0.032968152,1.005432643
9.645000000,-0.047783969,-0.005093876,0.993444229
9.650000000,-0.019333652,-0.050180086,1.011800595
9.655000000,0.050777069,0.003700238,1.015471364
9.660000000,-0.034811773,-0.022054559,1.003396148
9.665000000,-0.054881880,-0.014469533,1.015605042
9.670000000,0.036942609,0.005937202,0.991897365
9.675000000,0.012046644,-0.064117687,1.007457449
9.680000000,0.028224191,-0.006330505,1.010259476
9.685000000,0.021688618,-0.012689094,0.993621108
9.690000000,0.035041567,0.026814884,1.016595202
9.695000000,-0.076638506,-0.025249030,1.004798570
9.700000000,-0.034637411,-0.002170043,1.009521312
9.705000000,0.044632978,0.007748978,1.008393405
9.710000000,-0.058196086,-0.090769502,0.995817265
9.715000000,0.041444170,0.008919258,1.009966206
9.720000000,0.023010145,-0.034275519,1.010913202
9.725000000,-0.012892181,0.025156644,1.012471430
9.730000000,0.045272882,0.011418088,1.007809008
9.735000000,0.005790532,-0.033028903,1.008633812
9.740000000,0.012109615,0.037326273,1.008472112
9.745000000,-0.017225036,-0.017799729,1.010262261
9.750000000,0.018197884,0.012303402,1.008037562
9.755000000,0.035878799,-0.035105566,1.005581645
9.760000000,-0.047242177,-0.031819577,1.005564319
9.765000000,0.032908528,-0.041662879,1.002921859
9.770000000,0.003478975,-0.007808706,1.013017230
9.775000000,-0.017395219,0.071608309,1.010326195
9.780000000,0.074267652,-0.018816605,1.015491848
9.785000000,-0.047214302,-0.024184562,1.012704501
9.790000000,-0.011591507,-0.020292906,1.005463089
9.795000000,-0.000642908,-0.010014532,1.006388056
9.800000000,-0.026416406,0.003822722,0.993630314
9.805000000,0.046558708,-0.012638129,1.002657080
9.810000000,-0.049407186,-0.057125601,1.000602205
9.815000000,-0.008979479,-0.014861852,1.014066841
9.820000000,0.008091558,0.019719423,1.013566694
9.825000000,-0.018832435,-0.016244066,0.996407903
9.830000000,0.047146678,0.020927680,1.007073141
9.835000000,-0.026140521,-0.042697037,1.006090579
9.840000000,-0.043292141,0.031221729,1.014036019
9.845000000,0.016901335,0.030277208,1.007977860
9.850000000,-0.029681290,-0.103683629,1.008863460
9.855000000,-0.010864933,-0.015305453,1.017253524
9.860000000,0.034275291,-0.019059472,1.000582583
9.865000000,0.014292148,0.002201059,0.992551445
9.870000000,0.048783318,0.055099852,1.007930862
9.875000000,-0.029676168,-0.031523253,1.006181062
9.880000000,-0.000895202,-0.018690562,1.006576737
9.885000000,0.049351247,-0.033333034,1.010829827
9.890000000,-0.076013425,-0.033118210,0.988924002
9.895000000,-0.041385403,0.072253221,1.013949005
9.900000000,-0.033278498,0.006334259,1.015717950
9.905000000,-0.018469621,0.003925742,0.997609009
9.910000000,0.030881194,0.022395814,1.011901488
9.915000000,-0.005806881,-0.099309323,0.995403960
9.920000000,0.030063052,0.014046930,1.011470077
9.925000000,0.021722968,0.061546116,1.011254080
9.930000000,-0.036353935,-0.048624026,0.996290131
9.935000000,0.025517387,0.008477296,1.009010440
9.940000000,0.012509092,-0.003476988,1.008968401
9.945000000,-0.065274664,-0.020856252,1.013720332
9.950000000,0.041488192,0.052549878,1.000698310
9.955000000,0.031266166,-0.045033559,1.005280386
9.960000000,-0.032347144,-0.065387460,1.008610456
9.965000000,0.074325376,0.016794538,0.996929647
9.970000000,0.015488929,-0.044358430,1.007994654
9.975000000,-0.077595935,-0.009554747,1.010079627
9.980000000,0.032849780,0.009675151,1.010062160
9.985000000,-0.001139879,-0.039915493,1.008449500
9.990000000,-0.046012499,-0.021467720,1.006208478
9.995000000,0.072449037,-0.069372257,1.012024250
10.000000000,-0.007672396,-0.018418293,1.011658850
10.005000000,-0.003804079,0.053349341,0.995907908
10.010000000,0.008499205,-0.034693980,1.004351744
10.015000000,-0.019578022,-0.008004973,1.014995868
10.020000000,0.053290381,-0.000034041,1.003391194
10.025000000,-0.045454353,-0.043545853,1.011820284
10.030000000,-0.035001993,0.014672911,1.008360827
10.035000000,0.026222061,-0.045446760,1.001543732
10.040000000,0.018906925,0.006907065,1.008547815
10.045000000,-0.027714493,-0.001935246,1.015644501
10.050000000,0.026389703,-0.047852066,1.007141283
10.055000000,0.068426731,0.082786148,1.000678672
10.060000000,-0.074890474,-0.041295998,1.006002027
10.065000000,0.042332584,-0.038344218,1.001258955
10.070000000,0.030742095,0.012270961,1.005694903
10.075000000,-0.056480896,-0.046404575,1.004855817
10.080000000,-0.007135302,0.024718885,1.009111993
10.085000000,-0.050348464,-0.020283100,1.008751166
10.090000000,-0.013082557,-0.039395190,1.009584135
10.095000000,-0.026904212,0.003284537,1.016422084
10.100000000,0.032913824,0.013838084,0.997748157
10.105000000,0.034074037,-0.011635183,1.008836641
10.110000000,0.006806548,0.005034083,1.009603419
10.115000000,0.056352335,-0.002651513,1.006408972
10.120000000,-0.061919660,-0.028677105,1.016952041
10.125000000,-0.000431335,0.007316901,1.010080595
10.130000000,0.027905476,-0.013437978,1.010416064
10.135000000,-0.031797947,0.015933851,0.991315525
10.140000000,0.034926214,0.010098444,0.998806923
10.145000000,-0.049757056,-0.021808862,1.017812534
10.150000000,0.004045951,-0.010309171,1.006625915
10.155000000,0.050820358,-0.002240052,1.003459672
10.160000000,-0.024377413,-0.021307956,1.005514816
10.165000000,0.071855609,0.011725463,1.011692206
10.170000000,0.016356919,0.000997464,1.017769301
10.175000000,-0.029589268,-0.037401710,1.012577481
10.180000000,-0.027093326,0.072863136,0.997825451
10.185000000,-0.040278485,-0.027191151,1.006246887
10.190000000,0.022330224,-0.043836552,1.004826258
10.195000000,-0.025057082,-0.000714498,1.006619849
10.200000000,0.011543810,-0.051937014,1.009876483
10.205000000,0.020638795,0.060409600,0.996052115
10.210000000,-0.004770478,-0.041260792,1.009373621
10.215000000,0.001702681,-0.092073728,1.008832518
10.220000000,-0.029977827,-0.036118556,1.002510498
10.225000000,0.000103329,-0.017417967,1.001583487
10.230000000,-0.013626334,0.041748121,1.004127358
10.235000000,0.030659940,0.021475093,1.014299753
10.240000000,0.016298679,-0.000057249,1.004537919
10.245000000,0.010526721,-0.034007583,1.007756457
10.250000000,0.035764254,0.004838332,1.003181065
10.255000000,-0.089788992,-0.004377857,1.008123110
10.260000000,-0.054383779,-0.068035342,1.002712131
10.265000000,-0.002095408,-0.003212602,0.999833568
10.270000000,-0.013921354,0.011829595,1.017018693
10.275000000,0.043494729,-0.037316337,0.998585908
10.280000000,0.001117758,0.013813600,1.009144589
10.285000000,0.031640026,0.020343557,1.019921428
10.290000000,0.036594480,-0.003776805,1.003728845
10.295000000,-0.097215248,0.026547523,0.996997016
10.300000000,0.005367748,-0.026964680,1.009700037
10.305000000,0.042950728,-0.029150090,1.015525106
10.310000000,-0.019728384,0.000140337,0.992007844
10.315000000,0.036648241,0.003536309,0.999864380
10.320000000,-0.021012127,-0.008459486,1.014491759
10.325000000,0.060158022,0.025979416,1.003080228
10.330000000,0.023844776,0.018647545,0.999557011
10.335000000,-0.047333126,-0.090163853,1.011319930
10.340000000,0.080839742,-0.020688613,1.016121308
10.345000000,-0.043820491,-0.031907120,0.999148600
10.350000000,-0.027381689,-0.026714623,0.997149158
10.355000000,0.057741420,0.035944441,1.020285719
10.360000000,-0.016030426,-0.021495528,1.013343974
10.365000000,0.004183153,-0.020797645,1.006534209
10.370000000,-0.006241794,-0.049468406,1.017964879
10.375000000,-0.006960355,0.025830691,1.006492371
10.380000000,-0.005022763,0.033207844,1.007230934
10.385000000,0.002798374,-0.028042235,1.009990747
10.390000000,0.035893819,0.006159103,1.006457670
10.395000000,-0.014127492,-0.024254624,1.007129858
10.400000000,-0.043894864,-0.029715404,1.005066658
10.405000000,0.029532985,-0.057633844,1.012472620
10.410000000,-0.010214979,-0.011577004,1.000541002
10.415000000,-0.007040185,0.041403570,1.007711102
10.420000000,0.041403764,-0.050616277,1.003480260
10.425000000,-0.079944258,-0.064358262,1.008214357
10.430000000,-0.038850090,-0.024174036,1.008979760
10.435000000,-0.025950645,0.018729157,0.987919203
10.440000000,-0.054225048,0.004691248,1.022291619
10.445000000,0.018692497,-0.024455795,1.007969689
10.450000000,0.055181083,0.026200296,0.995262891
10.455000000,0.042324881,-0.040584562,1.010957227
10.460000000,-0.061494909,-0.000971602,0.997229463
10.465000000,0.067111841,0.029834254,1.005462192
10.470000000,0.033298362,-0.032233306,1.002042372
10.475000000,-0.063969921,0.064866885,1.014140885
10.480000000,0.052690558,-0.038067938,1.011030082
10.485000000,-0.013469575,-0.018535269,0.993852258
10.490000000,-0.009053525,0.049807743,1.008808573
10.495000000,-0.055253497,-0.033906300,1.014166525
10.500000000,0.013337178,0.026511753,1.009045777
10.505000000,0.062678917,-0.035698321,1.006996509
10.510000000,-0.046563040,0.008313545,1.011499642
10.515000000,0.005530387,0.014737247,1.005458024
10.520000000,-0.011017890,-0.028878849,1.002692364
10.525000000,0.041694798,0.023613655,1.008082495
10.530000000,-0.027212646,-0.034731378,1.002092840
10.535000000,-0.026517347,-0.016227911,1.011237931
10.540000000,0.083084311,-0.051963822,1.016154405
10.545000000,0.000458144,0.007858968,1.007603072
10.550000000,0.047788364,0.034035286,1.012221144
10.555000000,0.019576576,-0.046583406,1.007131666
10.560000000,-0.020108834,0.021539725,1.001229849
10.565000000,-0.025963252,-0.016824879,1.008520866
10.570000000,-0.035410484,-0.042544331,1.014860019
10.575000000,0.004651229,-0.002887558,1.007527434
10.580000000,-0.014225958,-0.001280218,0.997350200
10.585000000,0.019147619,-0.007449520,1.008030749
10.590000000,0.051995334,-0.012662658,1.002064767
10.595000000,0.007019353,0.010790506,1.001520080
10.600000000,-0.040835252,-0.064155094,1.010195373
10.605000000,0.009603369,-0.052101324,1.005290239
10.610000000,-0.001956128,0.024661006,1.013306195
10.615000000,-0.036406195,-0.010639584,1.005644724
10.620000000,-0.001391263,0.025093977,1.001534633
10.625000000,0.033199267,-0.027599026,1.000091938
10.630000000,0.039021829,-0.047561522,1.002975626
10.635000000,-0.027777069,0.002445204,0.998711643
10.640000000,-0.005448590,-0.045944506,1.008819201
10.645000000,-0.026867890,0.025754894,1.006135754
10.650000000,-0.040590058,-0.000546667,0.986853473
10.655000000,0.021961177,-0.005633367,1.025700163
10.660000000,0.018638126,0.022715868,1.003064873
10.665000000,-0.029354804,0.002001674,0.999827325
10.670000000,-0.028674434,0.020663726,1.028458446
10.675000000,0.011084775,-0.074317927,0.992779326
10.680000000,-0.040396160,0.013523387,1.007817900
10.685000000,-0.004610565,0.017004778,1.004047339
10.690000000,-0.008059257,-0.054123071,1.009234939
10.695000000,-0.016704922,-0.012780770,1.010699008
10.700000000,0.014822971,-0.043896138,0.993100897
10.705000000,-0.019661983,0.025641739,1.016859553
10.710000000,0.003724896,-0.004960437,1.011351547
10.715000000,0.012809870,-0.019146975,1.010629772
10.720000000,0.025750112,0.005643237,1.003196834
10.725000000,-0.045584604,-0.063078265,1.012449155
10.730000000,0.054917446,-0.017335622,1.016789673
10.735000000,0.070704942,0.034013492,1.000170536
10.740000000,-0.072520476,-0.005387502,1.007946490
10.745000000,0.062181446,-0.014627177,1.001603330
10.750000000,0.019807910,-0.010890727,1.009970919
10.755000000,-0.027795794,-0.055962475,1.008746038
10.760000000,0.004676130,-0.010035826,1.003701066
10.765000000,0.014169442,0.009890253,1.014404057
10.770000000,0.027983406,0.012417252,1.009209593
10.775000000,-0.029018908,0.005855488,1.000239136
10.780000000,0.025902625,-0.059057507,1.002878518
10.785000000,-0.013381693,0.020328562,1.003929607
10.790000000,-0.032482048,0.006004192,1.006964476
10.795000000,0.003305989,-0.065774917,1.011426183
10.800000000,-0.007462925,0.037268627,1.006063984
10.805000000,0.011399856,0.031886126,1.012969478
10.810000000,0.041024055,-0.063085526,1.000836862
10.815000000,0.008533327,-0.011235952,1.002957355
10.820000000,-0.030430313,0.000418583,1.009070338
10.825000000,0.058879884,-0.007074972,1.000357922
10.830000000,0.017871154,-0.014541758,1.022083334
10.835000000,-0.006256280,-0.027793931,1.011421898
10.840000000,0.018108966,0.022454895,1.003458810
10.845000000,-0.014836482,-0.002434938,1.004855490
10.850000000,-0.066285844,0.003054892,1.000436707
10.855000000,-0.056194425,-0.028847653,1.006169985
10.860000000,0.045061448,-0.016971772,1.003411987
10.865000000,-0.077380332,0.004388314,1.004568003
10.870000000,0.003386375,0.008418617,0.997975608
10.875000000,0.105966089,0.043280292,1.013533649
10.880000000,-0.034784455,-0.077458311,1.008771784
10.885000000,0.006495918,-0.038141996,1.001705674
10.890000000,0.017832379,-0.019423946,1.014204332
10.895000000,-0.008538231,-0.013085917,1.002757418
10.900000000,-0.076965943,0.042933662,0.998129857
10.905000000,-0.043763273,-0.030659158,1.000561180
10.910000000,0.029343155,-0.027868940,1.014587849
10.915000000,0.002157230,-0.051839251,1.005108733
10.920000000,0.063145786,0.000439700,1.011825808
10.925000000,-0.000199973,0.033837431,1.018234424
10.930000000,-0.017490821,-0.024550176,0.999676078
10.935000000,0.019770109,0.019754108,1.017814142
10.940000000,-0.027499562,0.052869694,1.003386832
10.945000000,-0.016419247,-0.002871857,1.009324989
10.950000000,0.064079629,0.004451783,1.016385584
10.955000000,0.029069868,-0.016172393,1.000283218
10.960000000,-0.040067927,-0.041729263,1.009682227
10.965000000,0.069632621,0.018368693,1.011342962
10.970000000,-0.026478032,-0.024317768,1.017162219
10.975000000,-0.045499145,0.030031672,0.997476003
10.980000000,0.009159382,-0.069238777,0.993025880
10.985000000,-0.058299411,-0.030810220,1.010351340
10.990000000,0.033504607,0.061294559,1.001831750
10.995000000,-0.004113069,-0.107519143,1.002564896
11.000000000,0.019858330,0.076703768,1.002518154
11.005000000,0.002539241,-0.028327402,1.013091430
11.010000000,-0.040585102,-0.078932797,1.005226731
11.015000000,0.059755402,0.051992992,1.002738381
11.020000000,-0.035275207,-0.088426060,1.014732140
11.025000000,0.007029561,0.001058989,0.998425830
11.030000000,0.033070433,-0.023167115,1.008326627
11.035000000,-0.087403270,-0.032581217,1.006499373
11.040000000,0.022067637,0.013543308,0.992738684
11.045000000,0.057334956,-0.022333540,1.010730135
11.050000000,-0.039225661,-0.019481933,1.009734026
11.055000000,0.011613405,-0.007635791,1.002644989
11.060000000,-0.001837788,-0.001359762,1.009587212
11.065000000,-0.016942917,-0.003487376,1.008094121
11.070000000,0.026985387,0.024118836,1.006690394
11.075000000,-0.041433645,-0.087944468,1.007401347
11.080000000,-0.017108370,-0.004259402,1.006922413
11.085000000,0.002538290,0.066918023,1.001086875
11.090000000,0.026503447,-0.020584612,1.014547431
11.095000000,0.044353602,0.004304570,1.011909174
11.100000000,-0.018560708,-0.046970451,0.989133326
11.105000000,-0.005605870,-0.032383175,1.008907190
11.110000000,-0.000559173,0.006153211,1.016670651
11.115000000,-0.016275818,-0.007473167,1.003713864
11.120000000,-0.003673840,-0.003385561,1.014386464
11.125000000,0.042141543,0.010336556,1.010014487
11.130000000,-0.020943414,-0.017906268,0.997416811
11.135000000,0.006318036,-0.013394136,1.009665892
11.140000000,0.028241725,-0.005346150,1.011168750
11.145000000,-0.015710649,-0.051152302,0.993712553
11.150000000,0.027033837,0.043434802,1.008308196
11.155000000,-0.046246771,0.004187622,1.008455679
11.160000000,0.075231398,-0.034361133,1.007813906
11.165000000,0.024194364,0.031331056,1.022610071
11.170000000,-0.075321314,-0.038592090,0.998466503
11.175000000,0.026392331,-0.019647822,1.004052347
11.180000000,-0.061538263,-0.008630292,1.009611827
11.185000000,0.029240897,-0.012334710,1.006244239
11.190000000,0.061282149,0.021787885,1.016938349
11.195000000,-0.027897265,-0.047908507,0.999692730
11.200000000,-0.052548576,-0.038042381,1.008446616
11.205000000,0.000043890,0.006867787,1.016695007
11.210000000,0.023734037,-0.013392417,1.008240112
11.215000000,-0.005468789,-0.000563797,1.000469448
11.220000000,0.055964791,-0.022887686,1.001500386
11.225000000,-0.018242045,-0.025382163,1.008535078
11.230000000,0.016458430,-0.000530835,1.008067691
11.235000000,-0.000451718,-0.018084787,1.011048972
11.240000000,-0.019897773,0.018373214,1.000264009
11.245000000,0.033168104,0.032294700,1.015226291
11.250000000,-0.037066132,0.002323197,1.003137454
11.255000000,0.000617836,0.047870950,0.988966544
11.260000000,-0.010078139,-0.006021704,1.020610725
11.265000000,0.021764889,-0.090283411,1.011601006
11.270000000,-0.068798279,-0.022291107,1.014125145
11.275000000,-0.082266327,0.008257901,1.001394461
11.280000000,0.065351555,0.036531859,0.994781079
11.285000000,-0.037487478,0.023502431,1.020032054
11.290000000,0.043306772,-0.027050492,0.996051321
11.295000000,0.022866133,-0.000439535,1.003040018
11.300000000,-0.080505316,-0.041960048,1.000014743
11.305000000,0.062035248,-0.024501191,0.995711689
11.310000000,0.004967174,0.033250385,1.021745916
11.315000000,-0.031016749,0.000084551,1.003262977
11.320000000,0.015487254,-0.023471595,1.010261785
11.325000000,0.008527469,-0.000466801,1.012067146
11.330000000,0.017449592,-0.044132517,0.997353355
11.335000000,-0.046284668,-0.000871797,1.012793614
11.340000000,0.006210660,0.010342151,1.007557729
11.345000000,0.016824493,-0.072341945,1.015782354
11.350000000,-0.023785977,0.007582622,1.007708065
11.355000000,0.054114540,-0.076611909,0.991038696
11.360000000,0.030814458,0.014504869,1.010292589
11.365000000,0.020407375,0.068581684,1.000911159
11.370000000,0.017143058,-0.059667224,1.015433209
11.375000000,-0.027128533,-0.002098163,1.012550130
11.380000000,-0.031123879,-0.120974436,0.994455229
11.385000000,-0.006776792,-0.017401691,1.013259144
11.390000000,0.031097620,0.000828417,0.992412058
11.395000000,0.024554591,0.007775176,1.010494977
11.400000000,0.002585232,0.070858447,1.017711582
11.405000000,-0.005515507,-0.107992561,0.993069219
11.410000000,0.022095597,-0.041032476,1.015295068
11.415000000,-0.010623630,-0.004669244,1.003301268
11.420000000,0.023916453,0.058719700,1.003158837
11.425000000,0.006957398,-0.003012139,1.011339908
11.430000000,-0.049310182,0.018187403,1.008230560
11.435000000,-0.011207463,0.018270283,1.011418321
11.440000000,-0.025099255,-0.131787350,1.007197602
11.445000000,0.050188235,0.117475549,1.008080027
11.450000000,-0.040237600,0.012772217,1.000089102
11.455000000,-0.017595716,-0.085736744,1.013191981
11.460000000,0.017991906,0.022532520,1.010860651
11.465000000,-0.056942622,-0.061483310,1.003460023
11.470000000,0.096486264,0.001635627,1.011156644
11.475000000,-0.089674877,0.029455070,1.003305929
11.480000000,-0.063327098,-0.009511071,1.001987753
11.485000000,0.100569312,0.011383658,1.009710710
11.490000000,-0.054449393,0.013774484,1.008340104
11.495000000,-0.008205820,-0.055499842,0.997989695
11.500000000,0.017939507,0.034877552,1.014995436
11.505000000,-0.036696735,-0.015973144,1.006666894
11.510000000,-0.059179128,-0.071148176,0.994741017
11.515000000,0.026494130,0.015723212,1.019076532
11.520000000,0.055602224,-0.044306927,1.004576274
11.525000000,0.034588049,0.004791804,1.009209554
11.530000000,0.033788147,-0.031187114,1.007885031
11.535000000,-0.023731662,0.027207229,0.992925357
11.540000000,0.021969241,0.032448998,1.013408055
11.545000000,-0.025127286,-0.092324092,1.008801178
11.550000000,-0.030622222,0.009088645,1.001445408
11.555000000,0.039768416,-0.020237393,1.012197959
11.560000000,0.042728362,-0.008195671,1.008988419
11.565000000,0.013442036,0.022898011,0.999215731
11.570000000,0.002787524,-0.033057714,1.011009741
11.575000000,0.003094917,-0.015581463,1.015283418
11.580000000,-0.030334510,-0.024676614,0.999981461
11.585000000,0.049489190,0.018498755,1.008759185
11.590000000,0.012371631,0.034806650,1.013796077
11.595000000,0.000087778,-0.025900783,1.004378725
11.600000000,0.034768489,0.015946532,1.006249054
11.605000000,-0.014931950,-0.001769222,1.008032227
11.610000000,0.002331309,-0.021590383,1.005256015
11.615000000,-0.054360279,-0.012439268,1.001059273
11.620000000,0.033156892,-0.069289612,1.013227445
11.625000000,0.012102234,0.051240459,1.013028057
11.630000000,-0.037616145,0.011762525,0.998703690
11.635000000,0.048462380,-0.036981541,1.005138533
11.640000000,-0.052236687,0.040373062,1.009374030
11.645000000,-0.012788971,-0.042815497,1.008661959
11.650000000,-0.007528566,-0.011765459,1.001580242
11.655000000,-0.011479690,-0.031977000,1.009171157
11.660000000,0.044085450,0.047723126,1.016890071
11.665000000,-0.059460704,0.067896347,0.993404326
11.670000000,-0.051975431,-0.088130549,1.002014022
11.675000000,-0.000144014,-0.022414301,1.011242564
11.680000000,0.001024668,-0.018724997,1.007592785
11.685000000,-0.011362292,-0.047166017,1.008127437
11.690000000,0.029122684,0.004302432,1.006876398
11.695000000,0.022089092,0.024049757,1.014906595
11.700000000,-0.006724549,-0.008834150,0.999209076
11.705000000,0.024309870,-0.015598545,0.998380002
11.710000000,-0.016484892,-0.031335531,1.014210155
11.715000000,-0.047700252,-0.025084862,1.001278597
11.720000000,-0.047332787,-0.005308433,0.998208198
11.725000000,0.012158598,-0.036919815,1.009463421
11.730000000,-0.019996284,0.011460103,1.008894405
11.735000000,0.025815015,-0.047218993,1.004212781
11.740000000,0.053149944,-0.012346235,1.007470692
11.745000000,-0.036599031,0.023827573,1.003126284
11.750000000,0.040072605,-0.046637464,1.002108546
11.755000000,0.008358883,0.038507863,1.007900269
11.760000000,0.047363529,-0.029592277,1.009896022
11.765000000,-0.000778215,-0.063493410,1.002151367
11.770000000,-0.053880359,-0.041377784,1.005665120
11.775000000,0.022705999,-0.030674395,1.012990461
11.780000000,-0.036009250,0.029139062,1.001156314
11.785000000,0.031800320,-0.017566885,1.008169311
11.790000000,-0.018249589,0.017885582,1.012235825
11.795000000,0.029458710,0.013126697,1.008870705
11.800000000,0.078074124,-0.018535367,1.015064656
11.805000000,-0.050125225,-0.002342338,1.005595798
11.810000000,-0.040347039,-0.034937731,1.012471529
11.815000000,0.004987381,-0.001945772,1.011247084
11.820000000,0.025106817,0.007290174,1.004185888
11.825000000,-0.035981174,-0.021571646,1.012246513
11.830000000,0.031287837,-0.007148651,0.998788835
11.835000000,-0.001343639,-0.004622082,1.013185272
11.840000000,0.004515334,-0.040090301,1.019697750
11.845000000,0.070784528,0.024477749,0.989609405
11.850000000,-0.054768881,0.007754711,1.006065857
11.855000000,-0.019599532,-0.059000540,1.011610560
11.860000000,0.003117979,0.080270660,0.996344001
11.865000000,0.014258824,0.034742900,1.013713937
11.870000000,0.009997086,-0.048495605,1.006864376
11.875000000,0.019222628,-0.008815504,0.998089700
11.880000000,0.033276378,-0.034331111,1.013862386
11.885000000,-0.003653951,0.016224972,1.021566384
11.890000000,-0.030194814,0.004046040,1.007343747
11.895000000,-0.046847351,-0.008197278,0.999877998
11.900000000,0.069868194,-0.023952033,1.004435527
11.905000000,-0.024294256,-0.051544430,1.001243933
11.910000000,-0.056734308,0.019356383,1.002199073
11.915000000,0.065652666,0.039220811,1.014030016
11.920000000,-0.001212605,0.003911501,1.008653005
11.925000000,-0.054587970,-0.037280281,1.000948458
11.930000000,0.000481573,-0.003154023,1.015922427
11.935000000,-0.012032422,-0.013997316,0.998988051
11.940000000,-0.053415496,-0.003455742,0.999506467
11.945000000,0.082590654,-0.000401817,1.015060752
11.950000000,0.001866978,-0.051633238,1.001948534
11.955000000,-0.020806000,0.022806334,1.016906121
11.960000000,0.040347019,-0.022840461,1.003401203
11.965000000,-0.063707033,-0.006257208,0.990603305
11.970000000,0.010017830,0.037260248,1.019254261
11.975000000,0.015687653,-0.057261589,1.006802402
11.980000000,0.008532688,-0.042854542,1.000580053
11.985000000,-0.014290736,-0.017024230,1.010721112
11.990000000,-0.002318423,-0.027595047,1.006842442
11.995000000,0.022075880,-0.017039164,1.004455327
12.000000000,-0.047006674,0.006851716,1.011510238
12.005000000,0.062404668,-0.030525934,1.013797351
12.010000000,0.008748540,0.001452638,0.999980724
12.015000000,-0.083228345,0.025160759,0.992781737
12.020000000,0.016112785,0.008919155,1.008102278
12.025000000,-0.018149571,0.001162658,1.008116828
12.030000000,-0.047880018,-0.057603077,1.003485130
12.035000000,0.008086451,0.016795938,1.019280875
12.040000000,0.002227125,-0.028305118,1.005336111
12.045000000,0.068344191,-0.004363945,1.008643482
12.050000000,0.058853417,0.033847198,1.016963436
12.055000000,-0.027749892,-0.088049713,1.005398730
12.060000000,0.039498881,0.024324640,1.009124587
12.065000000,-0.007616930,0.005579968,0.999621037
12.070000000,-0.049245523,-0.066137723,0.999730466
12.075000000,-0.003298693,-0.029502065,1.024417212
12.080000000,-0.054513404,-0.006231938,1.012283787
12.085000000,-0.034558430,0.021868825,0.987061894
12.090000000,0.043995197,-0.028174571,1.006230241
12.095000000,-0.021784340,0.024949546,1.006348020
12.100000000,0.009047708,-0.000614995,1.001262766
12.105000000,0.085148897,-0.073297874,1.013919626
12.110000000,-0.030168304,-0.031280159,1.004042819
12.115000000,0.006918340,0.015835887,1.018783405
12.120000000,0.013716398,0.017600654,1.003801813
12.125000000,-0.009520836,-0.070876907,1.000657283
12.130000000,-0.030149242,-0.005235473,1.017677821
12.135000000,-0.054827529,0.062385637,0.999800826
12.140000000,0.072969780,0.001236542,1.011548239
12.145000000,-0.052518809,0.021401528,0.997680425
12.150000000,-0.004147159,-0.031382298,0.994730784
12.155000000,0.107903019,-0.060586017,1.008211202
12.160000000,-0.033110432,-0.004728041,1.006294466
12.165000000,-0.011691135,-0.010220830,1.021387549
12.170000000,-0.002578039,0.015099426,1.001819832
12.175000000,0.005510181,-0.012761686,1.005375069
12.180000000,-0.001912177,-0.035976208,1.010140513
12.185000000,0.010303191,0.006556583,0.991704905
12.190000000,0.007661979,-0.019187337,1.011256799
12.195000000,-0.031451893,-0.010638640,1.005190547
12.200000000,0.000343788,-0.049913463,1.002647175
12.205000000,-0.012904637,-0.044057091,1.015196889
12.210000000,0.038575231,0.069049884,1.007832949
12.215000000,0.014358741,0.011451342,1.010675593
12.220000000,-0.017425519,-0.013680448,1.001925489
12.225000000,0.012231426,-0.003803909,1.011890537
12.230000000,-0.012341548,-0.024276994,1.006042701
12.235000000,0.013199342,0.033835093,0.995927517
12.240000000,0.024629551,0.003878930,1.017774317
12.245000000,0.021926041,0.004387411,1.006982460
12.250000000,0.032513045,0.003322894,1.012641403
12.255000000,0.018833079,0.006769089,1.010744901
12.260000000,-0.044259593,0.017528368,1.002450586
12.265000000,-0.023346775,-0.046661435,1.009672981
12.270000000,0.025857281,-0.006960640,1.006430788
12.275000000,-0.031363032,-0.030217637,1.019542865
12.280000000,0.017223326,0.018520346,1.008179629
12.285000000,0.027477554,0.025010833,0.998713265
12.290000000,-0.019956713,-0.083924969,1.006835203
12.295000000,0.025410029,0.001071663,1.003620625
12.300000000,-0.048392793,-0.016025028,1.006011109
12.305000000,-0.075176011,-0.001681067,1.002043774
12.310000000,0.046809331,-0.021816305,0.998352630
12.315000000,0.017616376,-0.082580003,1.008195951
12.320000000,-0.031893397,0.047863790,1.014279007
12.325000000,0.021048891,0.007586769,1.007888726
12.330000000,-0.018448881,-0.053072047,1.007592147
12.335000000,-0.042903683,0.002358401,0.999960728
12.340000000,-0.004492168,0.005135544,1.008784143
12.345000000,-0.002356435,-0.031732115,0.999608248
12.350000000,-0.009420027,-0.002737380,0.990667395
12.355000000,-0.019473772,-0.006259270,1.024700759
12.360000000,-0.011491988,-0.031878706,0.997852808
12.365000000,0.012326078,0.020445351,0.999558131
12.370000000,0.007753888,-0.070711097,1.022433712
12.375000000,0.008588059,-0.039854222,0.998436091
12.380000000,0.057146437,0.041190499,1.007438514
12.385000000,0.010667404,0.011259421,1.002026399
12.390000000,-0.037070558,0.027328561,1.007955167
12.395000000,-0.030200897,-0.040334776,1.017137583
12.400000000,-0.060828539,-0.054207357,0.998794730
12.405000000,-0.023689589,-0.002807878,1.006835266
12.410000000,-0.005104987,-0.009830380,1.001781846
12.415000000,0.081565895,-0.047310806,1.001985907
12.420000000,0.029706346,0.002521406,1.012813310
12.425000000,-0.067643767,0.042736285,1.000317638
12.430000000,0.099154860,-0.016903312,1.023210320
12.435000000,0.018115487,-0.054736455,1.025996304
12.440000000,-0.022932459,-0.024608427,0.999173994
12.445000000,0.072316131,0.051447862,1.002445473
12.450000000,-0.046436010,-0.029300080,1.010555737
12.455000000,-0.053212180,-0.032725503,1.013464616
12.460000000,0.049238731,0.005856949,0.996090305
12.465000000,0.035361038,-0.007636443,1.004103617
12.470000000,-0.012210788,0.054672302,1.011004952
12.475000000,0.004770558,-0.044133758,0.993141365
12.480000000,-0.008225763,-0.028316721,1.009093372
12.485000000,0.028584087,-0.000049481,1.013617656
12.490000000,0.001237112,-0.011390693,1.011641662
12.495000000,0.028644266,0.076871881,1.006343556
12.500000000,0.034818968,-0.008063954,1.008235151
12.505000000,-0.104381483,-0.048005205,1.010521954
12.510000000,0.014750684,-0.014894963,0.997735438
12.515000000,-0.033068767,-0.011220285,1.007938740
12.520000000,-0.019315602,-0.039317020,1.006684577
12.525000000,0.088159582,-0.018791103,1.009225314
12.530000000,-0.054932587,0.014634847,1.006170686
12.535000000,0.044888064,-0.012422274,0.997787192
12.540000000,0.000518027,0.001177208,1.008284270
12.545000000,-0.060343339,-0.009383496,1.005370158
12.550000000,0.072676447,0.047017068,1.008480067
12.555000000,-0.009387367,-0.018068948,1.007960447
12.560000000,-0.045581644,-0.046651895,1.002802907
12.565000000,0.023032297,0.050354620,1.010072588
12.570000000,-0.026511439,-0.063942316,1.009706956
12.575000000,-0.051099672,-0.028647228,0.998701639
12.580000000,0.024823304,0.010432122,1.007032228
12.585000000,0.028921761,-0.063116585,1.011321048
12.590000000,0.004561280,-0.010550224,1.001877008
12.595000000,0.002598944,-0.015615400,1.015587741
12.600000000,-0.011914812,0.027988607,1.012465161
12.605000000,-0.035675589,0.012214109,1.005946054
12.610000000,-0.006290844,-0.042684130,1.006756254
12.615000000,-0.014565648,0.004783059,1.003664848
12.620000000,-0.018909058,-0.013370788,1.008362773
12.625000000,0.029979208,-0.015367054,1.001372958
12.630000000,-0.025242194,-0.018456323,1.010004985
12.635000000,0.037590726,0.009385520,1.008960667
12.640000000,0.012792187,-0.000532490,1.004671687
12.645000000,-0.047745713,-0.046337003,1.009651347
12.650000000,0.041667717,0.036284914,1.000160674
12.655000000,0.001813890,-0.002819258,1.008405431
12.660000000,0.018568451,0.000599534,1.011600527
12.665000000,0.024337455,-0.007643920,1.004531773
12.670000000,-0.024989750,-0.069203590,1.002014920
12.675000000,-0.036539643,0.007135245,1.008997619
12.680000000,-0.017911092,-0.032098400,1.019928871
12.685000000,0.053993098,0.049222169,1.004052944
12.690000000,0.012586162,0.028475833,1.001628031
12.695000000,0.009742376,-0.073444169,1.005904315
12.700000000,0.051684804,0.038967735,1.002311836
12.705000000,-0.066156491,-0.042301705,1.013031065
12.710000000,-0.023329298,-0.051207703,1.008153854
12.715000000,0.073766088,-0.007469871,1.001537385
12.720000000,-0.025104819,-0.030130745,0.996360518
12.725000000,-0.003857157,0.006653758,1.005226480
12.730000000,-0.023302073,-0.012437233,1.007263382
12.735000000,0.006323116,-0.041775602,0.997718331
12.740000000,0.026280611,-0.041373644,1.013443439
12.745000000,-0.051288024,0.027323430,1.012654806
12.750000000,0.080132262,0.013601464,1.009704458
12.755000000,-0.003612667,0.002706224,1.011908546
12.760000000,-0.066304817,-0.010644050,1.002822070
12.765000000,0.013448575,-0.052293225,1.003268629
12.770000000,-0.023879671,0.017082180,1.000474102
12.775000000,0.022068617,0.005910737,1.011467425
12.780000000,0.008374618,-0.024666026,1.008056679
12.785000000,0.001386763,0.000230165,1.005631969
12.790000000,0.015673733,-0.005403108,1.016619539
12.795000000,-0.037341478,-0.036057238,1.005725388
12.800000000,-0.063296865,-0.010479388,1.000534442
12.805000000,0.018309706,0.024814375,1.013893285
12.810000000,0.013625031,0.021336034,1.007568800
12.815000000,-0.021395513,-0.031945142,1.005401685
12.820000000,0.041620685,-0.050358834,1.019668869
12.825000000,-0.041661464,-0.005363295,1.000666352
12.830000000,-0.032391772,-0.046799100,0.995399786
12.835000000,0.025083650,0.020980902,1.014827066
12.840000000,-0.003853754,0.016396712,1.008369812
12.845000000,0.050733937,-0.029440046,1.008883053
12.850000000,0.010864079,0.026869308,1.011562044
12.855000000,-0.020398886,-0.004393064,1.011722264
12.860000000,0.010869911,-0.014932154,1.003267048
12.865000000,-0.035410605,-0.023674227,0.992386796
12.870000000,0.026686243,0.051822350,1.005020455
12.875000000,0.046528311,0.006306369,1.008220033
12.880000000,-0.031203699,-0.013644508,1.008000064
12.885000000,-0.020446281,0.007387435,1.004374847
12.890000000,-0.030436740,-0.073270553,1.005743143
12.895000000,-0.023956021,0.031453513,1.007292155
12.900000000,0.027078975,-0.038551354,1.011185220
12.905000000,0.092257893,-0.008704676,1.010736617
12.910000000,0.013798876,0.064176495,0.994370413
12.915000000,-0.001752763,-0.051699012,1.009901142
12.920000000,0.073485061,-0.035239629,1.014419663
12.925000000,-0.056708582,-0.017362309,1.002823698
12.930000000,-0.001089118,0.009905660,1.007175910
12.935000000,0.037604244,-0.044423618,1.004868440
12.940000000,-0.016917801,-0.009391153,1.005781070
12.945000000,-0.006017105,0.044636072,0.998568261
12.950000000,-0.008642285,-0.005121806,1.010911692
12.955000000,0.043568329,-0.041143114,1.016758336
12.960000000,-0.030834392,-0.065806486,1.001271612
12.965000000,-0.035503614,0.022314553,1.011824254
12.970000000,0.008258874,-0.030800284,1.010720793
12.975000000,0.005041360,-0.043080181,0.999430224
12.980000000,-0.027991516,-0.013342583,1.002843661
12.985000000,0.003457237,-0.003667336,1.010395199
12.990000000,0.028038627,0.059305576,1.003670960
12.995000000,-0.054484167,-0.010075621,1.007276075
13.000000000,0.023223176,0.000927412,1.018235186
13.005000000,0.007251446,-0.017221625,1.003649551
13.010000000,-0.003271464,-0.067540508,0.999992327
13.015000000,0.003571211,-0.019616533,1.006216523
13.020000000,-0.046379357,-0.015024342,1.008186453
13.025000000,0.002880771,0.004034775,1.004506886
13.030000000,-0.020430004,0.002897082,1.010299178
13.035000000,0.015299728,-0.032705098,1.013755195
13.040000000,0.021356052,-0.005003109,1.001624837
13.045000000,-0.031426448,0.006318952,1.021795781
13.050000000,-0.032772421,-0.028980156,1.007934010
13.055000000,-0.009104052,-0.017481609,0.993466256
13.060000000,0.010501054,-0.031522895,1.008054034
13.065000000,-0.021621827,0.017210956,0.996689453
13.070000000,0.022529933,0.077023867,1.007898952
13.075000000,0.032917204,0.017637783,1.010068648
13.080000000,-0.021917995,-0.051227474,1.002737132
13.085000000,0.029885928,-0.015962194,1.011941392
13.090000000,0.009270595,0.022359494,1.003960789
13.095000000,-0.056255374,-0.065207096,1.000284888
13.100000000,-0.013377360,-0.007751785,1.007195435
13.105000000,-0.026915803,-0.031685414,1.018745150
13.110000000,0.010654730,-0.009244649,1.012292594
13.115000000,0.024689348,0.110495259,1.002583447
13.120000000,0.003295409,-0.068587925,1.006815872
13.125000000,0.023186075,-0.020641275,1.006366198
13.130000000,0.016500194,-0.026051285,1.001937406
13.135000000,0.034161628,-0.094241400,1.003606793
13.140000000,0.001767915,0.035618616,1.019053176
13.145000000,0.020852086,-0.011427520,1.008082684
13.150000000,-0.034709784,0.033028783,0.998537915
13.155000000,-0.006804266,-0.063483753,1.012860788
13.160000000,0.014731695,-0.079424685,0.998404976
13.165000000,-0.016871091,0.066775389,1.001866036
13.170000000,0.065796655,-0.030602177,1.007404439
13.175000000,-0.041004200,0.014853167,1.012706489
13.180000000,0.025878163,0.020247077,1.015047325
13.185000000,0.009395221,-0.028786509,0.995419201
13.190000000,-0.064026459,-0.000755684,1.008806226
13.195000000,0.005408945,-0.020977317,0.996159424
13.200000000,0.009696909,0.047120712,1.002327485
13.205000000,0.092004735,-0.001324960,1.017624271
13.210000000,-0.014957698,-0.042781660,0.999499200
13.215000000,-0.033360021,-0.019467135,1.002302228
13.220000000,0.010513224,-0.013259259,1.003168538
13.225000000,0.006607091,0.052875271,1.019006337
13.230000000,-0.016281236,0.040863047,1.010533548
13.235000000,-0.014199758,0.008282082,1.013747325
13.240000000,0.016750147,-0.095601138,1.016963449
13.245000000,-0.069342861,-0.081670571,0.993768563
13.250000000,0.063863977,0.019313214,1.012178348
13.255000000,0.044787194,-0.030140180,1.011424541
13.260000000,-0.031867410,0.032023633,1.010907793
13.265000000,-0.002763395,-0.018995951,1.002027534
13.270000000,-0.013775704,-0.031859347,0.994332455
13.275000000,0.009126456,0.037312094,1.011705329
13.280000000,-0.002354750,-0.006481931,1.004555574
13.285000000,-0.008941755,0.046998119,1.009693380
13.290000000,-0.058013364,-0.042643774,1.010704459
13.295000000,0.049649932,-0.055600852,1.001552604
13.300000000,0.008421937,-0.022022638,1.003143757
13.305000000,-0.017135346,0.008495319,1.015045750
13.310000000,0.045318636,0.045546014,1.009087642
13.315000000,-0.030768838,-0.106669172,0.990679653
13.320000000,0.005285446,0.023880564,1.003945557
13.325000000,-0.035194478,0.012758691,1.012330919
13.330000000,-0.037940703,-0.062453711,1.012702600
13.335000000,-0.039645747,0.050069657,1.009463678
13.340000000,0.020801831,-0.029092527,1.007599326
13.345000000,0.002820928,0.009755202,1.011350722
13.350000000,-0.032339334,-0.022048421,1.002202570
13.355000000,0.036399847,-0.053646521,0.998885684
13.360000000,-0.051076572,0.009363183,1.002133723
13.365000000,0.059531221,-0.018048993,1.008770266
13.370000000,0.021154186,-0.022825231,1.001885564
13.375000000,-0.023161188,-0.041274389,1.007686432
13.380000000,0.081114209,0.007364334,1.016567367
13.385000000,-0.045757328,-0.014298956,1.012603304
13.390000000,-0.027347346,-0.064724555,1.002669364
13.395000000,0.028746049,-0.008031756,0.997054800
13.400000000,-0.049195550,0.002113384,1.009649913
13.405000000,0.011877804,0.026559117,1.002981150
13.410000000,0.098381873,0.064630219,0.999086388
13.415000000,-0.010690111,-0.052081255,1.011065280
13.420000000,0.000976865,-0.050412892,1.009698012
13.425000000,0.021909437,0.060900211,1.008435475
13.430000000,-0.056512211,-0.024390190,1.004411711
13.435000000,0.000780795,-0.031987240,1.013368763
13.440000000,-0.004262565,-0.010363662,1.004179531
13.445000000,-0.035965258,-0.004849924,0.995643533
13.450000000,0.012037434,0.010348345,1.013099680
13.455000000,0.084049005,-0.007837941,1.012375554
13.460000000,0.040915069,-0.000016794,1.012211935
13.465000000,-0.023872920,-0.015399529,1.008217346
13.470000000,0.001363010,0.007609785,1.006198555
13.475000000,-0.022303783,-0.040391471,1.004766161
13.480000000,-0.070141137,0.022136079,1.005402267
13.485000000,-0.030763491,0.001845728,1.014466191
13.490000000,0.011891585,-0.046738707,1.000366047
13.495000000,-0.041136764,0.036559601,1.002560198
13.500000000,0.065786855,-0.068740506,1.011808913
13.505000000,0.070514778,0.019969038,1.012094399
13.510000000,-0.076093062,0.019900391,1.002900566
13.515000000,0.008042697,-0.035144741,1.006436321
13.520000000,0.013796142,-0.007887894,1.016813531
13.525000000,-0.097249072,-0.088249919,0.991121298
13.530000000,-0.010846975,0.041853528,1.011166635
13.535000000,0.079210753,0.020311878,1.019681894
13.540000000,-0.015509201,-0.035298419,0.995041354
13.545000000,-0.025786558,-0.007305401,1.010459240
13.550000000,0.043288818,-0.001625187,1.006113292
13.555000000,0.029865276,0.031084499,1.001423437
13.560000000,-0.003177905,-0.058985963,1.013581278
13.565000000,0.008857908,-0.009097723,1.018892889
13.570000000,0.035871215,0.005485558,1.004689957
13.575000000,-0.012867140,-0.023488508,1.009999920
13.580000000,-0.003398746,0.045602204,1.010142158
13.585000000,0.037284944,-0.031585419,1.003333999
13.590000000,0.005519829,-0.069073953,1.008165175
13.595000000,-0.012982953,-0.011773754,0.993304727
13.600000000,-0.020058892,0.000492767,1.017856703
13.605000000,-0.035289102,0.039594762,1.004516124
13.610000000,-0.012515322,0.012932655,0.996033526
13.615000000,0.016325378,-0.023594141,1.013225895
13.620000000,-0.008402039,-0.040369868,0.993203074
13.625000000,-0.028640499,-0.079329454,1.015701950
13.630000000,0.001054832,-0.000415488,1.009477555
13.635000000,0.020917257,0.007386791,1.006425176
13.640000000,-0.003575243,0.007457711,1.005937854
13.645000000,-0.010221609,0.019152120,0.992169899
13.650000000,-0.016796646,-0.031684165,1.017010277
13.655000000,0.001056150,0.008210149,1.006862606
13.660000000,0.021963695,-0.030567643,1.001211257
13.665000000,-0.022051540,-0.008265961,1.003758823
13.670000000,0.033563214,0.028859706,1.000744764
13.675000000,0.026638039,-0.021881119,1.009325850
13.680000000,-0.025749099,-0.027825148,1.009254499
13.685000000,0.045042217,-0.039411711,1.000357153
13.690000000,-0.023873544,0.012000549,1.005498223
13.695000000,-0.057232959,-0.008618800,1.017556850
13.700000000,0.050634156,-0.046193678,1.003172860
13.705000000,0.018444980,-0.002614363,1.007267599
13.710000000,-0.011440219,0.019854569,1.015400471
13.715000000,-0.013998497,0.008889519,1.003525970
13.720000000,0.005748787,-0.021293185,1.001060513
13.725000000,0.010182103,-0.003555712,1.009102455
13.730000000,-0.073812205,-0.020434585,1.004245132
13.735000000,0.026590378,0.009564881,1.006698700
13.740000000,0.047009158,0.016868915,1.017516408
13.745000000,-0.033076917,-0.038253106,0.993333465
13.750000000,-0.003286336,0.025980126,1.003400929
13.755000000,0.013437055,-0.024551195,1.015493406
13.760000000,0.025301337,-0.062970771,1.006081145
13.765000000,-0.053313856,-0.007883447,1.009975479
13.770000000,0.006651724,0.000842565,1.004036046
13.775000000,0.056793050,0.028711654,1.004538624
13.780000000,-0.040191686,-0.041772126,1.012046126
13.785000000,-0.045840037,-0.037628742,1.013766878
13.790000000,0.015143113,-0.000786164,1.001932528
13.795000000,0.019020069,-0.008396696,1.010989448
13.800000000,-0.013335612,0.019131787,1.010275989
13.805000000,0.036707098,-0.004242891,1.001693681
13.810000000,0.005041987,0.027683654,1.012533536
13.815000000,0.005784350,0.004329950,1.000962576
13.820000000,0.006987085,-0.053690997,1.005597599
13.825000000,-0.026647873,-0.065348406,1.009206205
13.830000000,0.037360004,-0.019507656,1.011871579
13.835000000,-0.013513364,0.011402145,1.015822744
13.840000000,-0.063608538,-0.023075362,1.004599309
13.845000000,0.002895264,-0.015200563,1.003843794
13.850000000,0.018235244,-0.035827083,1.002642906
13.855000000,-0.053721703,0.024931658,1.011838761
13.860000000,0.035414887,-0.019461266,1.008287785
13.865000000,0.010998169,-0.025394127,0.986907491
13.870000000,-0.074608926,0.019951715,0.992547407
13.875000000,0.064006703,-0.021592643,1.013833089
13.880000000,0.046365313,0.057157964,1.014774173
13.885000000,0.017715235,-0.045634227,1.010276370
13.890000000,0.021548504,-0.014951601,1.004083162
13.895000000,0.012669174,0.007533585,1.011610856
13.900000000,-0.062255768,-0.063472478,1.022321272
13.905000000,-0.037294025,0.041823140,0.991634291
13.910000000,0.079858303,0.006352026,1.011574885
13.915000000,-0.049991508,0.017829306,1.017960980
13.920000000,-0.031493893,-0.029901164,0.986609083
13.925000000,0.053592466,-0.040433003,1.008613064
13.930000000,0.016833429,0.023668593,1.000158976
13.935000000,-0.006129817,0.026209097,0.995995714
13.940000000,0.045412821,-0.007763824,1.016616236
13.945000000,0.030990759,-0.054321085,1.008455427
13.950000000,-0.082108729,0.025212647,0.999574466
13.955000000,-0.025446867,-0.030910852,1.005402030
13.960000000,0.029287353,-0.030771645,1.008647043
13.965000000,0.000977421,0.001268420,1.010949510
13.970000000,-0.011779393,0.009880396,1.011498082
13.975000000,0.041072177,0.010036268,1.000625581
13.980000000,0.027994904,-0.007791752,1.011154164
13.985000000,-0.003980906,0.036349479,1.003293883
13.990000000,-0.011850381,-0.075725029,1.002817623
13.995000000,-0.006892519,-0.012426632,1.020692437
14.000000000,-0.002679223,-0.011835917,1.003980157
14.005000000,-0.087475381,-0.061929470,1.009771398
14.010000000,0.007412003,0.030663390,1.008355877
14.015000000,0.033510891,-0.069456675,1.004824779
14.020000000,0.010008201,-0.024644105,1.014558169
14.025000000,-0.000801395,0.033646764,0.997192367
14.030000000,-0.027133542,0.003177749,1.012708098
14.035000000,0.024372958,-0.014313618,1.015459306
14.040000000,-0.031921309,-0.047366538,1.000238834
14.045000000,0.050919255,-0.015968737,1.001554272
14.050000000,0.004031018,-0.017725365,0.998211390
14.055000000,-0.040840411,-0.021255165,1.006727659
14.060000000,-0.001725691,-0.014038033,1.009307375
14.065000000,-0.086603727,0.011630494,1.005971136
14.070000000,0.020325098,-0.018205635,1.008273234
14.075000000,0.045673465,-0.006871730,1.000651509
14.080000000,0.027521209,0.038913274,1.001693788
14.085000000,-0.004005461,-0.006548626,1.013389609
14.090000000,-0.005496216,0.033976925,1.008925449
14.095000000,0.023998183,-0.019722669,1.002961035
14.100000000,-0.078447218,-0.060661979,1.000935705
14.105000000,0.041313942,0.037865274,1.008572766
14.110000000,0.055717503,-0.033511300,1.015531911
14.115000000,-0.060183140,-0.002468610,1.008247020
14.120000000,0.062280462,0.001852059,1.001585483
14.125000000,-0.020010616,-0.104299142,0.999431939
14.130000000,-0.058675533,0.036472156,1.015050203
14.135000000,0.052735753,0.029217114,1.002787985
14.140000000,-0.035539174,-0.027298885,1.002060802
14.145000000,0.065587185,0.038676756,1.024340470
14.150000000,0.034803172,-0.025911265,1.006152725
14.155000000,-0.059927267,-0.046084330,1.005956375
14.160000000,0.034631730,-0.038302833,1.007210721
14.165000000,0.011281561,0.007276143,1.009526215
14.170000000,0.019658774,0.028282450,1.012388816
14.175000000,-0.042327861,-0.043391379,1.006704969
14.180000000,-0.023664402,-0.001674360,1.009946752
14.185000000,-0.024577432,0.005954724,0.991847937
14.190000000,-0.017887552,-0.034096106,1.010620759
14.195000000,0.023461311,0.003245122,1.010515219
14.200000000,-0.024038179,-0.061779202,0.997556951
14.205000000,0.067322309,-0.008043036,1.012792076
14.210000000,-0.043718139,0.068917627,1.000617564
14.215000000,-0.015252178,-0.029464543,1.004321582
14.220000000,0.051663290,0.005106101,0.996511926
14.225000000,-0.079397066,-0.034825853,1.003873142
14.230000000,0.044717606,-0.004507171,1.020448033
14.235000000,0.045079996,0.062589085,1.008537088
14.240000000,-0.040794334,-0.021726857,1.013782077
14.245000000,0.002245574,-0.024401376,1.004221673
14.250000000,0.028812067,-0.086596369,0.998006225
14.255000000,0.004742248,0.010761882,1.005573714
14.260000000,0.007949477,0.038520205,1.002211474
14.265000000,-0.000403534,-0.071640244,1.005038003
14.270000000,-0.015996391,0.024746403,1.006233668
14.275000000,0.037206677,0.020890439,1.009235926
14.280000000,-0.006574559,0.004459677,1.017119167
14.285000000,-0.045222928,0.006590349,1.000988067
14.290000000,0.001287534,-0.036209141,1.002757795
14.295000000,-0.007449576,0.006198653,1.014161405
14.300000000,0.008872889,0.002747878,1.002504398
14.305000000,0.039068356,-0.045698146,1.018374197
14.310000000,-0.000657639,-0.023586361,1.011652110
14.315000000,0.019007602,-0.025365513,1.006692877
14.320000000,-0.016097544,-0.008653486,1.020175505
14.325000000,-0.033735809,0.023599388,1.012375916
14.330000000,0.010616800,-0.036544941,1.005106001
14.335000000,-0.027097824,-0.023551525,1.005595802
14.340000000,0.043849663,-0.028347018,1.011348072
14.345000000,-0.016473603,0.008402950,0.990548454
14.350000000,-0.026259390,0.014560309,1.000243544
14.355000000,0.066494448,-0.085537665,1.013197187
14.360000000,-0.042558073,-0.004900538,1.000992757
14.365000000,-0.020462640,0.005983043,1.015555389
14.370000000,0.005738277,-0.037159947,1.008362571
14.375000000,-0.024676880,0.059074450,1.015201166
14.380000000,-0.007791225,-0.007569397,1.013108612
14.385000000,0.008212742,-0.072246371,1.002325182
14.390000000,0.034977726,0.016953098,1.001290527
14.395000000,-0.018032631,-0.026662914,0.994912182
14.400000000,-0.032805981,0.004437544,1.008290004
14.405000000,-0.003017054,0.030555808,1.000355523
14.410000000,-0.024954218,-0.023448456,1.001552006
14.415000000,0.001899922,0.023391974,1.008823200
14.420000000,-0.012121199,-0.035573997,1.007481597
14.425000000,-0.004952009,0.030316072,1.005307013
14.430000000,0.077612454,0.018926685,1.007170522
14.435000000,-0.016055695,-0.054166418,1.005181638
14.440000000,-0.006351762,0.000134867,0.996151216
14.445000000,0.007676668,-0.064574139,1.000959354
14.450000000,-0.019220650,0.014765723,1.000150153
14.455000000,0.037962397,0.013919054,1.010692012
14.460000000,-0.056291851,-0.031763684,1.006621128
14.465000000,0.035185486,0.010365138,1.001314511
14.470000000,0.029509296,-0.040996365,1.007778935
14.475000000,-0.016467117,-0.026188919,1.016636936
14.480000000,0.056282279,0.034336397,1.011344655
14.485000000,-0.002789969,0.042284140,0.999792340
14.490000000,0.023376758,-0.040715596,1.015395694
14.495000000,-0.048744679,0.018289620,1.006386362
14.500000000,0.019397081,0.010130642,1.014807151
14.505000000,0.026439170,-0.083711281,1.006892784
14.510000000,-0.099728308,0.006713271,0.993658118
14.515000000,0.021996548,-0.009938262,1.008075125
14.520000000,0.023970028,-0.049175315,1.014800969
14.525000000,0.019950214,-0.020576303,1.018053359
14.530000000,0.043784000,0.032223334,0.986208342
14.535000000,-0.030989105,-0.001012051,1.010571497
14.540000000,-0.038049928,-0.040944384,1.019149311
14.545000000,0.034945111,0.025113591,1.001116759
14.550000000,-0.030873855,-0.052622296,1.008977729
14.555000000,-0.042081161,-0.016009719,1.002792705
14.560000000,0.080910173,-0.004335302,1.037340782
14.565000000,-0.021031253,-0.013732407,1.000293926
14.570000000,0.014025761,0.084059011,0.995122136
14.575000000,0.039061624,-0.064531908,1.017612930
14.580000000,-0.058408096,-0.054013015,0.992985164
14.585000000,-0.017090569,-0.011991955,1.017401786
14.590000000,-0.024351402,-0.044449648,1.005764798
14.595000000,0.074470206,-0.006637446,1.006447405
14.600000000,0.034601364,-0.052178568,1.005399200
14.605000000,-0.035566229,0.062745550,1.002070468
14.610000000,0.026315960,0.029074492,1.023041477
14.615000000,-0.102071273,-0.029392964,0.991476546
14.620000000,-0.029511933,0.016428366,1.010020463
14.625000000,0.039330092,-0.031466867,1.024450355
14.630000000,-0.045645632,-0.027539217,0.988979244
14.635000000,0.022141365,-0.027792369,1.002558416
14.640000000,0.000891824,0.006797636,1.015675461
14.645000000,-0.002874499,-0.012524547,1.002882793
14.650000000,0.002443580,0.026283880,1.006024225
14.655000000,-0.017880793,-0.022720700,1.008327019
14.660000000,0.017888292,0.019902272,1.007715403
14.665000000,-0.018176222,0.044300810,1.000379183
14.670000000,0.005273064,-0.120861418,0.991707233
14.675000000,0.034688065,0.054606427,1.016890711
14.680000000,-0.032367973,0.012022684,1.007887153
14.685000000,-0.017222994,-0.003243704,0.988308787
14.690000000,0.025877027,0.006130469,1.013043808
14.695000000,-0.015173737,-0.086697958,1.005743793
14.700000000,0.013622606,0.042152060,0.999100121
14.705000000,0.032249482,-0.077419784,1.015618851
14.710000000,0.003974790,0.033454130,1.011147578
14.715000000,0.021613713,0.017315281,1.002745193
14.720000000,0.005525721,-0.092610447,1.005494334
14.725000000,-0.002689634,0.021441172,1.011481497
14.730000000,-0.015417755,-0.042351275,1.009264245
14.735000000,0.015205244,0.034149983,1.004563704
14.740000000,0.001319902,-0.010238504,1.003655402
14.745000000,-0.024141535,-0.030909758,1.007674117
14.750000000,0.039467752,-0.001214813,1.009695451
14.755000000,0.005055975,-0.032228527,1.010265365
14.760000000,-0.017437650,0.029273565,1.012234935
14.765000000,0.021125261,-0.022577395,1.003851191
14.770000000,0.046811030,-0.002163512,1.004235072
14.775000000,-0.040555400,0.004101749,1.006285189
14.780000000,-0.043263101,-0.054037333,1.007176643
14.785000000,0.034307330,-0.046063670,1.007760836
14.790000000,-0.034256801,0.018326758,1.000779379
14.795000000,0.039589779,0.058338199,1.001997970
14.800000000,0.025121161,-0.011622112,1.004679115
14.805000000,-0.038627356,-0.006797978,1.006834183
14.810000000,0.041273963,-0.012873084,1.008765566
14.815000000,-0.023316550,-0.048934662,1.005908604
14.820000000,-0.044913992,0.023795782,1.005083455
14.825000000,-0.004140796,-0.048137859,1.016422097
14.830000000,-0.025787514,0.000198156,1.013312866
14.835000000,0.001781193,0.059268300,0.988498741
14.840000000,0.063969233,-0.115288728,1.006612366
14.845000000,-0.026327697,-0.012284080,1.005176287
14.850000000,-0.066750568,0.015618915,1.000922713
14.855000000,0.057387122,0.038770669,1.019072061
14.860000000,-0.019481533,0.052478950,1.004323233
14.865000000,-0.041705004,-0.079145396,1.013357313
14.870000000,0.070197300,-0.021102332,1.009895953
14.875000000,0.003975777,-0.063009732,1.004892993
14.880000000,0.011729405,0.057365364,1.016106108
14.885000000,0.018199206,0.024095129,0.996999895
14.890000000,-0.036293043,-0.044751190,0.999700047
14.895000000,0.015926121,0.017822913,1.013615078
14.900000000,-0.001569268,-0.112592551,1.010512647
14.905000000,-0.017772521,0.033272896,1.012682426
14.910000000,-0.003674606,-0.009290018,1.007253990
14.915000000,-0.019402136,-0.030003251,0.995754532
14.920000000,0.010620798,0.050765147,1.007438619
14.925000000,-0.012727926,-0.072853368,1.012690269
14.930000000,-0.052632237,0.032754659,1.014941190
14.935000000,0.011244176,0.026887135,1.004875496
14.940000000,0.045340866,-0.038591029,1.001845467
14.945000000,-0.012433834,0.033371888,1.017794105
14.950000000,0.012841327,-0.028167775,0.993623474
14.955000000,0.011814995,-0.062599418,1.007608050
14.960000000,0.014924367,0.019353077,1.012233429
14.965000000,0.025341308,-0.047205688,0.998783075
14.970000000,-0.074644236,-0.026495627,1.016457106
14.975000000,-0.024663791,0.034005731,0.998175113
14.980000000,0.068749451,-0.015980560,1.007955918
14.985000000,0.003080896,-0.001548079,1.017847500
14.990000000,-0.050273014,-0.076870390,1.003166323
14.995000000,0.032250207,-0.002375544,1.012540389
15.000000000,0.011673693,0.006691130,1.009330837
15.005000000,-0.065463418,-0.059963310,0.999017104
15.010000000,0.044016912,0.060559740,1.001936992
15.015000000,0.020924193,0.010453471,1.007204225
15.020000000,-0.032455776,-0.054081648,1.013958126
15.025000000,0.031643441,-0.011443110,1.004942786
15.030000000,0.011117797,-0.002729342,1.003422913
15.035000000,-0.027034900,-0.017256292,1.007217923
15.040000000,0.003429193,0.006852123,0.994795064
15.045000000,0.009555625,-0.016015656,1.020497132
15.050000000,0.010366484,0.005293294,1.010084129
15.055000000,0.040226548,0.017618279,0.989589416
15.060000000,0.027618199,-0.015043471,1.017370424
15.065000000,0.001106435,0.027453238,1.008105296
15.070000000,-0.037605463,0.007640104,1.006098692
15.075000000,0.003381991,-0.016341197,1.006574807
15.080000000,-0.029388007,-0.070302754,1.004375684
15.085000000,-0.005799551,0.010990606,1.011644597
15.090000000,0.029220962,0.012479161,1.002440167
15.095000000,-0.047240815,-0.022804764,0.997624581
15.100000000,0.043505252,0.077183161,0.998485581
15.105000000,-0.030030371,-0.042471482,1.014129411
15.110000000,0.037806631,-0.030054475,1.005186803
15.115000000,0.041749408,-0.031993452,1.001998309
15.120000000,-0.079250381,-0.006771505,1.012769908
15.125000000,0.050140014,0.043723155,1.012154965
15.130000000,-0.060937487,-0.038856188,1.006277202
15.135000000,0.024297422,-0.000070347,1.001194582
15.140000000,0.035118412,-0.027751111,1.008012987
15.145000000,-0.044040618,0.006824472,1.006230544
15.150000000,0.074330650,-0.054960631,1.007502177
15.155000000,-0.027916476,-0.048392406,1.009388701
15.160000000,-0.015169402,0.062496658,1.012399165
15.165000000,-0.007873062,-0.014565792,1.007916191
15.170000000,-0.030872462,-0.009987451,0.998983500
15.175000000,-0.033958589,-0.026593718,1.000676126
15.180000000,0.006910840,-0.004675935,1.004001238
15.185000000,0.029918802,-0.023061723,1.012010389
15.190000000,-0.026108267,-0.017867773,1.003500664
15.195000000,0.024578592,0.009893716,1.005119322
15.200000000,-0.010841790,-0.057012492,1.008051817
15.205000000,0.020221654,0.017442227,1.005101754
15.210000000,-0.018007510,-0.029495354,1.014172262
15.215000000,-0.044545819,-0.045450371,1.010168790
15.220000000,0.071495996,0.041420358,1.006096734
15.225000000,-0.012096060,0.014564569,1.006097956
15.230000000,-0.007587051,0.013665881,1.003185288
15.235000000,0.036482533,-0.044324281,1.008859431
15.240000000,-0.047494223,-0.018540842,1.016395009
15.245000000,-0.011990904,0.046217027,0.998269894
15.250000000,0.015288495,-0.052816694,1.011604617
15.255000000,-0.027863778,-0.021880622,1.019297277
15.260000000,-0.008263282,0.000602928,0.995561425
15.265000000,-0.024992854,-0.073762885,1.001428948
15.270000000,0.042517524,0.000061281,1.004913619
15.275000000,0.052122246,-0.009334954,1.015149330
15.280000000,-0.040954315,-0.024971842,1.005624776
15.285000000,0.047263031,-0.022541249,1.006345076
15.290000000,0.018467357,-0.067929491,1.015485079
15.295000000,-0.049994229,0.012535732,1.002354426
15.300000000,-0.001804777,0.044146622,1.005985732
15.305000000,0.004441835,0.036726618,0.999335669
15.310000000,0.015677393,-0.016712811,1.010734072
15.315000000,0.003735251,-0.038752090,1.020559254
15.320000000,-0.018333592,-0.027459020,1.007834912
15.325000000,0.016670879,-0.037850310,1.006820109
15.330000000,0.018319163,0.071963723,0.999886236
15.335000000,-0.060501183,0.016184836,1.000353776
15.340000000,0.014844412,-0.019270128,1.012478573
15.345000000,0.036922096,0.021048576,1.014392633
15.350000000,-0.007251472,-0.040998231,1.014945191
15.355000000,0.019443844,0.006425619,1.003293771
15.360000000,-0.044597846,-0.012994441,0.990050473
15.365000000,0.019308624,-0.057085611,1.008480343
15.370000000,0.033425242,-0.033523030,1.013786125
15.375000000,-0.036520052,0.027771439,1.012244797
15.380000000,0.017868156,-0.006978415,0.998000874
15.385000000,0.006667303,-0.041932481,1.006127728
15.390000000,-0.028567478,0.049715206,1.006369980
15.395000000,-0.024518743,-0.015995924,0.985968218
15.400000000,0.011220723,-0.004643280,1.021991931
15.405000000,0.025717933,0.010609290,1.017741459
15.410000000,-0.016213601,-0.045477776,1.009773685
15.415000000,0.022022464,-0.005924119,1.008550078
15.420000000,0.067123943,-0.000417146,0.998395745
15.425000000,-0.018751322,0.015053737,1.007053098
15.430000000,-0.027767112,-0.019011055,0.986517229
15.435000000,0.008853787,0.002351410,1.015117518
15.440000000,-0.025225774,-0.034309840,1.007280448
15.445000000,-0.005677688,-0.032613064,0.994502977
15.450000000,0.024944815,0.010025744,1.019953302
15.455000000,0.006108451,-0.034675785,0.995371001
15.460000000,-0.011498993,0.063505358,1.003838160
15.465000000,0.004230736,-0.007196611,1.006190032
15.470000000,-0.045306154,-0.019068696,1.010791476
15.475000000,-0.024350238,0.015515600,1.006156360
15.480000000,0.059152861,-0.048149341,1.000979182
15.485000000,0.000964909,0.016941879,1.016203660
15.490000000,-0.012313489,-0.037057015,0.995172287
15.495000000,0.018464996,-0.028760392,1.006161295
15.500000000,0.010274289,0.035180907,1.008896487
15.505000000,-0.016489876,0.024141361,1.004701275
15.510000000,0.007672594,-0.036659663,1.018001335
15.515000000,0.013104269,-0.020525997,1.005413838
15.520000000,-0.058628522,-0.000535408,1.004347441
15.525000000,0.009327898,-0.072352936,1.004347508
15.530000000,0.036609131,0.010814775,1.005503564
15.535000000,-0.052714179,-0.031673044,1.005059500
15.540000000,0.022435500,-0.041960712,0.995224967
15.545000000,0.029555968,0.023065264,1.008680054
15.550000000,-0.094512810,-0.040872191,1.010823773
15.555000000,0.013996000,-0.009795588,1.009044221
15.560000000,-0.010632396,0.016236535,1.010370679
15.565000000,-0.032319773,-0.030556100,1.013067891
15.570000000,0.068812248,-0.045952317,1.011020593
15.575000000,-0.059960406,0.050109660,1.004755461
15.580000000,0.071819223,0.007265321,1.027608199
15.585000000,0.050587230,-0.042289689,0.999758991
15.590000000,-0.062549974,0.032736261,0.987417862
15.595000000,0.065272730,-0.033414172,1.015501506
15.600000000,-0.077258966,-0.052039801,0.996830947
15.605000000,-0.039219433,-0.023306074,1.004474058
15.610000000,0.047181839,0.004367241,1.016883354
15.615000000,0.005479135,-0.006019994,1.010243491
15.620000000,-0.036479806,0.025686472,1.015015666
15.625000000,-0.041475592,0.030453379,1.014117657
15.630000000,0.098242210,-0.101431701,1.006878349
15.635000000,0.025385100,-0.039256582,0.996189366
15.640000000,-0.024107772,0.000559467,1.007839505
15.645000000,-0.024611360,-0.028440198,1.011344612
15.650000000,-0.027091076,-0.000115799,0.997867923
15.655000000,0.026935264,-0.004814645,1.002598441
15.660000000,0.020137915,0.037826880,1.011221992
15.665000000,0.008182937,-0.019995410,1.006773419
15.670000000,-0.034781275,-0.019229301,1.006427208
15.675000000,0.065762948,0.053054241,1.008120097
15.680000000,-0.005972007,-0.018828677,1.014705214
15.685000000,-0.041351815,-0.025969877,1.012971176
15.690000000,0.100333883,-0.015999647,1.003098513
15.695000000,0.020597835,-0.041471912,1.006336505
15.700000000,0.031606070,0.008570282,1.006679212
15.705000000,0.006472956,0.005885000,1.008854389
15.710000000,-0.021515732,-0.036152689,1.008975135
15.715000000,-0.041555272,0.017344169,1.007585019
15.720000000,-0.065722497,0.043937474,1.002836508
15.725000000,0.055931502,-0.032235748,0.998098113
15.730000000,-0.043704250,-0.025340826,1.001605371
15.735000000,-0.044323109,0.012968066,1.013623189
15.740000000,0.078092224,0.001904462,1.002137269
15.745000000,-0.004459025,0.018722634,0.989086302
15.750000000,-0.050164578,-0.021779667,1.020179517
15.755000000,-0.019327718,-0.041559709,0.995556085
15.760000000,0.017134169,-0.018592732,1.001253173
15.765000000,0.028020615,-0.038083628,1.018247618
15.770000000,-0.005799828,-0.016118913,0.999020333
15.775000000,-0.015278948,0.004960038,1.013274134
15.780000000,0.002302053,0.000125780,0.993181507
15.785000000,-0.017527587,0.053762553,1.006465104
15.790000000,0.009101330,0.030754373,1.005307082
15.795000000,-0.008925530,-0.059701691,1.009066083
15.800000000,-0.036927521,-0.015746520,1.019232701
15.805000000,0.010104553,0.009275030,0.995095351
15.810000000,-0.012211506,0.018906120,1.011572653
15.815000000,0.007084308,0.029274352,1.003182808
15.820000000,-0.020157841,-0.048943763,1.006583471
15.825000000,-0.008422294,-0.002751711,1.015405352
15.830000000,0.048896169,0.005209107,1.008876118
15.835000000,-0.014662821,-0.065414906,1.002788394
15.840000000,-0.007975230,-0.023475797,1.001780676
15.845000000,0.022920006,-0.032858855,1.009539322
15.850000000,0.012185874,-0.022575859,1.009114991
15.855000000,0.001655005,0.010485507,1.013472332
15.860000000,0.042699859,-0.025779706,1.000876229
15.865000000,0.001083391,0.008105109,1.006527451
15.870000000,-0.021249293,-0.010829827,1.003601672
15.875000000,-0.001830515,-0.023475183,1.002201479
15.880000000,-0.040242107,0.008520335,1.013073072
15.885000000,0.056582984,-0.041174264,1.008137153
15.890000000,-0.048520651,-0.000596861,1.008201554
15.895000000,-0.065876345,-0.008624325,1.016409365
15.900000000,0.078016512,-0.018697352,1.009357658
15.905000000,-0.063805364,0.016177348,0.992790616
15.910000000,0.009668759,-0.037538536,1.019969209
15.915000000,0.086351157,-0.025259295,0.998460698
15.920000000,-0.018766163,-0.001207338,0.996851025
15.925000000,0.017709457,0.005953524,1.014394654
15.930000000,-0.017041985,-0.049339357,0.988642486
15.935000000,-0.013456131,-0.014950963,1.019774108
15.940000000,0.064394466,0.000226894,1.016175526
15.945000000,-0.008387719,-0.046891161,1.011421808
15.950000000,-0.031561790,0.024505372,1.006951683
15.955000000,0.042595520,-0.053173076,1.008491914
15.960000000,-0.016471415,-0.018330432,1.014583105
15.965000000,-0.030581561,0.013477348,0.994301315
15.970000000,0.027131188,-0.037215632,1.014965844
15.975000000,-0.041163898,-0.004083482,1.002225338
15.980000000,-0.050607882,-0.045192135,1.009054813
15.985000000,-0.004878514,0.015302088,1.007360319
15.990000000,0.004231376,0.017749516,1.001283481
15.995000000,0.033251841,0.033890899,1.011778511
16.000000000,0.012097372,0.010073177,1.001220688
16.005000000,0.012675288,-0.042907403,1.011924225
16.010000000,0.001654125,0.022589994,1.008124307
16.015000000,-0.006905129,-0.050482535,1.000507304
16.020000000,0.031569514,-0.016423301,1.005852936
16.025000000,0.017414312,0.045120661,1.007426240
16.030000000,-0.007363138,0.027403278,0.998392981
16.035000000,-0.061194278,0.012645279,1.009808749
16.040000000,0.009030916,-0.031938186,1.011013970
16.045000000,0.026894206,-0.029160815,1.009214537
16.050000000,-0.023731151,-0.045500973,1.007459140
16.055000000,0.041128652,-0.018323701,1.004319315
16.060000000,-0.019603365,0.006310949,1.018232979
16.065000000,0.019423370,0.002328567,0.990324308
16.070000000,-0.007593505,-0.015234899,1.007164761
16.075000000,-0.043379098,-0.026565008,1.010141975
16.080000000,0.056781584,0.006150370,0.997234392
16.085000000,-0.029835457,0.009275184,1.017049552
16.090000000,-0.029331589,0.016580063,1.010541944
16.095000000,-0.002747469,0.011225366,1.009109659
16.100000000,-0.002017189,-0.010163732,0.995782941
16.105000000,0.002576539,-0.011068054,1.009392861
16.110000000,-0.005051555,0.031343091,1.007699219
16.115000000,0.014452683,0.016317174,1.005907344
16.120000000,-0.009102181,-0.043916328,1.006748491
16.125000000,-0.003236374,-0.032275590,0.994859111
16.130000000,0.021003975,-0.009664799,1.015298545
16.135000000,0.045300785,-0.004760241,1.004625742
16.140000000,-0.037664456,-0.014620995,1.007197711
16.145000000,-0.002976599,-0.045772391,1.002681101
16.150000000,0.034140033,-0.026964412,1.007507351
16.155000000,-0.014173308,0.005517759,1.003931612
16.160000000,-0.010244370,-0.068024445,1.000727835
16.165000000,-0.055578982,-0.043656886,1.019461585
16.170000000,0.039866392,0.014909178,1.002988031
16.175000000,-0.037424675,-0.024836324,1.018733852
16.180000000,-0.013492508,0.050796216,0.998728036
16.185000000,0.125448771,0.045471484,0.997503935
16.190000000,-0.026894419,-0.043086372,1.011352732
16.195000000,-0.009022934,-0.006750436,1.003909974
16.200000000,-0.015591914,-0.035327183,1.016013420
16.205000000,-0.018373565,-0.016495454,0.994778893
16.210000000,0.050348439,0.054141025,1.014207518
16.215000000,-0.027066336,-0.017207884,1.008679492
16.220000000,0.038245510,0.002882860,0.993049189
16.225000000,0.038432455,-0.000778568,1.014384333
16.230000000,-0.086775331,-0.080356526,1.003792472
16.235000000,-0.000207870,0.020362975,1.003526343
16.240000000,0.015202230,0.027304076,1.000450449
16.245000000,-0.038756712,-0.043567638,1.002769365
16.250000000,0.050786396,-0.020941216,1.016629367
16.255000000,0.023288895,0.010241836,1.008433052
16.260000000,-0.036130536,-0.033032938,1.005114997
16.265000000,-0.024085808,-0.046603683,1.009853970
16.270000000,-0.010840229,-0.017665852,1.005655466
16.275000000,0.005910654,-0.072085668,1.013907483
16.280000000,0.024038603,0.000836256,1.011593028
16.285000000,-0.002324718,0.010289368,0.998702529
16.290000000,-0.037733751,-0.028266872,1.011716583
16.295000000,-0.029305722,0.023154047,1.004239063
16.300000000,-0.042512508,0.021949273,1.005132540
16.305000000,0.077798145,0.001727323,1.021154129
16.310000000,0.033576707,-0.068969694,0.996351079
16.315000000,-0.020325742,-0.001540721,1.010445637
16.320000000,0.040566827,0.032619851,1.020714138
16.325000000,-0.053298623,-0.034630070,0.997248941
16.330000000,-0.003534219,-0.027319828,1.013512304
16.335000000,-0.016707425,-0.005560782,1.006703837
16.340000000,0.010023127,0.011655397,1.005240769
16.345000000,0.049907932,-0.008454059,1.005485999
16.350000000,-0.035818778,-0.024089639,1.002570762
16.355000000,-0.010475903,-0.037160943,1.007089142
16.360000000,-0.015713484,0.038848115,0.995783548
16.365000000,-0.019323527,-0.038734291,1.018147173
16.370000000,0.009390952,-0.052816587,0.999430305
16.375000000,0.034076573,0.077585289,1.001762195
16.380000000,-0.020505381,-0.035175145,1.015176683
16.385000000,0.008711704,0.005353632,0.992121369
16.390000000,0.036660941,0.009188098,1.014772473
16.395000000,0.016073928,-0.026846153,1.015862965
16.400000000,0.022407494,0.027345508,1.004561148
16.405000000,-0.038756402,-0.012753990,1.007326511
16.410000000,-0.008861754,0.006502625,1.008445940
16.415000000,0.009316180,0.000307081,0.993935888
16.420000000,0.052491683,0.003511710,1.008890136
16.425000000,-0.044299115,-0.050060829,1.022594243
16.430000000,-0.033234747,-0.036216098,0.992691203
16.435000000,0.077471357,0.016224459,1.015417892
16.440000000,-0.084271376,0.004821291,1.006820942
16.445000000,0.009825551,0.038745412,0.998631899
16.450000000,0.090452169,-0.023804897,1.016905641
16.455000000,-0.005820857,-0.035514263,1.004382915
16.460000000,-0.040803042,-0.027987571,1.011461952
16.465000000,0.033514339,0.010086407,1.005858279
16.470000000,0.039268823,0.008786024,1.006324113
16.475000000,-0.067432305,-0.039350432,1.011818615
16.480000000,0.015104738,0.014384684,0.999643953
16.485000000,0.004797177,-0.027590132,0.998841856
16.490000000,-0.034465663,-0.009024824,1.011460282
16.495000000,-0.023958638,0.022769250,1.009905088
16.500000000,0.028221591,-0.012474864,1.002327244
16.505000000,-0.004564292,-0.014758708,1.007238406
16.510000000,-0.040818867,-0.044433839,1.007532705
16.515000000,0.068694027,0.004518465,1.005000416
16.520000000,-0.021930833,0.000800820,0.999693510
16.525000000,-0.038442920,-0.063169944,1.011670929
16.530000000,0.023411452,0.003250271,1.011331321
16.535000000,0.027958797,-0.013435371,0.999696341
16.540000000,-0.021504791,-0.030630727,1.000997599
16.545000000,-0.028217649,0.042336527,1.008508615
16.550000000,0.042297675,-0.048252440,1.012492456
16.555000000,-0.012806388,-0.046992147,1.009048635
16.560000000,0.019234206,0.024290704,1.012271071
16.565000000,-0.011378188,0.000958142,0.993090055
16.570000000,-0.029885427,-0.006436976,1.000825000
16.575000000,0.016444650,-0.049953669,1.018618338
16.580000000,-0.046358772,0.006088658,1.005366541
16.585000000,0.009413881,-0.009691674,1.005390291
16.590000000,0.029895829,-0.046991706,1.005238535
16.595000000,-0.049412109,0.021583949,1.005310568
16.600000000,-0.022481331,-0.018655032,1.001399520
16.605000000,0.015187645,-0.011408631,1.010862908
16.610000000,0.020231042,0.016709585,1.008868711
16.615000000,0.033549939,0.016215878,0.998689628
16.620000000,0.003393670,-0.008457938,1.010675055
16.625000000,0.024102528,-0.002150466,1.013919111
16.630000000,-0.010043199,0.004638658,1.010243659
16.635000000,-0.001137781,-0.059951301,1.001668665
16.640000000,0.030662667,-0.023029472,1.003012033
16.645000000,-0.038781827,-0.006876979,1.006736451
16.650000000,-0.011650423,0.013900475,0.997626112
16.655000000,-0.014866582,0.006443110,1.005378342
16.660000000,0.043027359,-0.027867306,1.021263447
16.665000000,0.013144322,0.036847615,1.009827544
16.670000000,-0.017931665,0.003497671,1.005503071
16.675000000,0.029689592,-0.041518746,1.009887371
16.680000000,-0.074103731,-0.086731726,1.008280890
16.685000000,0.000921925,-0.021236302,1.004509085
16.690000000,0.039100483,0.068272594,1.000322938
16.695000000,-0.011077900,-0.050318769,1.012679359
16.700000000,-0.012255031,0.028469079,1.001444752
16.705000000,-0.015890054,0.024128519,1.007622922
16.710000000,-0.001197044,-0.101571835,1.019484232
16.715000000,-0.022217446,-0.011047962,1.010825322
16.720000000,0.033589217,-0.004481166,1.011701417
16.725000000,0.053507489,0.005647720,1.004270345
16.730000000,-0.033372542,0.001650653,1.008668701
16.735000000,-0.037125931,-0.005587251,1.003707026
16.740000000,0.038435998,0.056108295,1.009251232
16.745000000,-0.055220126,-0.037235745,0.999578967
16.750000000,-0.001870836,-0.056441534,0.994023933
16.755000000,0.036162964,-0.015222621,1.010339168
16.760000000,-0.070873194,-0.048122830,1.006399044
16.765000000,0.059454371,-0.001271158,1.013820346
16.770000000,0.010650651,0.009879862,1.007832544
16.775000000,0.017949274,-0.044043181,1.000005300
16.780000000,0.027525609,-0.018170328,0.997809662
16.785000000,-0.039233446,0.021964934,1.009641397
16.790000000,0.071751147,0.003244536,1.013244619
16.795000000,0.017408117,0.009954211,1.001815310
16.800000000,0.031654245,-0.003052433,1.024925805
16.805000000,0.002642147,-0.020463645,1.004173822
16.810000000,-0.052333101,0.022972448,0.995232120
16.815000000,-0.002801747,-0.012832048,1.016940493
16.820000000,-0.011643148,-0.036291001,1.004966663
16.825000000,-0.014764897,-0.004422664,1.003351239
16.830000000,-0.018210081,-0.019553520,1.004637960
16.835000000,0.034282664,-0.011491573,1.003322537
16.840000000,-0.011832482,0.008062587,1.005547203
16.845000000,0.002513636,-0.011847702,1.011843650
16.850000000,0.020737118,0.027457269,1.013420008
16.855000000,-0.048762286,0.033591916,1.001367318
16.860000000,0.030612316,-0.039593994,1.004518807
16.865000000,-0.019906550,0.025663135,1.010398552
16.870000000,-0.055563670,0.012110923,1.000636930
16.875000000,0.006721354,-0.059306344,1.004574061
16.880000000,0.029597127,-0.006164163,0.999954749
16.885000000,0.067450685,-0.043417942,1.006443144
16.890000000,-0.036464634,0.038509597,1.011931745
16.895000000,-0.026446187,0.026729840,0.995030359
16.900000000,0.008989437,-0.058787370,1.017424768
16.905000000,-0.035517989,0.055434712,1.012021382
16.910000000,0.027917325,-0.052333717,0.998469874
16.915000000,-0.031860508,-0.055555340,1.008633225
16.920000000,0.012598107,0.048928263,1.005508592
16.925000000,0.039188777,-0.042788758,1.006116882
16.930000000,-0.009577660,-0.015348284,1.000447280
16.935000000,0.042283810,-0.020283465,1.011047003
16.940000000,-0.037831906,-0.036927453,1.008974831
16.945000000,-0.022963027,0.009911787,1.006959531
16.950000000,-0.020819065,-0.032547773,1.007682827
16.955000000,0.000994246,-0.007246135,0.999791934
16.960000000,0.009264669,-0.012533490,1.007180535
16.965000000,-0.038650399,-0.078773274,1.006008454
16.970000000,0.025147065,0.006359248,1.004372498
16.975000000,-0.016555703,0.012428732,1.010796719
16.980000000,0.050423674,-0.027702908,1.017402147
16.985000000,0.010460401,0.013655556,1.004984636
16.990000000,-0.041497271,-0.007958594,1.011622286
16.995000000,0.033603186,-0.020109602,1.010487881
17.000000000,-0.038080054,-0.014247372,0.997633417
17.005000000,-0.018480579,-0.027530580,1.010040957
17.010000000,0.027714701,-0.055264560,0.996733074
17.015000000,0.005166136,-0.027145435,1.014147450
17.020000000,-0.013950516,0.022462642,1.013288981
17.025000000,0.062898715,0.019175453,0.999224022
17.030000000,-0.043295819,-0.020334493,1.010792304
17.035000000,-0.030835189,-0.026781975,0.994285209
17.040000000,0.110625359,-0.010917050,1.009508121
17.045000000,-0.051313707,-0.057557652,1.016939729
17.050000000,0.010860823,0.031246305,1.012534990
17.055000000,-0.005469332,-0.037370384,1.004566310
17.060000000,-0.017230459,0.002578298,1.000836735
17.065000000,-0.001396114,0.124274646,1.008355598
17.070000000,-0.082393900,-0.089766394,1.004394940
17.075000000,0.064428428,0.029316036,1.014509489
17.080000000,-0.001782482,0.012614629,1.003247216
17.085000000,0.016095172,-0.056441545,1.007258942
17.090000000,0.019111657,0.037037077,1.011372108
17.095000000,-0.040559512,-0.067581593,1.005642834
17.100000000,0.023398016,0.047549909,1.018539620
17.105000000,-0.037705111,0.008229221,0.996243634
17.110000000,0.036356049,-0.031745132,1.006030606
17.115000000,0.052342494,0.007466199,1.012524123
17.120000000,0.014238559,-0.032390837,0.996711042
17.125000000,-0.003263264,0.003511733,1.014862659
17.130000000,-0.013416937,0.010184678,1.009637396
17.135000000,0.007680631,0.017517907,1.003678365
17.140000000,-0.007073393,-0.074609334,1.006004991
17.145000000,-0.022283207,0.006235314,1.004361439
17.150000000,-0.026200378,0.027833562,1.002755688
17.155000000,0.049994630,-0.034128392,1.009664587
17.160000000,-0.031144057,0.020862039,1.007406329
17.165000000,-0.012948084,0.014840292,1.002198522
17.170000000,0.068763677,0.001457149,1.013124731
17.175000000,-0.030140463,-0.063188422,1.000201656
17.180000000,-0.014329386,0.000973643,0.998472336
17.185000000,0.002966023,0.015409376,1.010039729
17.190000000,0.005283237,-0.011331968,1.012424134
17.195000000,-0.014385140,-0.013767928,1.006209132
17.200000000,0.016523740,-0.022730932,1.000937373
17.205000000,-0.007718765,-0.015845178,1.004107784
17.210000000,-0.039165894,-0.044186991,1.006833778
17.215000000,0.035678256,0.074988681,1.011300356
17.220000000,-0.017963162,-0.018723637,1.003004049
17.225000000,0.035216632,-0.038145063,1.009219546
17.230000000,-0.022503604,0.052953298,1.004157242
17.235000000,-0.031243070,-0.051148309,0.996530022
17.240000000,0.058968097,-0.059509168,1.007515201
17.245000000,-0.057569446,-0.037914809,1.001177821
17.250000000,-0.010768965,0.021427915,1.021650765
17.255000000,-0.024423141,-0.060473114,1.002191792
17.260000000,-0.030844543,-0.054342053,1.000336091
17.265000000,-0.013783956,0.006758949,1.015734052
17.270000000,0.001655382,-0.006314020,0.999111358
17.275000000,0.067941959,0.063544184,1.016623842
17.280000000,-0.031008721,-0.057118144,1.009252207
17.285000000,0.029916700,-0.043512243,1.007838544
17.290000000,0.014146399,-0.023425408,1.003681845
17.295000000,-0.046729818,-0.025271756,0.999611686
17.300000000,0.027747730,0.083574194,1.020466910
17.305000000,-0.010315444,-0.031862581,1.002335721
17.310000000,-0.002362453,-0.021978846,1.003633784
17.315000000,0.008882346,0.002841526,1.014364025
17.320000000,0.017957662,-0.035208142,1.011051366
17.325000000,0.004274209,0.004341190,1.009998368
17.330000000,0.000239950,-0.048266942,1.005334220
17.335000000,-0.030818441,-0.029413301,0.996505472
17.340000000,-0.024547525,-0.005955384,1.004927598
17.345000000,0.076499443,0.030155535,1.018242459
17.350000000,0.003522466,0.047865366,1.012843953
17.355000000,0.031881678,-0.044012931,1.005220206
17.360000000,0.010517113,-0.029646593,1.002456771
17.365000000,-0.096481082,-0.016010835,1.009148154
17.370000000,0.048046830,-0.027481859,1.005516807
17.375000000,0.026009659,0.013931886,1.010198653
17.380000000,-0.036557926,0.035173603,1.010233650
17.385000000,0.079206726,0.020286429,1.006265367
17.390000000,-0.001275120,-0.011214770,1.013406261
17.395000000,-0.086977023,-0.007266359,1.003521460
17.400000000,0.010506313,0.014650458,0.998087415
17.405000000,-0.022487934,0.005636635,0.993035739
17.410000000,-0.031228946,-0.068866024,1.017084479
17.415000000,0.048142328,-0.027259243,1.017878340
17.420000000,-0.014996064,0.010407143,0.995277819
17.425000000,-0.029444965,-0.019829537,1.010947411
17.430000000,0.050985514,0.040732875,1.003322096
17.435000000,0.060160816,-0.037103735,1.015340193
17.440000000,-0.018916873,-0.088832611,1.005489660
17.445000000,0.003030183,-0.000274536,0.998621241
17.450000000,0.007497152,0.039823155,1.012990773
17.455000000,-0.063430133,0.008922244,0.996757275
17.460000000,0.030621363,-0.006953979,1.021015899
17.465000000,-0.005814821,0.022480840,1.004218626
17.470000000,-0.044805685,-0.014213254,0.996923397
17.475000000,-0.003612147,-0.035132346,1.014813191
17.480000000,-0.012741558,-0.025551121,0.994019650
17.485000000,0.069374348,0.003266917,1.004165360
17.490000000,0.019485505,-0.036756754,1.008375975
17.495000000,0.012449143,-0.033384626,1.004881144
17.500000000,0.027362331,0.013989807,1.014724896
17.505000000,-0.056668451,-0.046216871,1.014740263
17.510000000,-0.013968282,0.012813553,0.995986531
17.515000000,-0.014235391,0.030069741,0.999810088
17.520000000,-0.038892335,0.007434177,1.006194199
17.525000000,-0.011550878,-0.032564737,0.999503137
17.530000000,0.059399541,-0.070054082,1.020569760
17.535000000,0.028931733,0.010095429,1.001447211
17.540000000,-0.046230520,-0.028433319,1.011487277
17.545000000,-0.028791166,-0.015047023,1.011118204
17.550000000,-0.026007170,0.021042618,0.994577397
17.555000000,0.008871727,-0.032751267,1.015589677
17.560000000,-0.027623934,0.010609233,0.996409559
17.565000000,-0.005710695,0.044085646,1.012565172
17.570000000,0.043478188,-0.037545748,1.011715312
17.575000000,0.012415785,-0.001673390,0.993083667
17.580000000,0.019950553,0.039357129,1.013755510
17.585000000,-0.002796458,-0.062277728,1.006985699
17.590000000,0.013289459,-0.010703570,1.006666250
17.595000000,0.029114691,0.003677406,1.016398484
17.600000000,0.010875816,-0.017684632,1.010178087
17.605000000,-0.071141088,-0.023159307,1.004064742
17.610000000,0.015215463,-0.038047431,1.013535612
17.615000000,0.066676352,0.049643831,0.998654650
17.620000000,-0.071777639,-0.035722309,1.004822092
17.625000000,0.088131228,-0.024248178,1.019188829
17.630000000,0.021317708,0.073541649,1.002428802
17.635000000,-0.065354740,-0.043979173,1.013209433
17.640000000,0.086184248,-0.011028762,0.997111401
17.645000000,-0.064081565,0.023015996,1.001215021
17.650000000,-0.046538370,-0.084686160,1.023332345
17.655000000,0.069815087,-0.015090227,1.006864354
17.660000000,-0.013186396,0.015768948,0.999248578
17.665000000,-0.010811123,-0.036639905,1.013441164
17.670000000,0.043122951,-0.016631918,1.018210436
17.675000000,-0.028908155,-0.021513737,0.993247647
17.680000000,-0.045517601,0.065384173,1.005383258
17.685000000,0.046398096,0.013958534,1.003858337
17.690000000,-0.012749553,-0.061573478,1.000764379
17.695000000,-0.048221927,0.031233542,1.017216224
17.700000000,0.017863859,-0.042095601,1.004877954
17.705000000,0.010011566,-0.048232254,0.998487710
17.710000000,-0.008549965,0.031197794,1.008050186
17.715000000,-0.002081659,-0.037986567,1.013360137
17.720000000,-0.042555824,-0.031060239,0.998849480
17.725000000,0.005889994,0.045335340,1.007567413
17.730000000,-0.005642955,-0.003708430,1.005011301
17.735000000,-0.055887367,-0.007075754,1.005059467
17.740000000,0.084491071,-0.034444978,1.006678885
17.745000000,-0.009087414,-0.048809548,0.992724087
17.750000000,-0.076991018,0.025406641,1.019538814
17.755000000,0.067242832,-0.081113642,1.013393139
17.760000000,0.012947431,0.000924064,0.996722984
17.765000000,-0.032288031,0.058785443,0.996740176
17.770000000,0.021461087,-0.049491736,1.009489305
17.775000000,0.023964424,0.021149454,1.018892280
17.780000000,-0.039651335,-0.035517630,1.004099637
17.785000000,-0.010127842,-0.021301177,1.006066037
17.790000000,0.054230575,-0.012914879,1.013365668
17.795000000,-0.000666821,-0.015823681,1.010087233
17.800000000,-0.029045362,0.035518764,0.992409901
17.805000000,-0.019674980,-0.063976784,1.009185760
17.810000000,-0.046151010,-0.010350071,1.008284813
17.815000000,-0.011554403,0.015868562,1.006410342
17.820000000,0.064237656,-0.019647984,1.026028975
17.825000000,0.009774142,-0.038518559,0.990920373
17.830000000,0.027636186,-0.014217130,1.003779272
17.835000000,0.014865444,0.036526679,1.018757627
17.840000000,-0.026370712,-0.035913157,1.000592198
17.845000000,0.033008266,0.012565548,0.999324556
17.850000000,-0.030617068,0.026706680,1.010337428
17.855000000,0.012640851,-0.024972011,1.014706806
17.860000000,0.003481627,-0.013277802,1.000313910
17.865000000,-0.012936533,0.009084696,1.008896851
17.870000000,0.053416456,0.030306334,1.001218041
17.875000000,-0.043049456,-0.024302599,1.008986510
17.880000000,0.002677432,-0.017696815,1.009138965
17.885000000,0.031634590,-0.012516707,0.994977344
17.890000000,0.014531037,-0.011907115,1.002258176
17.895000000,0.024913431,-0.020414262,1.010765249
17.900000000,-0.038088507,0.009521906,1.016217238
17.905000000,-0.020619540,0.049048234,0.997645535
17.910000000,0.011370498,-0.071412373,1.014972373
17.915000000,0.011605087,-0.039531355,1.014370209
17.920000000,-0.040553611,0.049325003,1.004294805
17.925000000,0.018506848,-0.005426331,1.017313179
17.930000000,0.043693614,-0.041439538,1.007134267
17.935000000,-0.060852613,-0.032582296,1.007117940
17.940000000,-0.019186206,-0.014055929,1.010079917
17.945000000,0.006151572,-0.016175347,1.012875961
17.950000000,0.019845233,0.029664029,0.991494780
17.955000000,0.030838279,0.021269978,1.003403484
17.960000000,-0.046668242,-0.038119175,1.018660221
17.965000000,-0.017576261,-0.045770040,0.999857357
17.970000000,0.049655576,-0.012924019,1.014633573
17.975000000,-0.004437891,-0.004178739,1.008286636
17.980000000,-0.038423224,-0.009736015,1.004501807
17.985000000,0.020856165,0.026553877,1.004561376
17.990000000,0.058869533,-0.035305942,1.008109570
17.995000000,0.001626122,-0.041265226,1.007054903
18.000000000,-0.020845619,0.062184802,0.992585566
18.005000000,0.054565123,0.018444220,1.013286546
18.010000000,-0.013663877,-0.019702896,1.008823924
18.015000000,-0.036598363,-0.034548882,0.996733862
18.020000000,-0.008285185,-0.067411016,1.008944327
18.025000000,-0.053727795,0.033725366,1.006043327
18.030000000,0.013319554,0.015772082,0.997676825
18.035000000,-0.018537076,-0.026188025,1.009463246
18.040000000,-0.004378602,0.036958554,1.004503655
18.045000000,0.040379832,-0.078450035,0.991513151
18.050000000,0.024411827,-0.048257692,1.013892171
18.055000000,-0.013852787,0.002943550,1.014579625
18.060000000,-0.060033571,-0.026319305,1.001735037
18.065000000,0.009395189,0.026871088,1.007373614
18.070000000,-0.028846250,-0.024573592,1.007235923
18.075000000,0.025676895,-0.009546896,1.010471427
18.080000000,-0.010498137,-0.031812822,1.007921572
18.085000000,0.000865852,-0.007879905,1.009855793
18.090000000,0.092071183,0.001300965,1.016192997
18.095000000,-0.088034143,-0.027372874,0.999743170
18.100000000,0.028696482,0.030973787,1.006564221
18.105000000,0.005782771,-0.084500699,1.010229122
18.110000000,-0.049819646,-0.007152358,0.998029131
18.115000000,0.058500331,0.021131296,1.016440847
18.120000000,-0.047092452,-0.054937871,1.011307499
18.125000000,-0.002920594,0.007045439,0.998353238
18.130000000,-0.016561423,-0.035927432,1.009435002
18.135000000,0.012283235,0.046075972,1.007205904
18.140000000,0.024831008,0.021088618,1.001368126
18.145000000,0.001351908,-0.050773985,1.015161992
18.150000000,0.037031220,-0.012024424,1.021911320
18.155000000,-0.093174783,-0.037484583,0.989118740
18.160000000,0.006370920,0.021395340,1.003251531
18.165000000,0.101479222,0.024963032,1.009735176
18.170000000,-0.057391944,-0.001520135,0.999828365
18.175000000,-0.007038390,0.000372183,1.019055406
18.180000000,0.071478214,-0.060604193,1.000515584
18.185000000,-0.074624953,-0.008192346,1.010799498
18.190000000,-0.001276880,0.030814464,1.006082925
18.195000000,0.025752071,-0.056685042,1.005011007
18.200000000,-0.032258790,0.009562997,1.016675536
18.205000000,0.065252676,0.046884714,0.996383898
18.210000000,-0.022382516,-0.003799936,1.015107284
18.215000000,0.018730359,-0.020235266,1.003169862
18.220000000,0.028623467,-0.014772085,1.001601038
18.225000000,-0.007528213,0.034682485,1.008610325
18.230000000,0.010715828,-0.048810118,1.004028631
18.235000000,-0.047966067,-0.004474378,1.010347865
18.240000000,0.053073518,0.029042074,1.003078559
18.245000000,-0.026077166,-0.034948479,1.015373142
18.250000000,-0.043748779,0.013322001,1.011691641
18.255000000,0.069521202,0.006192695,1.003999655
18.260000000,0.011922431,0.055121517,0.990380168
18.265000000,-0.006683325,-0.022781365,1.010935750
18.270000000,-0.007750026,-0.042902609,1.022922567
18.275000000,-0.024808508,-0.023778884,1.001210500
18.280000000,0.022415002,-0.097767020,1.018141605
18.285000000,0.011492584,0.022637068,0.999504626
18.290000000,-0.033612872,-0.001071217,1.005413135
18.295000000,0.021484236,-0.035925857,1.012298967
18.300000000,-0.047635653,0.027420840,1.004859094
18.305000000,-0.001961826,-0.016909490,1.007902121
18.310000000,0.017371513,-0.053963765,1.003472522
18.315000000,-0.029751506,-0.010789019,1.020534539
18.320000000,0.083646339,0.004212438,1.000402079
18.325000000,-0.005332707,-0.051470955,0.997663091
18.330000000,0.016705659,0.021101376,1.004032114
18.335000000,-0.041067524,-0.014211320,1.006423077
18.340000000,-0.045764914,-0.040023250,1.007107558
18.345000000,0.044711197,0.005097484,0.995728178
18.350000000,-0.097042994,-0.035088599,1.018101727
18.355000000,0.070522296,0.058193380,1.010438750
18.360000000,0.054270945,-0.010803766,1.005835144
18.365000000,-0.054616331,-0.058654801,1.003894783
18.370000000,0.017075422,0.024091525,0.995615484
18.375000000,0.003994963,-0.007694985,1.001084944
18.380000000,0.008349237,-0.009007485,1.008078113
18.385000000,-0.066067271,-0.025583517,1.012237176
18.390000000,0.023766775,0.019426433,1.002463563
18.395000000,0.050670434,0.013104961,1.012213980
18.400000000,-0.032887590,0.002979114,1.003498370
18.405000000,0.011732795,0.012221557,1.003379943
18.410000000,0.023320461,-0.058873433,1.016942771
18.415000000,-0.034306802,-0.010258435,1.008192104
18.420000000,-0.063166874,-0.045757322,1.003499972
18.425000000,0.026788324,-0.067237979,1.012106117
18.430000000,-0.002690996,-0.003436860,1.009392533
18.435000000,-0.028483734,-0.015717482,0.997749066
18.440000000,-0.002862294,0.017318518,1.002178373
18.445000000,0.009742158,0.031766971,1.008748371
18.450000000,0.057776430,-0.045346414,1.011519574
18.455000000,-0.019512076,-0.083861642,0.996823530
18.460000000,-0.027979512,0.017919949,1.010147306
18.465000000,-0.012754782,0.006346885,1.016869113
18.470000000,-0.001368960,-0.036284989,0.997284832
18.475000000,0.017517130,0.015408474,1.010384802
18.480000000,-0.032778433,0.009196720,1.006853806
18.485000000,-0.007659774,0.029223618,1.013696403
18.490000000,-0.010869179,0.023188491,1.005158903
18.495000000,0.026794193,-0.010308947,1.005573172
18.500000000,0.029444897,-0.028533689,1.008530490
18.505000000,-0.006609408,0.019328211,0.990632358
18.510000000,0.017376051,0.010033505,1.017171573
18.515000000,-0.021665997,-0.010128123,1.010253500
18.520000000,-0.020484394,0.014323539,1.000754180
18.525000000,0.011301903,-0.048523803,1.009702731
18.530000000,0.026702445,0.025020926,1.008416463
18.535000000,-0.032097679,0.010430564,1.007874863
18.540000000,0.049389665,-0.019365365,0.999007232
18.545000000,0.085961863,0.019737531,1.014863296
18.550000000,-0.064067388,-0.056701659,1.017829745
18.555000000,0.025083913,-0.065567090,1.004171103
18.560000000,-0.044858086,-0.035712680,0.996390277
18.565000000,-0.063060710,0.041997597,1.001543450
18.570000000,0.064348334,-0.041308823,1.017161128
18.575000000,-0.033475317,-0.070720527,1.000672748
18.580000000,0.024346294,0.042819781,1.005112711
18.585000000,0.046457403,-0.014820047,1.023621760
18.590000000,0.056041940,0.010103821,0.996386416
18.595000000,0.015995112,0.028582670,1.010430098
18.600000000,-0.071896707,-0.046161883,1.012931468
18.605000000,0.043642891,-0.020327664,0.989053405
18.610000000,-0.028119588,0.030439200,1.026632222
18.615000000,-0.029851476,-0.034315399,1.005286392
18.620000000,0.069237803,-0.029400694,0.995262906
18.625000000,-0.046316684,0.012362367,1.016237567
18.630000000,0.015931475,-0.018759922,1.004139377
18.635000000,0.061088215,0.026408187,1.010241213
18.640000000,-0.035881444,-0.028270816,1.002141654
18.645000000,-0.019527291,-0.060424529,1.005490929
18.650000000,0.004261656,-0.011663938,1.004024576
18.655000000,0.038184030,0.004501743,1.009940676
18.660000000,0.004316985,0.039598688,1.011690700
18.665000000,0.005713981,0.000036093,1.008869377
18.670000000,-0.019718302,-0.042542348,1.009594512
18.675000000,-0.088519801,-0.026153082,0.996244995
18.680000000,0.041856826,0.001082066,1.016156013
18.685000000,-0.008232157,-0.013582347,0.997198607
18.690000000,-0.025360427,0.006415573,1.003583515
18.695000000,0.009665943,-0.015494543,1.020738506
18.700000000,-0.056350870,-0.047211405,0.989133094
18.705000000,0.038173940,0.012601129,1.000038082
18.710000000,-0.008441631,0.002420054,1.010024675
18.715000000,-0.008127927,-0.003425441,1.007179017
18.720000000,-0.009813606,-0.015730341,1.004619126
18.725000000,-0.058574121,-0.016127113,1.004896181
18.730000000,0.024704642,0.005565794,1.009356048
18.735000000,-0.013813222,-0.024711315,1.007290898
18.740000000,-0.008500347,-0.007731396,1.010353830
18.745000000,0.059130667,0.011605533,1.015488749
18.750000000,0.020234685,-0.050768780,1.012262037
18.755000000,-0.028873202,-0.055273811,1.002932938
18.760000000,0.016272121,0.032483357,1.007471051
18.765000000,-0.000035289,-0.000784994,1.009315066
18.770000000,0.009911329,-0.009120500,1.005132580
18.775000000,0.003961536,0.011033187,0.995695067
18.780000000,-0.059354447,-0.054814990,1.008805829
18.785000000,0.025238269,-0.028011880,1.015699101
18.790000000,0.005154342,0.003617312,1.006101354
18.795000000,0.003198492,0.034915126,1.006532819
18.800000000,-0.001621872,-0.007516952,0.994234834
18.805000000,-0.013562822,-0.039515391,1.010192582
18.810000000,0.022890847,0.001009980,1.014299157
18.815000000,-0.061257386,0.012710879,0.997657076
18.820000000,-0.009917187,0.048341354,1.015191487
18.825000000,0.039496965,-0.047159555,1.005177610
18.830000000,0.010030346,-0.040096675,0.998999297
18.835000000,-0.024684021,0.035973223,1.010950080
18.840000000,-0.015764951,-0.016375429,1.000288732
18.845000000,0.020662548,0.022879071,1.010739717
18.850000000,0.040743126,-0.008118718,1.007305314
18.855000000,0.070000175,-0.039620552,1.001606346
18.860000000,0.004767355,-0.018235794,1.022851031
18.865000000,0.007785473,-0.044120472,1.002198316
18.870000000,0.016489420,0.006134781,1.004007822
18.875000000,-0.040122511,0.025521700,1.009798398
18.880000000,-0.092654750,-0.039809706,1.001986782
18.885000000,-0.010313522,-0.020023135,1.010704791
18.890000000,0.050573905,0.016953920,0.996441309
18.895000000,-0.028545878,-0.039749397,1.002014094
18.900000000,0.047285930,-0.016466822,1.018294803
18.905000000,0.032734929,-0.016074744,1.017623397
18.910000000,0.006973919,0.008825522,1.008211955
18.915000000,0.027335362,0.048844679,1.013463886
18.920000000,-0.031645491,-0.059175511,0.997470202
18.925000000,-0.009817223,-0.058468830,1.005101548
18.930000000,0.006566540,-0.038908284,1.023548284
18.935000000,-0.019849717,-0.018129073,0.988612163
18.940000000,-0.033143260,0.046465443,1.016491870
18.945000000,0.024539563,0.013689076,1.016523087
18.950000000,0.018739794,-0.030497319,1.000900820
18.955000000,0.016418499,0.015605488,1.010025466
18.960000000,0.003689145,-0.004350601,0.991519765
18.965000000,0.007369567,-0.076237400,1.006568555
18.970000000,0.023050653,0.053052901,1.007045418
18.975000000,-0.046386480,0.003533319,1.010511702
18.980000000,0.031371907,-0.058790329,1.003782716
18.985000000,-0.013998937,0.038998884,1.008842488
18.990000000,-0.024910695,-0.015674273,1.010584967
18.995000000,0.036269522,-0.019236260,1.003927659
19.000000000,-0.021762208,-0.035019215,1.008853707
19.005000000,0.029766510,-0.029038592,0.989144863
19.010000000,0.017439713,0.005910422,1.016243269
19.015000000,0.007820594,0.040629030,1.007705929
19.020000000,-0.025993537,0.006307919,0.999689303
19.025000000,0.007375157,-0.061161675,1.012814207
19.030000000,0.028462875,-0.008537442,1.002113031
19.035000000,-0.056623229,-0.040217943,1.002627897
19.040000000,0.034805541,0.012341125,1.006071009
19.045000000,-0.005077292,0.023795514,1.020246921
19.050000000,-0.049066498,-0.012733121,1.008519375
19.055000000,0.029324460,0.036620694,1.000086050
19.060000000,0.009557903,-0.022481242,1.010539957
19.065000000,-0.047505103,-0.058826369,1.011656161
19.070000000,-0.039615594,-0.031387333,1.003422944
19.075000000,0.015509233,-0.016703127,1.004517726
19.080000000,-0.067369011,-0.022998771,1.003782314
19.085000000,-0.018565839,0.050677711,0.996974285
19.090000000,0.070769435,0.024029699,1.013697184
19.095000000,-0.041861136,-0.040230153,1.002780647
19.100000000,-0.014704359,-0.002281873,1.018376354
19.105000000,0.023588720,-0.036086053,1.008622337
19.110000000,-0.006276432,-0.019010854,0.995712546
19.115000000,0.005483973,0.060527198,1.018712350
19.120000000,-0.014149864,0.007319626,1.001213511
19.125000000,0.023510576,-0.074216197,1.006886016
19.130000000,0.006668417,0.010593890,0.996731455
19.135000000,-0.013545579,-0.006072602,1.007313534
19.140000000,0.032329880,0.018801332,1.011819448
19.145000000,0.034918888,0.011523444,1.000690118
19.150000000,0.020070711,-0.081663078,1.018632130
19.155000000,-0.026963020,-0.000909560,1.004990405
19.160000000,0.003767141,-0.016525091,1.015687512
19.165000000,-0.048415618,0.053897237,1.004066855
19.170000000,-0.086098695,-0.012580909,1.008339934
19.175000000,0.036743576,-0.036613528,1.008529588
19.180000000,0.017688260,-0.008193888,0.990554191
19.185000000,-0.003013756,-0.069729389,1.016786227
19.190000000,0.046406561,0.073233184,1.004634970
19.195000000,0.081179747,-0.086708871,1.010794632
19.200000000,0.000439225,-0.027240999,1.006969850
19.205000000,-0.042192221,0.024048521,1.010474460
19.210000000,0.034189879,-0.096053876,1.016541695
19.215000000,-0.053490426,0.040660766,0.995819044
19.220000000,-0.028083532,-0.037182318,1.003123045
19.225000000,0.051685377,-0.012698604,0.994219437
19.230000000,0.028416296,-0.005344628,1.021133370
19.235000000,0.002309986,0.004546753,1.013132980
19.240000000,-0.046399844,0.039611361,0.987869802
19.245000000,0.037675893,-0.054009016,1.014757273
19.250000000,0.025113171,0.024581128,0.997024575
19.255000000,-0.055377484,-0.006154849,1.011979094
19.260000000,0.028220798,-0.069793804,1.018480592
19.265000000,0.025419546,0.015122832,0.995878942
19.270000000,-0.027063145,0.033685447,1.014692253
19.275000000,0.031748669,-0.050756862,1.006082125
19.280000000,0.007326135,-0.034028401,0.992583652
19.285000000,-0.041001609,0.052339148,1.005850774
19.290000000,-0.002029311,0.012860177,1.010273131
19.295000000,0.008314411,-0.072741961,1.009791868
19.300000000,0.026574828,-0.031162514,1.021978732
19.305000000,0.023728194,0.019661828,1.012985001
19.310000000,-0.005514109,0.020544416,1.001699736
19.315000000,-0.020539887,0.023489394,1.010592901
19.320000000,-0.032613394,-0.008291630,0.996571644
19.325000000,-0.023233645,0.014107266,1.000237599
19.330000000,0.038935699,-0.041886601,1.013749828
19.335000000,0.014873780,-0.033603859,1.008739774
19.340000000,-0.044957998,0.003941004,1.002738199
19.345000000,0.062544088,-0.013340219,1.010594546
19.350000000,0.008842958,0.033624145,1.005992065
19.355000000,-0.042366765,-0.015064805,1.003393962
19.360000000,0.018832947,0.002251897,1.015303177
19.365000000,-0.040851836,-0.022019962,1.002178766
19.370000000,0.035130214,0.002759904,1.007612902
19.375000000,0.037604765,0.006648785,1.005551257
19.380000000,-0.052326122,-0.073355107,0.995602490
19.385000000,0.024366602,-0.022986990,1.007940604
19.390000000,0.013750593,0.010016132,1.010284028
19.395000000,-0.035199196,0.021601795,1.016478662
19.400000000,0.032353507,-0.057443860,1.003389531
19.405000000,-0.046433218,0.006534837,1.007278801
19.410000000,-0.042281838,0.004802920,1.013056087
19.415000000,0.042743940,-0.051030786,0.996794683
19.420000000,-0.038484356,0.003195758,1.012291660
19.425000000,0.045100340,-0.050815707,1.004164459
19.430000000,-0.013928356,0.029963407,1.007151006
19.435000000,-0.046031985,0.008764123,1.018221320
19.440000000,0.040697197,-0.009621243,0.997870533
19.445000000,-0.036887331,-0.009066482,1.006173246
19.450000000,0.029288093,-0.019188521,1.010828957
19.455000000,-0.040526639,0.029047790,0.998287460
19.460000000,-0.048787452,-0.056749705,1.005093856
19.465000000,0.005157436,-0.012091384,1.004032968
19.470000000,-0.026564081,-0.018258218,1.002407624
19.475000000,0.019538385,-0.043309580,1.012560520
19.480000000,-0.011262656,0.032778482,1.003545583
19.485000000,0.049896528,0.038694207,1.006833846
19.490000000,0.031352251,-0.015932799,1.009611423
19.495000000,-0.006362432,-0.072966878,0.992963476
19.500000000,-0.020464651,-0.023178897,1.002306896
19.505000000,-0.025553146,-0.004104499,1.017129913
19.510000000,0.027790736,0.013335370,1.011623447
19.515000000,-0.011123625,0.049366792,1.005735023
19.520000000,0.013220202,-0.030432110,1.014404938
19.525000000,-0.030652962,-0.068093118,1.017270564
19.530000000,0.022283284,0.008700661,1.006069762
19.535000000,0.033857409,-0.013852377,1.005700085
19.540000000,-0.034121386,-0.007000867,1.008152767
19.545000000,0.067706833,0.015040622,1.003560477
19.550000000,0.012661633,-0.018367783,1.012237735
19.555000000,-0.003112019,-0.003757465,1.012140394
19.560000000,0.044100752,-0.060702710,1.003614305
19.565000000,-0.009246592,-0.024330525,1.003134207
19.570000000,-0.029346589,-0.018644540,1.004248949
19.575000000,-0.012717279,-0.003466964,1.007449872
19.580000000,0.036273765,0.025154222,1.013110934
19.585000000,0.012396878,-0.054534289,1.003538968
19.590000000,-0.011870438,0.060969173,0.993810652
19.595000000,0.050015565,-0.005114074,1.000159370
19.600000000,0.020496698,-0.070497455,1.015776452
19.605000000,-0.037652221,0.040771733,1.011455387
19.610000000,-0.004009037,-0.039336391,1.004215371
19.615000000,-0.003865509,-0.003146018,1.010960751
19.620000000,-0.004944523,0.019099797,1.000084828
19.625000000,-0.021103596,-0.006798629,0.999867912
19.630000000,0.010533446,0.063077787,1.007603251
19.635000000,0.043145534,-0.024304677,1.002852300
19.640000000,-0.000964646,-0.080277132,1.011229642
19.645000000,0.021558684,0.001550455,1.007059887
19.650000000,-0.012198747,0.000532978,1.006152287
19.655000000,-0.004192786,-0.023019855,1.007754019
19.660000000,-0.011662118,-0.004676256,1.006950156
19.665000000,-0.006124549,-0.003766820,1.014457632
19.670000000,-0.003537620,0.024614236,0.999287828
19.675000000,-0.086818173,0.029414780,0.995927764
19.680000000,0.017267352,-0.054763831,1.002785708
19.685000000,-0.024152936,-0.016604157,1.011169610
19.690000000,-0.031671378,0.009143215,1.009015268
19.695000000,0.053061314,-0.021451015,1.010408702
19.700000000,-0.046344979,0.002327621,1.015797339
19.705000000,0.008186923,-0.056470570,0.994230618
19.710000000,0.031728553,-0.022782530,1.008057221
19.715000000,0.003303042,-0.022304175,1.018060951
19.720000000,-0.026260867,0.017167842,0.996938809
19.725000000,-0.046268107,0.043428973,1.006649994
19.730000000,0.046100064,-0.051896518,1.012877263
19.735000000,0.018290257,0.009815890,1.002751392
19.740000000,-0.009999752,0.005607273,1.008715060
19.745000000,0.019730182,0.015205177,1.023937880
19.750000000,-0.022904769,-0.025312248,1.010463476
19.755000000,-0.056251687,-0.045611204,0.997638244
19.760000000,0.014533810,0.016603456,1.000721820
19.765000000,0.020578429,-0.020470413,1.013790195
19.770000000,-0.016670574,-0.017996733,1.017174346
19.775000000,0.009930353,-0.072234793,0.996900015
19.780000000,-0.033379782,0.017922452,1.006702925
19.785000000,0.045954833,0.005412631,1.015965142
19.790000000,0.019477224,-0.026343944,1.003894074
19.795000000,-0.046654021,0.000200647,0.998122722
19.800000000,0.077195458,-0.091752196,1.001104254
19.805000000,-0.038172295,0.010636627,1.011811205
19.810000000,-0.029703911,-0.022570002,1.014829318
19.815000000,0.056400477,0.003776760,1.004768137
19.820000000,-0.004193550,0.068992672,1.004810562
19.825000000,0.015346380,-0.045394034,1.014901024
19.830000000,-0.006314566,-0.067395331,1.001722960
19.835000000,0.014341165,0.000907676,1.005853437
19.840000000,0.003684355,0.038826981,1.011023403
19.845000000,0.031719243,-0.027164910,0.991542919
19.850000000,0.008036389,0.026888164,1.008385450
19.855000000,-0.038936855,-0.032640219,1.009390702
19.860000000,0.033454508,-0.023107573,0.992378563
19.865000000,-0.001054702,0.060685641,1.007420363
19.870000000,0.015232431,-0.041480893,1.007307586
19.875000000,-0.018048343,-0.013082555,1.002108349
19.880000000,-0.010150091,-0.009839386,1.009355453
19.885000000,0.023237220,-0.011837475,1.007225263
19.890000000,-0.023434225,-0.036273879,1.013340447
19.895000000,0.009945907,-0.032328833,1.019999727
19.900000000,-0.028556692,0.000478575,1.003497806
19.905000000,-0.030851701,0.000611535,1.000041202
19.910000000,-0.000094956,0.045751783,1.002796938
19.915000000,0.003719713,-0.022791677,0.997310154
19.920000000,-0.015308482,-0.007645847,1.016924068
19.925000000,0.041161625,0.033253444,1.009320096
19.930000000,0.011722998,0.005606258,0.995451735
19.935000000,-0.038297355,-0.015037046,1.014065524
19.940000000,0.046004036,-0.040001645,1.004311721
19.945000000,-0.038952035,-0.002800792,1.000547833
19.950000000,0.025982131,0.001667482,1.016778963
19.955000000,0.006582407,-0.032020438,1.013709464
19.960000000,-0.043855380,-0.024233233,1.008234342
19.965000000,0.010371675,-0.024205281,1.006257122
19.970000000,-0.045044173,-0.015130358,1.008808636
19.975000000,0.045701166,0.016213943,1.002250822
19.980000000,0.001769241,-0.035062499,1.011493184
19.985000000,0.038594524,0.015818000,1.020830371
19.990000000,-0.004892224,0.019701768,0.994904744
19.995000000,-0.076730939,-0.026080856,1.002581042
20.000000000,0.093971068,0.034005852,1.018459577
20.005000000,0.012845164,-0.100868137,1.005527989
20.010000000,-0.059992222,-0.054041631,1.001628232
20.015000000,-0.035736794,0.081542998,0.995284118
20.020000000,0.008372123,-0.019032411,1.006244551
20.025000000,-0.024141279,-0.030303544,1.017170608
20.030000000,-0.025485161,0.034656942,0.999778190
20.035000000,0.109383485,0.017257304,1.005876726
20.040000000,0.038181567,-0.078671293,1.016131275
20.045000000,-0.044183973,-0.037353198,1.003795685
20.050000000,-0.016786441,0.000743432,0.998794803
20.055000000,0.012688040,0.021819597,1.011797813
20.060000000,-0.020192924,-0.003336712,1.011873198
20.065000000,-0.036212021,-0.089996044,0.997491399
20.070000000,0.010229573,-0.014467416,1.013574544
20.075000000,0.020813890,-0.019950446,1.006641290
20.080000000,-0.009611809,0.019145708,1.002418542
20.085000000,0.023158118,0.029672762,1.022499275
20.090000000,0.035450572,-0.018656027,0.994293170
20.095000000,-0.044176287,0.006737202,1.002213810
20.100000000,0.010643361,-0.035043616,1.011246295
20.105000000,-0.016111666,0.030668309,0.997131713
20.110000000,-0.010220039,0.016162329,1.013465658
20.115000000,0.034978422,-0.045988533,1.000374392
20.120000000,-0.034911860,0.003414658,1.003839183
20.125000000,0.001233545,0.015011044,1.010451188
20.130000000,-0.002896051,-0.051847920,1.003244691
20.135000000,0.019604629,-0.037134631,1.016782717
20.140000000,0.041114547,0.033878128,1.011334799
20.145000000,-0.014862888,-0.039439928,1.002466720
20.150000000,-0.039206291,0.032772536,1.005640548
20.155000000,-0.022651996,0.028470166,1.010096236
20.160000000,0.034693257,-0.083656320,1.004762105
20.165000000,0.022575307,-0.066234732,1.006100718
20.170000000,-0.011378649,-0.045379123,1.003222331
20.175000000,0.028496394,0.022022139,1.005277204
20.180000000,0.050987065,0.008451359,1.015570886
20.185000000,-0.052463615,0.020933969,1.004601843
20.190000000,-0.051451322,-0.012912598,1.009832114
20.195000000,-0.009533377,0.006294579,1.008505620
20.200000000,-0.018489814,0.023149288,1.000163122
20.205000000,0.026480457,-0.047457950,1.006430348
20.210000000,0.017027284,0.029742836,1.006003558
20.215000000,-0.009087047,-0.005020584,1.009209878
20.220000000,-0.023635236,0.009321371,0.997533895
20.225000000,0.013560153,-0.043318000,1.009613260
20.230000000,0.026079509,-0.024781698,1.018047429
20.235000000,0.027993443,0.065940810,1.000932781
20.240000000,-0.029328745,-0.070617975,1.008194698
20.245000000,-0.042184473,0.014292313,1.000614528
20.250000000,0.034330244,-0.016922176,1.013519421
20.255000000,-0.031344740,-0.022054524,1.010279819
20.260000000,0.020862989,0.077176967,0.994442395
20.265000000,0.007128358,-0.053747418,1.013227974
20.270000000,-0.025494481,-0.017631353,1.003707073
20.275000000,0.033966811,0.044324217,1.007809869
20.280000000,-0.000252825,-0.051382794,1.007630932
20.285000000,-0.001372197,-0.065496907,1.001326088
20.290000000,-0.031138434,-0.018541772,1.005843614
20.295000000,0.030514970,-0.040238696,1.014283573
20.300000000,0.001944716,0.008815832,1.022804169
20.305000000,0.007268547,-0.012240741,0.998519457
20.310000000,0.030175753,-0.063739506,1.007524623
20.315000000,-0.067014064,-0.015362773,1.001199148
20.320000000,0.006430248,0.001865076,0.997844989
20.325000000,-0.036216198,0.026003855,1.010866693
20.330000000,-0.012137982,-0.012047227,0.996814306
20.335000000,0.053787493,-0.020416106,1.013755452
20.340000000,0.026458901,-0.012922044,1.009494024
20.345000000,0.050286143,0.010359668,1.015520694
20.350000000,0.003573671,-0.039076328,1.006694443
20.355000000,0.024848903,-0.028408160,0.995850626
20.360000000,-0.042252742,0.093116069,1.013108333
20.365000000,-0.068119329,-0.042386428,0.998259769
20.370000000,0.003272905,-0.060468316,1.010982735
20.375000000,-0.018034624,0.005894629,1.007715317
20.380000000,0.021843791,-0.000239731,1.005317698
20.385000000,0.016233113,0.010658733,1.015731072
20.390000000,0.025638908,-0.013954762,1.004897627
20.395000000,0.001265569,-0.002354017,1.001951197
20.400000000,-0.042088692,0.014827635,1.007362611
20.405000000,0.017863989,0.063452768,1.019509212
20.410000000,-0.016356752,-0.000804065,0.998600428
20.415000000,0.003387849,-0.029012139,1.006474652
20.420000000,0.009833113,-0.037831159,1.002269453
20.425000000,-0.034594108,-0.065247680,1.002780774
20.430000000,-0.008700130,-0.021359627,1.019005946
20.435000000,-0.031990618,-0.006529965,0.993406162
20.440000000,0.072279110,0.021324351,1.016407392
20.445000000,0.008961314,-0.028151529,1.002492856
20.450000000,-0.067128160,-0.000825530,0.989872899
20.455000000,0.068633458,0.010700282,1.017877712
20.460000000,-0.029230997,-0.041236653,1.002939446
20.465000000,0.023994720,0.029862428,1.017673785
20.470000000,0.060378461,0.011867935,1.002202918
20.475000000,-0.016009490,-0.048548503,1.001333133
20.480000000,0.027420887,-0.032784101,1.016320376
20.485000000,-0.075990021,-0.035920716,0.996471819
20.490000000,0.019757104,0.015827354,1.013559702
20.495000000,0.046088765,-0.003349811,1.001464526
20.500000000,-0.081258110,-0.066078781,0.995920512
20.505000000,0.016432623,0.017322967,1.019083418
20.510000000,0.015750521,-0.031342815,1.013384971
20.515000000,-0.032858026,-0.000855291,1.012277065
20.520000000,0.022975275,0.011992719,1.003983555
20.525000000,0.036240120,-0.077134643,1.005358869
20.530000000,0.024051047,0.036961001,1.010330172
20.535000000,0.024569273,0.005591254,1.008870368
20.540000000,-0.038139591,0.035741726,1.011056397
20.545000000,-0.011118974,0.003587105,0.997824707
20.550000000,0.066062919,-0.082201019,1.003354361
20.555000000,-0.076928413,0.027648466,1.007938809
20.560000000,-0.074051442,0.013402360,1.000053838
20.565000000,0.061190697,-0.000718764,1.006368239
20.570000000,-0.018818151,-0.002267594,1.016244116
20.575000000,0.002945585,0.009350503,0.998308445
20.580000000,0.008506060,-0.008838932,1.002480390
20.585000000,-0.073113781,-0.020068442,1.027059538
20.590000000,0.035412381,-0.030757858,1.007667197
20.595000000,0.023203996,-0.050906695,1.006189337
20.600000000,-0.075838875,-0.004474229,1.008878807
20.605000000,0.000888424,0.016765902,1.002044930
20.610000000,0.047429198,0.018087801,1.016154757
20.615000000,-0.031591620,-0.053862789,0.996267805
20.620000000,0.007073964,-0.024311646,1.009468258
20.625000000,0.068680609,-0.001643842,1.006891759
20.630000000,-0.026623098,0.013008539,0.984008387
20.635000000,-0.015707373,-0.003868030,1.009874221
20.640000000,-0.030466562,-0.083878355,1.003760211
20.645000000,-0.008699290,-0.008028139,1.002499448
20.650000000,0.065690766,0.014259680,1.015530732
20.655000000,0.011583064,0.015066953,1.005302929
20.660000000,0.044168418,-0.032627043,1.002665759
20.665000000,-0.038094914,-0.011321032,1.018675376
20.670000000,-0.062174442,0.001842890,1.007793529
20.675000000,0.061791994,-0.003248475,0.992979808
20.680000000,0.035190370,0.028762350,1.008825416
20.685000000,-0.009412776,-0.102523489,0.998299743
20.690000000,0.010854571,-0.045087101,1.008663437
20.695000000,-0.011493135,-0.008044982,1.009416693
20.700000000,-0.044741425,0.031933907,0.999613408
20.705000000,0.024582058,0.070137416,1.021567623
20.710000000,0.014106093,-0.056594202,1.006197620
20.715000000,0.000516075,0.001113089,1.009106318
20.720000000,0.030850092,-0.009146010,1.007728794
20.725000000,0.044230092,-0.000756672,1.007153602
20.730000000,0.006562645,0.032725630,1.006122333
20.735000000,-0.087370232,-0.054211581,0.995361583
20.740000000,-0.007130733,-0.015546380,1.022338692
20.745000000,-0.032551645,0.048233095,1.003802702
20.750000000,-0.078600101,-0.006505238,1.001134531
20.755000000,0.037996176,-0.068414300,1.019072794
20.760000000,0.031371882,-0.010537703,1.002442527
20.765000000,-0.027640194,0.015238306,1.006567881
20.770000000,0.018399676,0.029675152,1.010478640
20.775000000,0.035950830,0.016313262,1.010076802
20.780000000,-0.035673382,-0.046994037,1.007952089
20.785000000,0.009152753,0.005743091,1.006422416
20.790000000,0.050829214,-0.040324737,1.003814461
20.795000000,0.019606678,-0.019828822,1.010081811
20.800000000,-0.026165119,0.103760414,1.005033315
20.805000000,0.001653657,-0.071485504,1.000430428
20.810000000,0.002627098,-0.069455789,1.007008206
20.815000000,0.000853935,0.041123295,1.006215794
20.820000000,0.008156375,-0.014773744,1.008300371
20.825000000,-0.061344728,0.028792918,1.010738692
20.830000000,0.068539419,-0.049471155,1.013262130
20.835000000,-0.046943151,-0.061969748,0.994719201
20.840000000,-0.033430979,-0.004800071,1.001869433
20.845000000,0.105501121,-0.033384813,1.012064077
20.850000000,-0.058712576,-0.012918874,0.997193564
20.855000000,0.028672983,-0.003752521,1.017826173
20.860000000,-0.015272429,0.003868092,1.012220394
20.865000000,0.007252106,-0.037251711,1.010496864
20.870000000,0.064668660,0.024176486,1.014963634
20.875000000,-0.003365606,0.041616136,1.005799535
20.880000000,-0.010228169,-0.072912226,0.997762682
20.885000000,-0.019908132,-0.044359967,0.994092656
20.890000000,0.041275338,-0.003097647,1.018193427
20.895000000,-0.063154981,-0.005747528,1.010667394
20.900000000,0.024224749,0.010818921,0.996695575
20.905000000,-0.001284373,-0.000765561,1.002480861
20.910000000,-0.072543479,-0.001301286,1.001560577
20.915000000,0.008202779,-0.026216495,1.006906573
20.920000000,0.000436546,-0.022216317,1.015706492
20.925000000,0.051330422,0.057606952,1.014900391
20.930000000,-0.031613064,-0.051973033,1.011044352
20.935000000,0.010395509,-0.071566296,1.012478845
20.940000000,-0.030245679,0.015126327,0.993353776
20.945000000,-0.018408539,-0.059510444,1.004904788
20.950000000,-0.017354810,0.010903640,1.005824726
20.955000000,-0.067021440,0.010665324,0.997709895
20.960000000,0.074551579,-0.034966065,1.018484863
20.965000000,-0.039397136,-0.000107609,1.003008364
20.970000000,0.022765147,-0.014967156,1.009620957
20.975000000,0.011561732,0.031041781,1.006578371
20.980000000,-0.048957379,-0.006750766,0.996295071
20.985000000,0.059007704,-0.041638452,1.020289682
20.990000000,-0.018440708,0.009330013,1.009367635
20.995000000,-0.008892898,0.011997231,1.006521584
21.000000000,0.045133663,0.034698993,1.006669937
21.005000000,-0.002548058,-0.002249029,1.001674408
21.010000000,-0.061221203,-0.042236245,1.008826442
21.015000000,0.053445335,0.023469910,1.003336614
21.020000000,-0.016013716,-0.037770655,1.010345429
21.025000000,-0.028397813,0.018983188,1.003249209
21.030000000,0.080259545,0.016624182,0.999669771
21.035000000,0.008502866,-0.104859244,1.012661879
21.040000000,-0.003965793,0.043569681,1.000593276
21.045000000,-0.030937159,-0.008892916,1.002629035
21.050000000,0.060539290,0.000913393,1.006239388
21.055000000,-0.020915363,0.074105120,1.007947831
21.060000000,-0.005042293,-0.051189828,1.005950156
21.065000000,0.039341310,-0.027355545,1.010320832
21.070000000,-0.061722294,-0.004297626,1.007516811
21.075000000,0.083920418,-0.002141553,0.996221191
21.080000000,-0.010699813,-0.021015549,1.019727745
21.085000000,-0.021897285,0.013367600,1.008786571
21.090000000,0.013768964,0.017519303,1.009843639
21.095000000,0.019395975,-0.028799654,1.021620995
21.100000000,0.054162786,-0.053140998,0.993196726
21.105000000,-0.075952483,-0.041970419,1.011757058
21.110000000,0.015565708,0.041819610,1.016574069
21.115000000,-0.045214405,0.006930621,0.996144706
21.120000000,-0.050503392,0.015154834,1.004671724
21.125000000,0.077211406,-0.024333320,1.010486138
21.130000000,-0.051135351,-0.068136781,0.997320796
21.135000000,0.014776509,-0.020058977,1.008316296
21.140000000,0.076064214,-0.049663560,1.017332421
21.145000000,-0.028814791,-0.003568557,1.001099693
21.150000000,0.006820453,0.028855247,1.009407076
21.155000000,0.011866667,-0.048317587,1.015159762
21.160000000,-0.032512863,-0.013497756,1.003347591
21.165000000,-0.016376335,0.008141159,1.001911175
21.170000000,-0.047554664,-0.098430235,1.010169278
21.175000000,-0.023679095,0.010367764,1.006390854
21.180000000,0.013115228,0.015134950,1.006772498
21.185000000,-0.006710176,-0.025585977,1.014280425
21.190000000,0.039013643,0.044578462,1.006079308
21.195000000,0.011488113,-0.036183133,1.013103445
21.200000000,-0.016020416,-0.015498240,1.006138775
21.205000000,0.021746812,-0.002592555,0.999838878
21.210000000,-0.033999566,-0.005225913,1.005207835
21.215000000,0.019289556,-0.050543792,1.006600139
21.220000000,-0.017505655,-0.013603339,1.003114416
21.225000000,-0.046436493,0.005305708,1.002573794
21.230000000,0.108142575,-0.032812714,1.010629505
21.235000000,-0.034754986,0.039747760,0.992394715
21.240000000,-0.035174940,-0.024234917,0.999216930
21.245000000,0.025880404,0.001327825,1.012024774
21.250000000,-0.056364406,-0.026014782,1.004022309
21.255000000,0.034814662,-0.015842313,1.004686187
21.260000000,0.013157287,-0.022850407,1.001311033
21.265000000,-0.005457054,-0.006504339,1.013973898
21.270000000,-0.020116250,0.045974263,1.013093672
21.275000000,-0.032235173,-0.077511883,1.000921950
21.280000000,-0.000528089,0.056825877,1.013258188
21.285000000,0.061148516,0.003213510,1.013290141
21.290000000,0.012564903,0.002303675,1.004996592
21.295000000,-0.013927092,0.039037708,1.013501297
21.300000000,0.076709079,-0.046728420,1.003120702
21.305000000,-0.075371771,0.025609861,1.012484121
21.310000000,0.003672118,-0.037614359,1.012276339
21.315000000,0.017057473,0.056843384,0.988102417
21.320000000,-0.065569247,-0.019726509,1.017217266
21.325000000,0.062916494,-0.052919137,1.010623123
21.330000000,0.024062497,0.044223643,0.990817211
21.335000000,0.012418254,-0.061902324,1.010329499
21.340000000,-0.004243597,-0.027341198,1.009589582
21.345000000,-0.000606149,-0.008518184,0.993702430
21.350000000,-0.035665755,-0.040401227,1.005191692
21.355000000,0.029667987,-0.000141130,1.021407695
21.360000000,0.002690973,0.050541389,1.008858855
21.365000000,-0.049319528,-0.035034787,1.010107347
21.370000000,0.074804288,-0.003313728,1.001574885
21.375000000,-0.057474392,-0.004932405,1.009495607
21.380000000,0.011988065,-0.051173729,1.014726464
21.385000000,0.023906691,0.049136100,1.006805655
21.390000000,-0.014770076,-0.026732869,1.009725363
21.395000000,0.071303405,-0.004946543,0.996793666
21.400000000,0.020549573,0.001618818,1.012499468
21.405000000,0.020231158,-0.038164100,1.004420959
21.410000000,-0.069201795,-0.017011490,0.998316577
21.415000000,-0.038670631,-0.011240291,1.001786449
21.420000000,-0.040582996,0.031043393,1.004663355
21.425000000,-0.032191188,-0.029282221,1.015831404
21.430000000,0.029313679,-0.053702009,1.001038176
21.435000000,-0.020658565,-0.049507057,1.007299056
21.440000000,0.011377105,-0.005990122,1.007836565
21.445000000,0.022099979,0.068331039,1.001778719
21.450000000,0.010700223,0.020278691,1.011679265
21.455000000,-0.007287688,-0.044701307,1.007531696
21.460000000,-0.004794368,-0.040428595,1.003514512
21.465000000,-0.057409300,-0.008760483,1.011405437
21.470000000,0.016752001,0.006887218,1.012994497
21.475000000,0.068102321,-0.059695562,1.001203214
21.480000000,-0.068495024,-0.026923902,1.007235430
21.485000000,-0.009498878,0.018488191,1.010734769
21.490000000,0.034913082,-0.067401568,1.007615342
21.495000000,0.005531225,0.014088444,1.008327197
21.500000000,0.000888192,-0.014719513,1.016373533
21.505000000,0.003827267,0.008379699,0.996106054
21.510000000,0.014745971,0.014567951,0.997067965
21.515000000,0.024541415,-0.091437645,1.017970427
21.520000000,-0.030811717,0.015447487,1.001480647
21.525000000,-0.028387397,-0.036146852,1.014794162
21.530000000,0.024142088,0.000572284,1.009023810
21.535000000,-0.007027467,0.008548221,1.001279410
21.540000000,0.042614377,0.017659098,0.999833640
21.545000000,-0.029045422,0.058146874,1.007220810
21.550000000,-0.011986861,-0.059048859,1.017057419
21.555000000,0.050395913,0.001904289,0.990750838
21.560000000,-0.013664410,-0.021790116,1.008136987
21.565000000,0.073522700,-0.008492651,1.008710549
21.570000000,0.002495907,-0.011773394,0.995242797
21.575000000,-0.053525259,-0.012280228,1.014087740
21.580000000,0.008249081,0.015494729,1.019353683
21.585000000,-0.010696508,-0.043671847,0.998871182
21.590000000,0.032055798,0.027553468,1.010706448
21.595000000,-0.009966356,-0.011572640,1.020360953
21.600000000,-0.058597559,0.016207907,0.989336000
21.605000000,0.058701915,-0.000851898,1.006521826
21.610000000,0.003606441,-0.049176755,1.007375038
21.615000000,-0.063404744,0.067283414,1.006045371
21.620000000,0.088334229,0.016219944,1.013882604
21.625000000,-0.006398199,-0.032413994,1.000178729
21.630000000,-0.079097511,-0.010291394,1.007822517
21.635000000,0.007098096,-0.046736792,1.001737597
21.640000000,-0.020512777,-0.000249984,1.007398284
21.645000000,-0.018669367,0.025178637,1.008180072
21.650000000,0.022724071,-0.076575559,1.015847684
21.655000000,0.040734806,-0.037328587,1.003268803
21.660000000,-0.035795277,-0.023989354,0.996019378
21.665000000,-0.002130210,0.012346916,1.017894626
21.670000000,0.014560791,0.034664719,1.010368791
21.675000000,-0.056615614,-0.054286153,1.007910262
21.680000000,0.023765291,0.043795007,1.008847450
21.685000000,-0.000727756,-0.017048612,1.014227891
21.690000000,-0.030362688,-0.050725392,1.007630008
21.695000000,0.021969336,0.036022852,1.001440801
21.700000000,0.006861086,-0.001382195,1.007836206
21.705000000,0.016625219,-0.031087111,0.996817583
21.710000000,-0.019143534,-0.059071117,1.003477776
21.715000000,-0.038614280,0.001127102,1.013226307
21.720000000,0.037762822,0.002333267,0.998054331
21.725000000,0.051525285,-0.002076982,1.009027418
21.730000000,-0.038620352,0.038502181,1.020134569
21.735000000,-0.016440985,-0.005796313,0.998791040
21.740000000,0.031380722,-0.064931326,1.008057602
21.745000000,-0.049750804,-0.057774422,1.007891869
21.750000000,0.059313607,-0.004751056,1.006573653
21.755000000,0.038189599,0.009011754,1.010153225
21.760000000,-0.083044213,0.010700588,0.998040917
21.765000000,0.059997971,-0.031309248,1.001213979
21.770000000,-0.002663678,-0.028616991,1.007140479
21.775000000,-0.012455325,0.004713853,1.019964506
21.780000000,0.043485541,-0.028268977,1.005634375
21.785000000,-0.011693499,-0.008064939,1.000681573
21.790000000,0.023306709,0.029656356,1.011544563
21.795000000,-0.039668779,-0.013021387,1.007800673
21.800000000,0.002674242,0.009621550,1.004559699
21.805000000,0.002366625,-0.017524556,1.004730264
21.810000000,-0.035918877,-0.054990764,1.014792860
21.815000000,0.073006754,0.076814439,0.993125926
21.820000000,0.021752072,-0.020731072,0.997912800
21.825000000,-0.056597066,-0.032847970,1.017052994
21.830000000,-0.013919928,0.017105010,1.006546061
21.835000000,0.009766857,-0.074296792,1.001653556
21.840000000,-0.026217977,0.021241484,1.011857854
21.845000000,-0.047740156,-0.016011345,1.015971830
21.850000000,0.048084811,0.000819329,0.997109352
21.855000000,0.067430655,-0.017107481,1.006739043
21.860000000,-0.048450891,-0.040422713,1.009863096
21.865000000,0.021118005,0.072567586,1.004407591
21.870000000,0.004036220,-0.027808964,0.998322444
21.875000000,-0.041749823,-0.014511601,1.003934314
21.880000000,0.024536524,-0.019932686,1.011137583
21.885000000,-0.038095016,-0.012491110,1.002184066
21.890000000,0.011532733,0.040546316,1.012699439
21.895000000,-0.004688611,-0.040353762,1.008598250
21.900000000,-0.004859419,0.003119825,1.009648260
21.905000000,0.022294083,-0.000092826,1.002943999
21.910000000,-0.057012539,-0.056110654,1.010387194
21.915000000,0.002262153,-0.027283252,1.006585597
21.920000000,0.039395386,0.016691813,0.993783481
21.925000000,0.006449751,-0.003078277,1.009640084
21.930000000,-0.007298875,-0.030309248,1.021781298
21.935000000,0.051921221,-0.025364596,1.022845555
21.940000000,-0.028264969,-0.026420099,0.994631343
21.945000000,-0.020338871,0.015695161,1.013257394
21.950000000,0.026526503,0.022040616,1.005384653
21.955000000,-0.056548209,-0.008990159,0.995463434
21.960000000,0.023953345,-0.001735358,1.016438099
21.965000000,-0.014761904,0.013807961,0.998686098
21.970000000,0.021037549,-0.051372943,1.015113530
21.975000000,0.001855409,-0.043067465,1.004384976
21.980000000,-0.015160057,0.024996080,1.010694618
21.985000000,0.104627763,-0.004086550,1.013258530
21.990000000,-0.025211207,-0.024182966,1.002959086
21.995000000,-0.022597329,-0.073760304,1.009318585
22.000000000,0.013250157,-0.002941540,1.003019556
22.005000000,-0.024837439,0.039969728,1.009382273
22.010000000,0.002286576,-0.020459791,0.995541504
22.015000000,0.042315353,0.033086668,1.012707397
22.020000000,-0.006712759,-0.036222394,1.013103570
22.025000000,-0.095797324,-0.069208055,0.999606781
22.030000000,0.043854479,0.025770337,1.005033541
22.035000000,0.071955631,0.028257832,1.002106429
22.040000000,-0.067394901,0.003399522,1.005010913
22.045000000,-0.014388286,0.011794360,1.000998015
22.050000000,0.083113324,-0.034913576,1.013278666
22.055000000,-0.017917720,-0.060118127,1.008593176
22.060000000,-0.083504847,0.005926270,1.012887087
22.065000000,-0.007906860,0.013072043,1.004362558
22.070000000,0.024089708,0.003575993,0.998912116
22.075000000,-0.028380381,-0.026776470,1.009554280
22.080000000,-0.005421404,0.031225027,1.000783272
22.085000000,0.040368795,0.021943211,1.013424838
22.090000000,-0.044390984,-0.101072780,1.002803233
22.095000000,0.007797275,0.022365106,1.004960728
22.100000000,0.027155515,-0.010727423,1.007809539
22.105000000,-0.022123825,-0.085570961,0.996016598
22.110000000,-0.003491263,0.023685550,1.013831527
22.115000000,-0.004989209,0.006045974,1.013726069
22.120000000,0.030657454,0.001028424,0.996010711
22.125000000,-0.006794558,-0.003861159,1.001936052
22.130000000,-0.032420273,-0.016017742,1.019484879
22.135000000,-0.037135352,-0.007927162,1.008047847
22.140000000,0.024880935,-0.003807551,1.009295829
22.145000000,0.002289369,-0.001803434,1.006679800
22.150000000,-0.039522483,-0.019478794,1.005380155
22.155000000,0.040682464,-0.013686633,1.006928628
22.160000000,-0.015329511,0.025566338,1.000072653
22.165000000,0.027472224,0.040461840,1.014075665
22.170000000,0.074899263,-0.046116813,1.004951031
22.175000000,-0.000286884,-0.029839845,1.008064708
22.180000000,-0.040318286,-0.012052950,1.006507821
22.185000000,0.042008560,-0.007394371,1.001587299
22.190000000,0.029843155,0.031520469,1.012239335
22.195000000,-0.098290889,-0.092342092,1.001208281
22.200000000,0.029569172,-0.040048877,1.008953898
22.205000000,0.061274684,0.054195053,1.013535691
22.210000000,-0.021204770,-0.034540844,1.003880057
22.215000000,-0.022594839,0.003653687,1.010784168
22.220000000,0.007081480,0.048970945,1.005591899
22.225000000,0.048399061,-0.024148016,1.003619814
22.230000000,-0.023870498,-0.035014363,1.010205913
22.235000000,0.000647960,-0.022421013,1.002724166
22.240000000,-0.003547054,-0.034336017,1.008112140
22.245000000,-0.019485693,0.005255219,1.013415484
22.250000000,0.087542349,-0.003471305,1.010367809
22.255000000,0.005156986,0.009066182,1.006003416
22.260000000,-0.069163039,-0.001848832,1.006911647
22.265000000,-0.003164945,-0.063111740,1.004567633
22.270000000,-0.015659474,-0.001468363,1.002257710
22.275000000,-0.012718908,-0.005620746,1.017773998
22.280000000,-0.006488928,-0.027475842,0.997672634
22.285000000,0.016754416,0.026564987,1.001868960
22.290000000,0.030998953,0.027189122,1.017613627
22.295000000,-0.048500291,-0.019643841,1.006046512
22.300000000,-0.026949567,-0.041256124,1.007941227
22.305000000,0.021430759,-0.026896729,0.993310729
22.310000000,0.002233414,0.011891915,1.012805163
22.315000000,-0.000828082,-0.013593519,1.010998921
22.320000000,-0.031366680,-0.054110582,1.003794382
22.325000000,-0.032715691,0.020982571,1.011779396
22.330000000,0.009746474,-0.035115448,0.997214649
22.335000000,0.027349007,-0.027358742,1.002550697
22.340000000,0.028598163,0.016674483,0.999736965
22.345000000,0.019038571,-0.036892068,1.012843453
22.350000000,0.004934116,0.051416319,1.003986578
22.355000000,-0.040146693,-0.017033891,1.005060877
22.360000000,-0.036196620,0.010574541,1.018703364
22.365000000,0.033843621,0.007168291,1.004943679
22.370000000,-0.000708920,-0.121371905,1.015671510
22.375000000,0.019842097,0.005386030,1.004956204
22.380000000,-0.004862210,0.007200163,1.004625521
22.385000000,-0.022029599,0.015265079,1.009593325
22.390000000,0.053344946,0.018014150,1.006902935
22.395000000,-0.037047255,-0.031963878,1.010054861
22.400000000,0.004481220,-0.017681689,1.007358151
22.405000000,0.031204425,-0.033049058,1.020212508
22.410000000,0.006367963,0.037606446,1.007647114
22.415000000,0.007229704,-0.030066426,0.994467710
22.420000000,-0.039933750,-0.053089615,0.999058531
22.425000000,-0.010630241,0.072022992,0.999940736
22.430000000,-0.033247443,-0.009904929,1.008904117
22.435000000,0.007360090,-0.066595944,1.011250006
22.440000000,-0.019353551,0.017690609,1.007815335
22.445000000,0.007744361,-0.027262711,1.008155346
22.450000000,0.035383665,0.030033025,1.006930592
22.455000000,-0.030440298,0.053993884,1.008965588
22.460000000,0.035650532,-0.068398213,1.002994723
22.465000000,-0.020142464,0.021744720,1.004004666
22.470000000,0.004311979,-0.023316784,1.002920820
22.475000000,0.019041970,-0.032078867,0.998595819
22.480000000,-0.026754543,0.003538108,1.014537986
22.485000000,0.042906106,-0.027417339,0.997890689
22.490000000,0.039368577,0.076823819,1.004515297
22.495000000,-0.051707060,-0.032463857,1.015282607
22.500000000,-0.017526789,-0.028590848,1.002756883
22.505000000,0.037707673,-0.003045263,1.008093100
22.510000000,-0.029350192,-0.049839677,1.006842440
22.515000000,0.069046178,-0.022034968,1.018063307
22.520000000,0.025467955,-0.017607426,1.001558612
22.525000000,-0.036856485,0.033975959,1.002617114
22.530000000,-0.007752198,-0.031006023,1.005171248
22.535000000,-0.047133014,0.035298223,1.003893334
22.540000000,0.009696143,-0.034403516,1.012550673
22.545000000,-0.053068714,-0.081645386,0.995768356
22.550000000,0.045708013,0.048266670,1.016093292
22.555000000,0.079185089,-0.015663389,1.008879999
22.560000000,-0.071787457,0.014987032,1.000238410
22.565000000,0.032557940,-0.037419627,1.011908931
22.570000000,0.039017731,-0.031016945,1.010847921
22.575000000,-0.076706233,0.002312963,1.010168084
22.580000000,0.017298753,-0.052022011,1.008046110
22.585000000,0.006267004,-0.003924921,1.014680089
22.590000000,-0.059022629,0.001718053,0.998316291
22.595000000,0.028196050,0.051983768,1.003679172
22.600000000,-0.026965078,-0.010632624,1.004487789
22.605000000,0.034707804,-0.073546187,1.017079747
22.610000000,0.006158276,-0.007680926,1.020108727
22.615000000,-0.041820806,0.038028116,0.989082360
22.620000000,0.065015500,0.006806414,1.016625498
22.625000000,-0.010185960,-0.037809643,1.013658753
22.630000000,0.035710425,0.011775108,0.997810101
22.635000000,0.026916176,-0.033439418,1.012000298
22.640000000,-0.021161799,-0.045652357,1.012308573
22.645000000,-0.024901161,0.011549313,1.003389538
22.650000000,-0.000770083,0.027494844,1.007071066
22.655000000,-0.020694607,0.015173245,1.007421893
22.660000000,-0.033001777,-0.060317865,1.009559674
22.665000000,0.023701688,-0.017039191,1.005350474
22.670000000,-0.068590582,0.008714046,0.997634024
22.675000000,0.052047763,-0.064752247,1.021132282
22.680000000,-0.002028121,0.008696998,0.996454501
22.685000000,-0.017817561,0.028206495,0.994243331
22.690000000,0.049562595,-0.050383200,1.009164649
22.695000000,-0.045182692,-0.025977599,0.996783002
22.700000000,0.043644112,0.004871243,1.011392123
22.705000000,-0.049309321,0.004290091,0.999916877
22.710000000,0.031898717,-0.005007698,1.008935408
22.715000000,0.033295816,-0.016509971,1.006307522
22.720000000,-0.069212635,-0.037051264,1.006575186
22.725000000,0.028429634,0.008598373,1.006131764
22.730000000,0.006720477,-0.022937547,1.000154330
22.735000000,0.042284969,-0.088039258,1.012972276
22.740000000,0.025228995,0.054800157,1.001119055
22.745000000,0.003288479,-0.011396829,1.016595148
22.750000000,-0.056069945,-0.053750784,1.017286802
22.755000000,0.022020641,0.042079699,1.007132082
22.760000000,0.012799287,-0.034021566,1.005834882
22.765000000,-0.071194381,-0.009767251,1.013551143
22.770000000,0.052377272,0.013808870,1.016399908
22.775000000,-0.021836649,0.009652937,0.987349505
22.780000000,0.022247884,-0.034797651,0.994506071
22.785000000,-0.010710356,-0.005406155,1.002717568
22.790000000,-0.033290715,0.026902561,1.010637856
22.795000000,0.070223413,-0.049531018,1.009006436
22.800000000,-0.062870319,0.040861207,1.008840088
22.805000000,-0.035512515,0.009163381,1.006149734
22.810000000,0.025850597,-0.020072603,0.987926526
22.815000000,0.041567722,0.031611791,1.017404068
22.820000000,0.029801107,-0.004014639,1.008886490
22.825000000,-0.024388096,0.026709249,0.999154348
22.830000000,0.020259129,-0.020783072,1.022679880
22.835000000,-0.000235459,-0.020341675,1.005197236
22.840000000,-0.027643608,0.035651629,1.004593794
22.845000000,-0.012111727,-0.054646061,1.010281838
22.850000000,-0.008824178,-0.014702004,0.991640644
22.855000000,0.010653555,0.068448769,1.003163097
22.860000000,0.011233553,-0.053466434,1.016618723
22.865000000,-0.021386529,-0.024655520,1.008810588
22.870000000,-0.016430559,0.019029779,1.015980738
22.875000000,0.013960282,-0.046020748,1.008401080
22.880000000,0.026610764,0.009867803,0.999635902
22.885000000,0.021012037,-0.041110589,1.009469604
22.890000000,-0.016803966,-0.016961053,1.016638154
22.895000000,-0.023504703,0.019838957,1.009575722
22.900000000,-0.001237148,-0.042631407,0.999388579
22.905000000,-0.002827409,-0.018306190,1.008666882
22.910000000,0.032889962,-0.033059806,1.004626825
22.915000000,0.018266468,0.018282739,1.006766913
22.920000000,-0.040329444,-0.014355928,1.008912301
22.925000000,0.002378032,-0.015131670,0.994871605
22.930000000,-0.009188687,0.016244433,1.002546107
22.935000000,-0.019239011,-0.090371336,1.021941262
22.940000000,0.050335619,0.006382945,1.013146888
22.945000000,0.007249971,-0.020167326,0.999160504
22.950000000,-0.025693242,-0.041151595,1.015597299
22.955000000,0.005163749,0.047468298,1.008413058
22.960000000,-0.042227355,-0.005697753,1.004154173
22.965000000,0.018360917,0.011409412,1.014049423
22.970000000,0.049509149,-0.049444758,0.998825649
22.975000000,-0.073616634,-0.024016173,1.007461824
22.980000000,0.002463353,-0.019255007,1.001112006
22.985000000,0.037394308,0.002303252,0.996303539
22.990000000,-0.011977140,0.055743412,1.011380284
22.995000000,0.014100435,-0.107029724,1.005205468
23.000000000,0.002837583,-0.042727351,1.006117406
23.005000000,0.027355182,-0.001766115,1.006729525
23.010000000,0.009808050,-0.034932531,1.004702918
23.015000000,0.008474704,0.003807941,1.012886544
23.020000000,-0.016090097,0.004159945,1.010766966
23.025000000,-0.027708442,-0.023726661,0.998902908
23.030000000,0.034138568,-0.055246093,0.996391965
23.035000000,-0.015765329,0.029174089,1.002580489
23.040000000,-0.036407672,-0.061613629,1.001840048
23.045000000,0.026752286,0.018740078,1.010738677
23.050000000,-0.018488242,0.053273613,1.010041056
23.055000000,-0.051639472,-0.087876133,1.000830092
23.060000000,0.053866477,0.059194879,1.006481924
23.065000000,-0.010778203,0.033776123,1.006350200
23.070000000,-0.024316614,-0.024800649,1.011936983
23.075000000,0.068271898,-0.014524677,1.006519701
23.080000000,-0.023937505,0.012280375,1.008027383
23.085000000,-0.010428264,0.033408276,1.021237295
23.090000000,0.027296060,-0.012512533,1.000718605
23.095000000,-0.006968185,0.009047871,1.007163895
23.100000000,-0.018678338,-0.038481865,1.018346055
23.105000000,0.002095739,-0.009284312,1.002192029
23.110000000,0.008328835,-0.002155409,1.002385043
23.115000000,-0.017362775,-0.054233696,1.009863967
23.120000000,-0.002961851,-0.013487991,1.007989963
23.125000000,-0.006086405,0.048973210,1.003939782
23.130000000,0.029277929,0.038240784,1.004225473
23.135000000,0.020504852,-0.012393507,1.010209803
23.140000000,-0.016867208,-0.011652388,1.019080063
23.145000000,0.025355280,-0.001311367,0.998230142
23.150000000,-0.003613618,0.014093554,0.996153835
23.155000000,-0.044131099,0.005829271,1.017557343
23.160000000,0.060654359,0.021791683,1.007044022
23.165000000,-0.013863933,-0.016053878,1.001551620
23.170000000,-0.073672518,-0.057251200,1.003729097
23.175000000,0.087608159,-0.018699875,1.008387311
23.180000000,-0.040906005,0.046756834,1.012324298
23.185000000,-0.016408786,0.016105196,1.004783905
23.190000000,0.072853560,-0.099388893,1.007332392
23.195000000,-0.042732748,-0.024131326,1.000908735
23.200000000,0.040123159,0.008706839,1.003631591
23.205000000,-0.024537993,-0.002114514,1.007065101
23.210000000,-0.058076465,0.006440741,0.998378171
23.215000000,0.003157022,-0.044370924,1.017649945
23.220000000,-0.016062135,-0.077938918,1.015285197
23.225000000,0.040705976,-0.012515652,1.000909166
23.230000000,0.010031421,0.061061659,1.010024951
23.235000000,-0.040200181,-0.041170032,1.006354382
23.240000000,0.002237991,-0.007771167,1.011854801
23.245000000,0.033549345,-0.040795006,1.011493427
23.250000000,0.001790469,-0.080103900,0.997432806
23.255000000,0.008742273,0.015913033,1.000001618
23.260000000,0.036668393,-0.013199518,1.006008860
23.265000000,-0.043673509,-0.038465165,1.006569542
23.270000000,-0.080612660,-0.028765836,1.010482458
23.275000000,-0.003675532,0.028061396,1.008108092
23.280000000,-0.004079145,-0.050246084,1.001283719
23.285000000,0.005342991,-0.006133736,1.008424857
23.290000000,0.079487444,0.026311745,1.009103948
23.295000000,0.024032440,-0.035958056,1.012983217
23.300000000,-0.061356521,0.040448128,1.007670377
23.305000000,-0.005897520,-0.064765458,0.998745805
23.310000000,0.057095009,-0.006433285,1.019383219
23.315000000,-0.015691870,0.036301061,0.998823448
23.320000000,0.019559002,-0.022227874,1.000095149
23.325000000,0.005457829,0.069453933,1.016268819
23.330000000,-0.027880182,-0.024201509,1.004176816
23.335000000,0.036485675,-0.099600909,1.008701246
23.340000000,-0.079422583,0.005194615,0.998855834
23.345000000,-0.020637668,-0.003067406,1.008702407
23.350000000,0.014638355,-0.056085010,1.004424374
23.355000000,0.018013356,0.008261981,1.005536958
23.360000000,0.075472541,-0.026079582,1.025527885
23.365000000,-0.051572327,-0.009456586,0.996989576
23.370000000,0.027559112,0.013480379,0.998275588
23.375000000,0.014647908,-0.000434804,1.012358527
23.380000000,-0.041262838,0.061404303,1.005782245
23.385000000,0.040940830,-0.014988002,1.003392285
23.390000000,0.003016094,-0.021576730,1.004363474
23.395000000,-0.003951753,0.018755701,1.000473066
23.400000000,-0.011175728,-0.003919560,1.003623396
23.405000000,-0.001257388,-0.013908466,1.011524838
23.410000000,-0.001949674,0.019903892,1.010888250
23.415000000,0.024109508,0.042377275,1.004952317
23.420000000,0.014477453,-0.012390749,0.996614167
23.425000000,-0.067983335,-0.001326266,1.009525333
23.430000000,-0.010474765,-0.014376257,1.006740966
23.435000000,0.005634484,-0.029136304,1.006981454
23.440000000,-0.020313114,0.011300823,1.014486018
23.445000000,0.039317350,0.016495464,1.009958324
23.450000000,0.048679368,-0.044952145,1.012399601
23.455000000,-0.018244598,-0.022069820,0.990311108
23.460000000,-0.014855001,0.030871879,1.010337293
23.465000000,-0.003019673,-0.039186096,1.019891361
23.470000000,-0.056153867,-0.029878121,1.000367342
23.475000000,0.048607852,0.001511151,1.009126348
23.480000000,0.017023803,-0.032838697,1.004755906
23.485000000,-0.067774064,-0.044237559,1.008014833
23.490000000,0.068908668,-0.017401770,1.009403042
23.495000000,0.000458589,-0.013047605,1.007484848
23.500000000,-0.021087685,0.005817833,1.004595347
23.505000000,0.011148288,0.017654880,1.003111909
23.510000000,-0.026954956,-0.049702216,1.014522968
23.515000000,-0.028198669,-0.044670866,1.014102762
23.520000000,-0.049667345,-0.012373500,1.000049711
23.525000000,0.095824711,-0.004257760,1.008363728
23.530000000,-0.039665569,-0.043537418,1.011546115
23.535000000,-0.034578504,-0.014967626,0.997938603
23.540000000,0.114692588,0.025247624,1.013542972
23.545000000,-0.076393259,-0.047304356,1.011623963
23.550000000,0.032765604,-0.010079029,1.011766690
23.555000000,0.065008769,0.001770649,1.003756272
23.560000000,-0.019088192,-0.023993322,0.998542154
23.565000000,-0.008238824,-0.009055523,1.014164793
23.570000000,-0.016191897,0.003962521,0.996344744
23.575000000,-0.028601899,0.042255842,1.005391285
23.580000000,-0.005769438,-0.034969969,1.011853286
23.585000000,0.059209406,-0.015403748,1.013281457
23.590000000,-0.087647839,0.006017568,1.003533848
23.595000000,0.045484599,-0.090159665,0.997026793
23.600000000,0.034143206,0.069643652,1.013054418
23.605000000,-0.068270684,0.042254592,0.994439722
23.610000000,0.087417291,-0.050250637,1.005722049
23.615000000,-0.044388960,0.060604871,1.005611235
23.620000000,-0.024821290,-0.048101350,1.009967532
23.625000000,0.024292311,0.037072742,1.012558385
23.630000000,-0.014443065,0.021108434,0.992875938
23.635000000,0.001039281,-0.096725178,1.013689188
23.640000000,0.028596810,0.021621476,1.009761002
23.645000000,0.018386682,0.002688452,1.007961106
23.650000000,-0.045359539,0.026940181,1.003306874
23.655000000,0.014768717,-0.032438394,1.002450392
23.660000000,-0.031086765,-0.011778388,1.010984562
23.665000000,-0.006976531,-0.028720495,1.002415558
23.670000000,-0.004175294,-0.099467752,1.004435617
23.675000000,0.020232044,0.055043125,1.008268300
23.680000000,0.032851165,-0.025382846,1.019328544
23.685000000,-0.057896174,-0.013730867,1.005623010
23.690000000,0.037186306,-0.018780259,0.996952203
23.695000000,-0.017847086,-0.071527784,1.009564140
23.700000000,-0.023950683,0.040231141,1.009337551
23.705000000,0.013843459,-0.029113048,1.002041089
23.710000000,-0.006934805,0.011020429,1.008327767
23.715000000,0.043404896,0.041671402,1.011493896
23.720000000,-0.009942284,-0.041458519,1.001078022
23.725000000,-0.020576985,-0.009207788,1.009209149
23.730000000,0.004172910,-0.025332557,1.005274052
23.735000000,0.009418026,-0.016666376,1.007068606
23.740000000,-0.000198098,0.020051263,1.006422742
23.745000000,0.014797537,-0.052186231,1.001811909
23.750000000,-0.005567967,0.003135635,1.013283240
23.755000000,-0.002757181,0.033889391,1.003969412
23.760000000,-0.015562652,-0.061377962,1.007035910
23.765000000,-0.020815339,0.020995345,1.008253875
23.770000000,0.047234431,0.003995072,1.007852466
23.775000000,-0.004565375,-0.025911615,1.011405667
23.780000000,0.037299772,0.022351224,1.005070119
23.785000000,-0.000097102,-0.076980556,1.011056917
23.790000000,-0.008847688,-0.010832829,1.013102378
23.795000000,0.020381109,0.032963971,1.007843717
23.800000000,-0.066373193,-0.055568761,1.012838354
23.805000000,0.012571623,0.014959575,1.010970577
23.810000000,-0.006193944,0.020281535,0.993348836
23.815000000,0.044423911,0.011372697,1.006111186
23.820000000,0.025252252,0.017272304,1.010244819
23.825000000,-0.081486961,-0.059887530,0.997972221
23.830000000,0.014600324,-0.021612552,1.006742152
23.835000000,-0.024512949,0.003246909,1.012535169
23.840000000,-0.026640379,0.002248826,1.011041657
23.845000000,0.044121209,-0.001317950,1.004051103
23.850000000,0.034376976,-0.000538380,1.005443795
23.855000000,-0.020937969,0.004756497,1.005459427
23.860000000,0.017232057,-0.069576272,1.009348031
23.865000000,0.036841665,0.001777790,1.004667939
23.870000000,-0.050102367,0.008886032,1.005460429
23.875000000,0.017398817,-0.053290525,1.004154547
23.880000000,0.030030501,-0.003438503,0.999855079
23.885000000,-0.021011811,-0.041506131,1.020745860
23.890000000,0.008531251,0.028319675,1.007719765
23.895000000,0.016434799,0.054704134,1.003125580
23.900000000,-0.047996062,-0.046310130,1.013168880
23.905000000,-0.038755888,0.012927874,1.007703496
23.910000000,0.038922091,-0.035283377,1.007113006
23.915000000,0.038413928,-0.044117020,1.001292148
23.920000000,0.018871428,0.046536012,0.993242000
23.925000000,-0.041580913,-0.057273425,1.001392686
23.930000000,0.010965590,0.024415293,1.013278830
23.935000000,0.019323577,0.027026042,0.993251420
23.940000000,-0.047139123,-0.066796508,1.013405773
23.945000000,0.028674233,0.063643252,1.011814126
23.950000000,0.003999298,-0.022954039,0.999064128
23.955000000,-0.032612296,-0.066908783,1.018200644
23.960000000,-0.026901524,0.028351572,0.992306390
23.965000000,-0.069856066,0.011899892,1.014168089
23.970000000,-0.037864263,-0.048213938,1.007843414
23.975000000,0.051252439,-0.028141348,1.004949885
23.980000000,0.050735177,-0.016927468,1.018963024
23.985000000,0.029269779,-0.020222193,1.008448729
23.990000000,0.015629829,0.033615101,1.014804815
23.995000000,-0.044007971,-0.034057163,0.995130274
24.000000000,-0.064907564,0.007955613,1.009007423
24.005000000,-0.035600201,-0.036790544,1.003505449
24.010000000,0.058686706,-0.062852520,1.008176456
24.015000000,0.050057599,0.020545559,1.014851483
24.020000000,0.012337393,-0.018090990,0.995024721
24.025000000,0.004673108,0.063186155,1.010632407
24.030000000,-0.028059932,-0.024732298,1.005403148
24.035000000,-0.004307964,-0.045214807,1.013564100
24.040000000,-0.044650870,-0.000074622,0.999783798
24.045000000,0.036636063,-0.022944493,1.003423007
24.050000000,0.038890337,0.006143887,1.012769190
24.055000000,-0.028441126,-0.027262915,1.003599487
24.060000000,0.033735189,0.045805986,1.019881078
24.065000000,-0.015880096,-0.035182808,1.003388176
24.070000000,0.017801543,-0.052765767,1.000952358
24.075000000,0.024743760,0.009301626,1.001868265
24.080000000,0.000575334,-0.020228514,1.011302953
24.085000000,0.049666477,-0.018202392,1.010262338
24.090000000,0.006383884,-0.027824483,1.002791676
24.095000000,-0.020371794,0.043107058,1.008675458
24.100000000,0.019285612,0.020852696,1.001092585
24.105000000,-0.005906477,-0.014332103,1.008810951
24.110000000,-0.038580432,-0.043970323,1.010913066
24.115000000,-0.006146559,-0.047256807,1.017715411
24.120000000,-0.028276601,-0.009339626,1.005067843
24.125000000,-0.009853260,-0.016530123,1.004125866
24.130000000,-0.023140742,0.042099417,0.998032301
24.135000000,0.019963900,0.036814873,0.999586892
24.140000000,0.062656434,-0.039226755,1.020036747
24.145000000,-0.016960506,-0.057385814,0.993849012
24.150000000,0.022872397,0.000630282,1.010856636
24.155000000,-0.026646120,0.015147096,1.013637591
24.160000000,-0.020908828,0.031545111,0.996036854
24.165000000,0.004611821,-0.003505638,1.008477571
24.170000000,0.004819674,-0.062600527,1.001195147
24.175000000,0.034015324,-0.033942302,1.009331362
24.180000000,-0.040240799,0.003520595,1.023423129
24.185000000,0.022841260,0.053136860,1.000966060
24.190000000,-0.002924267,-0.003057615,0.994604121
24.195000000,-0.016540416,-0.030413875,1.012084221
24.200000000,0.018848603,-0.005895923,0.997642001
24.205000000,0.024040489,0.026707113,1.017001977
24.210000000,0.002613051,-0.032757195,1.009655283
24.215000000,-0.068947659,-0.066485214,0.996491571
24.220000000,0.040152793,0.023948711,1.018704684
24.225000000,0.007574263,-0.038734230,0.992769203
24.230000000,-0.015630572,-0.016731654,1.019214983
24.235000000,0.004007059,0.013856662,1.014537364
24.240000000,-0.022295929,-0.000029108,0.999050724
24.245000000,0.040005932,0.007796672,1.020267930
24.250000000,0.004759179,-0.034639727,1.002292396
24.255000000,0.008273196,-0.045131226,1.001361485
24.260000000,-0.014881556,-0.057833571,1.002789218
24.265000000,-0.055360513,0.024062309,1.006411134
24.270000000,-0.019594058,0.061701551,0.998216866
24.275000000,0.022955724,0.000787751,1.004074395
24.280000000,-0.051083522,-0.084312449,1.010992550
24.285000000,-0.027038410,-0.006597360,1.002374874
24.290000000,0.050098400,0.073085353,1.009095576
24.295000000,-0.103507624,-0.014283850,1.004319268
24.300000000,-0.006782289,0.004007352,1.006286005
24.305000000,0.043452926,-0.037582597,1.005634224
24.310000000,0.016711251,-0.029142558,1.011340048
24.315000000,0.068939263,-0.009124228,1.012923270
24.320000000,-0.046202430,-0.000670866,1.005885968
24.325000000,0.032858332,0.048679575,1.009250110
24.330000000,0.007350317,-0.031060666,1.001530416
24.335000000,-0.047798875,-0.031904085,1.006395859
24.340000000,0.045144777,-0.024922509,1.010966179
24.345000000,-0.014856668,-0.037259039,1.008820204
24.350000000,-0.000505050,-0.058704756,1.006675265
24.355000000,0.056641935,-0.048557105,1.012060153
24.360000000,0.027706294,0.077182848,1.010574251
24.365000000,0.005684839,0.025580909,1.000777011
24.370000000,-0.011124393,-0.043302952,0.997007808
24.375000000,-0.057113335,-0.012978399,1.005269527
24.380000000,-0.057121761,-0.065263125,1.012494239
24.385000000,-0.022360137,0.012615964,1.000733898
24.390000000,0.046323057,0.052403560,1.007479042
24.395000000,0.066324400,-0.032703816,1.003033740
24.400000000,0.029347140,-0.003888445,1.006247225
24.405000000,0.034391653,-0.013262520,1.011906806
24.410000000,-0.017283931,0.019104130,1.011522182
24.415000000,0.009269870,-0.022262929,1.011791796
24.420000000,0.011508515,-0.068205713,0.987505651
24.425000000,-0.025572416,0.032171111,1.002853055
24.430000000,0.002639527,-0.031416358,1.018500845
24.435000000,0.019916384,-0.032654134,1.003202639
24.440000000,0.057461919,0.027381904,1.002597204
24.445000000,-0.040369899,0.002156715,1.011088342
24.450000000,-0.054337146,0.009883147,1.012432136
24.455000000,0.022157018,-0.018794854,0.993628141
24.460000000,-0.026391261,-0.030078129,1.006562489
24.465000000,0.008748014,0.016140377,1.009595517
24.470000000,0.054255438,0.012459863,1.003016195
24.475000000,0.009285556,-0.026225487,1.020006361
24.480000000,-0.046718203,-0.047233255,1.010119303
24.485000000,-0.021139294,-0.033710002,1.007063313
24.490000000,0.038933660,-0.007733581,1.008487872
24.495000000,-0.018387349,-0.052005050,1.004151202
24.500000000,-0.038436285,0.035720618,1.003802886
24.505000000,-0.000121249,-0.007260781,1.005814139
24.510000000,-0.038829386,-0.072615618,1.013951264
24.515000000,0.016414667,0.057718327,1.008862926
24.520000000,0.026562674,-0.013270477,1.005761689
24.525000000,-0.024860044,0.050697852,1.022463469
24.530000000,0.014779456,0.023042367,1.010356474
24.535000000,-0.035666193,-0.047648463,0.988806297
24.540000000,-0.021117094,-0.002291681,1.004250505
24.545000000,-0.015806972,-0.042813841,1.007148589
24.550000000,-0.007682108,0.050335277,1.002395184
24.555000000,0.033992049,-0.040746888,1.012171064
24.560000000,-0.009629252,-0.015997431,1.008084288
24.565000000,0.034122012,-0.009309791,1.001744630
24.570000000,-0.003303755,-0.084613972,1.010072025
24.575000000,-0.008635535,0.071790632,1.006340817
24.580000000,-0.024407994,0.028096377,1.010453471
24.585000000,-0.014289399,0.007444212,1.014229687
24.590000000,0.012157178,-0.029958488,0.994496793
24.595000000,-0.077559372,-0.079865630,1.011395161
24.600000000,0.065144364,-0.002435652,1.010142232
24.605000000,0.052227451,0.005469751,0.996181894
24.610000000,0.000690753,0.004644601,1.018534342
24.615000000,-0.000007413,0.030641252,1.003808277
24.620000000,-0.028992249,0.001724458,0.999364691
24.625000000,0.062568589,-0.066192570,1.013081698
24.630000000,-0.053120141,0.002784333,1.009573449
24.635000000,0.022590492,0.012500319,1.003407379
24.640000000,0.017418393,-0.033920193,1.004389076
24.645000000,-0.047928393,-0.007100831,1.007180058
24.650000000,0.072644665,-0.003606653,0.997712629
24.655000000,-0.038650803,-0.007008788,1.013994251
24.660000000,0.008894850,-0.033437586,1.002314579
24.665000000,0.031792485,-0.017324765,0.991915789
24.670000000,-0.013504234,0.018709286,1.016308100
24.675000000,0.036732837,-0.026655803,1.006204510
24.680000000,-0.040130583,-0.079945769,1.014747135
24.685000000,0.004576862,-0.002836957,1.012121261
24.690000000,0.041389561,0.013225064,1.006577762
24.695000000,-0.048489889,-0.033482974,1.012982478
24.700000000,0.004292606,0.001677086,0.992105710
24.705000000,-0.014755377,-0.020056890,1.004387443
24.710000000,-0.041487545,-0.034691612,1.011473575
24.715000000,0.103958363,0.012691884,1.010966058
24.720000000,-0.013962967,0.034279681,1.018826574
24.725000000,-0.005150577,-0.005586800,1.001855169
24.730000000,0.060525317,0.000567373,1.005729204
24.735000000,-0.077649024,-0.058194034,1.006566535
24.740000000,0.026297746,-0.043813848,1.005992064
24.745000000,-0.016766155,0.043446998,1.005387147
24.750000000,-0.036646286,-0.036248451,1.004184166
24.755000000,0.017443569,0.060799243,1.001716734
24.760000000,-0.007636025,0.038240754,0.996712529
24.765000000,0.037422049,-0.077024945,1.018586565
24.770000000,-0.047953081,-0.012101235,1.014423681
24.775000000,0.009969161,-0.030017217,0.997765876
24.780000000,0.016640530,0.024001567,1.007437963
24.785000000,-0.073889452,0.021243878,1.011988939
24.790000000,0.001776500,-0.056642391,1.012360314
24.795000000,0.056793474,-0.011231614,1.000061037
24.800000000,0.003294143,0.022999070,0.996055141
24.805000000,-0.038124066,-0.055838437,1.006189855
24.810000000,0.030347708,-0.043243861,1.009429106
24.815000000,-0.023568920,0.074112384,1.008097689
24.820000000,-0.044867105,-0.024328689,1.008729874
24.825000000,0.017782440,-0.101264818,1.021277419
24.830000000,-0.022564790,-0.003534594,1.001312790
24.835000000,0.007130005,0.023682125,0.993072689
24.840000000,0.041905743,0.016893080,1.018010454
24.845000000,0.005327253,-0.009784250,1.006529723
24.850000000,0.015707979,-0.012710281,1.004094222
24.855000000,0.043986924,-0.003919598,1.009576553
24.860000000,-0.030925011,-0.053855972,1.008552076
24.865000000,-0.022480148,0.009186924,1.006730186
24.870000000,0.032244679,0.035800685,0.996729960
24.875000000,-0.041949594,-0.003226282,1.016451731
24.880000000,-0.013221792,0.031309627,1.002164565
24.885000000,-0.012250248,-0.043363522,0.999894748
24.890000000,-0.027860918,-0.040073499,1.021387029
24.895000000,0.077858699,0.021923847,0.991810686
24.900000000,0.016247460,0.011405180,1.012784972
24.905000000,0.006442453,0.005702940,1.016282465
24.910000000,0.029898878,0.019833047,0.995240998
24.915000000,-0.044879973,-0.022802650,1.018594168
24.920000000,0.027638999,-0.075895020,1.006195713
24.925000000,0.006609468,0.006650427,1.003723676
24.930000000,-0.001983433,-0.018499925,1.010716708
24.935000000,0.018253269,0.012033447,1.003474938
24.940000000,-0.025953730,0.021461796,1.004514340
24.945000000,0.044885335,-0.035331115,1.006095962
24.950000000,-0.016583002,-0.011599913,1.014359964
24.955000000,-0.022263358,-0.056770796,1.004088395
24.960000000,-0.015934260,-0.015111430,1.009458908
24.965000000,-0.057680975,-0.054561828,1.012630455
24.970000000,0.037428412,0.002059895,1.002821359
24.975000000,-0.017989237,0.049387957,1.005901068
24.980000000,-0.025318107,-0.031432262,0.999929590
24.985000000,0.013637485,-0.021731050,1.007000348
24.990000000,0.002743188,-0.055120638,1.006188247
24.995000000,0.039998022,0.037061251,1.007340057
25.000000000,0.008126259,-0.006985608,1.017021003
25.005000000,0.004805693,-0.033361306,0.997128121
25.010000000,-0.033380951,-0.014739933,0.996279732
25.015000000,-0.020647269,-0.057561572,1.004959491
25.020000000,0.018362756,0.059757083,1.006704221
25.025000000,-0.035091664,0.011705682,1.013798011
25.030000000,0.022659251,-0.041112288,1.000526788
25.035000000,0.047086390,-0.012957113,0.996469267
25.040000000,-0.001446819,0.017831455,1.013549566
25.045000000,-0.030051718,-0.012351777,1.006981909
25.050000000,-0.024876650,-0.064834434,1.003767223
25.055000000,-0.012905723,-0.010352189,1.014648243
25.060000000,-0.025615811,0.009759283,1.003717704
25.065000000,0.016007519,0.018387302,1.007737530
25.070000000,-0.031869135,-0.018467991,1.007099165
25.075000000,-0.019434431,-0.020614873,1.001463598
25.080000000,0.041849741,0.003987411,1.015808545
25.085000000,0.006140491,0.019321608,1.003149579
25.090000000,0.033455715,0.012366175,1.003823919
25.095000000,-0.015349629,0.005244641,1.011214437
25.100000000,0.034691305,-0.019243209,1.002870089
25.105000000,0.047493092,-0.018129158,1.011009073
25.110000000,-0.077324262,0.041006337,1.003292716
25.115000000,0.003156640,0.002783296,1.001215208
25.120000000,0.013452473,0.014364829,1.008857802
25.125000000,-0.022634002,-0.067907107,1.006684511
25.130000000,0.042723842,-0.044188106,1.015946683
25.135000000,0.061755319,0.043334809,1.019116513
25.140000000,0.023569972,-0.052040591,1.005955228
25.145000000,0.014832811,0.000172862,1.012159507
25.150000000,0.022028949,-0.008974570,1.007053887
25.155000000,-0.042864991,-0.027819674,0.998225532
25.160000000,-0.007168042,-0.001139504,1.012826963
25.165000000,0.027755866,-0.048148770,1.003139376
25.170000000,-0.076911149,-0.039757550,0.997723608
25.175000000,-0.039624522,0.030895755,1.005847109
25.180000000,0.052900607,0.003135539,1.000510925
25.185000000,0.014378169,-0.070295826,1.015740215
25.190000000,0.004879728,0.012731737,1.006658218
25.195000000,-0.002763112,0.012648451,0.997225763
25.200000000,-0.036682225,-0.028640188,0.999182709
25.205000000,-0.033170599,-0.032675723,1.000148867
25.210000000,-0.022234194,0.015290813,1.016055981
25.215000000,-0.013907738,0.012363305,1.012674929
25.220000000,-0.022011138,-0.060221412,1.013450725
25.225000000,0.038294134,-0.004022481,1.008762293
25.230000000,0.009056159,-0.031030816,1.013334020
25.235000000,0.014549973,-0.020711875,1.006276642
25.240000000,0.044767364,0.001885481,0.996388122
25.245000000,-0.079895019,0.010905258,1.012173489
25.250000000,-0.018555021,0.031358369,0.996352134
25.255000000,0.022713864,-0.009302636,1.002200389
25.260000000,-0.018661951,0.002446865,1.010619476
25.265000000,0.018573313,-0.026537292,1.012949128
25.270000000,0.067647315,-0.005938374,1.018084238
25.275000000,-0.016059500,0.037840133,0.993859022
25.280000000,-0.056795629,-0.015392021,1.013138713
25.285000000,0.118778400,-0.034703808,1.016857344
25.290000000,-0.053496584,0.002613910,1.005792881
25.295000000,-0.042127685,-0.020101008,1.011460698
25.300000000,0.094402715,0.013462000,1.000571741
25.305000000,-0.088938424,0.026460076,1.001250351
25.310000000,0.021613154,-0.038345301,1.011224857
25.315000000,0.041617361,-0.032632432,1.009031924
25.320000000,-0.004714896,-0.051189058,0.997231037
25.325000000,-0.009233212,0.016292735,1.011449196
25.330000000,-0.038993458,0.033117605,1.011777735
25.335000000,0.014270779,-0.006308154,1.009694912
25.340000000,-0.048063807,-0.037597392,1.007924824
25.345000000,0.022115052,-0.058769247,0.994919784
25.350000000,0.036582757,0.008241386,1.014094398
25.355000000,0.013544933,-0.012884222,1.005151930
25.360000000,0.008950732,0.019654434,1.002343979
25.365000000,-0.066768402,0.034117510,1.003335837
25.370000000,0.050297213,-0.004277754,1.011048931
25.375000000,0.016348724,-0.057731591,1.011661485
25.380000000,-0.028268070,-0.023478390,0.993062414
25.385000000,0.061170680,0.008721924,1.017037818
25.390000000,-0.022894883,-0.060522311,1.005246232
25.395000000,-0.025490766,0.009565271,1.005010662
25.400000000,0.004090517,-0.025260135,1.012379528
25.405000000,-0.000552246,-0.004726023,0.998027952
25.410000000,0.011621105,0.012252722,1.008346045
25.415000000,-0.002914103,-0.009694591,0.999543925
25.420000000,-0.004314350,0.025978664,0.997277749
25.425000000,-0.036219760,-0.039628360,1.005662409
25.430000000,0.004924446,0.006617084,1.017694143
25.435000000,-0.020150274,-0.007323991,1.001750644
25.440000000,-0.014760577,-0.010074163,0.995226921
25.445000000,0.065734720,-0.042877623,1.018346325
25.450000000,0.001351592,-0.057124387,0.999192199
25.455000000,0.019943820,-0.020058027,0.999694843
25.460000000,-0.015441682,-0.035082672,1.009210423
25.465000000,-0.064061384,0.031051281,1.004595213
25.470000000,-0.005597311,0.013568345,1.004268614
25.475000000,-0.006598036,0.019005322,1.009827069
25.480000000,-0.001648669,-0.046283120,1.011637525
25.485000000,-0.010484741,-0.051359407,1.005528414
25.490000000,0.003223900,0.002565440,1.012735700
25.495000000,0.004212131,-0.017577310,1.010662198
25.500000000,0.006054563,0.081245577,1.003904363
25.505000000,0.012667408,0.006034466,1.007696949
25.510000000,0.025565784,-0.054651304,1.011949170
25.515000000,0.018047968,-0.007502932,1.015553097
25.520000000,-0.006617592,-0.007003399,1.003946608
25.525000000,0.054681285,0.043043911,1.000713501
25.530000000,-0.034948486,-0.013672118,1.012280544
25.535000000,-0.051448416,-0.049649424,1.004449651
25.540000000,0.060626749,0.007793858,1.010926811
25.545000000,-0.004499887,0.003541903,1.018255419
25.550000000,-0.012356741,0.036664403,0.990312769
25.555000000,-0.020045105,-0.003103547,1.013817061
25.560000000,-0.029690127,-0.046737306,1.010212915
25.565000000,0.041872731,0.007647868,1.000988841
25.570000000,0.012278776,-0.046171352,1.023798322
25.575000000,0.012313147,-0.007046611,1.000064785
25.580000000,0.010969194,-0.035997230,1.001493835
25.585000000,-0.062251154,-0.041185757,1.006844793
25.590000000,-0.013889036,0.050557364,1.000425069
25.595000000,0.014557594,-0.017889304,1.009207332
25.600000000,0.017609670,-0.009399118,1.010635716
25.605000000,0.032263405,-0.035209795,1.011500412
25.610000000,0.002763371,-0.015898023,1.003683492
25.615000000,0.003131461,-0.030832198,1.000909132
25.620000000,-0.023313081,-0.013980264,1.000258445
25.625000000,-0.004589581,0.026352256,1.011498980
25.630000000,0.002094840,-0.023860524,1.010952729
25.635000000,0.014892450,0.038980016,1.009205801
25.640000000,0.013610348,-0.057032529,1.011362818
25.645000000,0.001597724,-0.040000684,1.000478952
25.650000000,0.065973583,0.004942813,0.992039753
25.655000000,-0.025554293,-0.021832735,0.996222016
25.660000000,-0.036431038,-0.005490567,1.018242437
25.665000000,0.002318764,-0.021845004,1.010652133
25.670000000,-0.021446285,0.053123376,1.010012439
25.675000000,0.021437238,-0.048720235,1.004269801
25.680000000,0.019712662,-0.006801803,0.999482802
25.685000000,0.027946680,0.049763678,1.023495058
25.690000000,-0.033020424,-0.025298187,1.007298633
25.695000000,-0.016781317,0.008031234,1.007759595
25.700000000,0.007543230,-0.057644362,1.006933205
25.705000000,-0.061341765,-0.039461495,0.997152691
25.710000000,0.027464461,-0.010012326,1.007459259
25.715000000,0.000194826,0.000190146,1.010904776
25.720000000,-0.077345713,0.010468306,1.006550081
25.725000000,0.046430903,-0.016062378,0.989441548
25.730000000,0.010040742,0.031105534,1.004111698
25.735000000,-0.035673582,0.009136200,1.008879740
25.740000000,0.054308492,-0.061549745,0.999013921
25.745000000,-0.049485848,-0.009448229,1.011193390
25.750000000,-0.038509252,0.055180037,1.002615409
25.755000000,-0.025393606,-0.010740661,0.999462561
25.760000000,-0.039201804,-0.040489512,1.012169901
25.765000000,0.063402570,-0.008447484,1.013385439
25.770000000,-0.015911946,0.003437452,1.014383836
25.775000000,0.045469454,-0.070803248,1.006864522
25.780000000,0.023183806,-0.076732643,1.002350458
25.785000000,-0.024222512,0.056936149,1.011175646
25.790000000,0.040447800,0.001539754,1.005385845
25.795000000,-0.047128927,-0.049196493,1.015800230
25.800000000,0.035495229,0.040123424,1.006292912
25.805000000,-0.017598385,-0.041696240,0.989573042
25.810000000,-0.011486504,-0.033546679,1.019199135
25.815000000,0.071433975,0.067219471,1.003722311
25.820000000,-0.030736650,-0.054605261,1.002158355
25.825000000,0.032159273,-0.003988406,1.019370562
25.830000000,0.009467731,0.044602136,0.998658751
25.835000000,-0.032640466,-0.028060357,1.006666194
25.840000000,-0.041300716,0.013044898,1.002169470
25.845000000,-0.005780094,-0.049045898,1.009269531
25.850000000,0.048906804,0.009570557,1.017449587
25.855000000,0.004062775,0.017571827,1.001119719
25.860000000,0.071470378,-0.022845109,1.006299460
25.865000000,0.044296664,0.010203384,1.007492250
25.870000000,0.004542613,-0.047682220,1.015024357
25.875000000,-0.015082686,0.003520611,0.996842651
25.880000000,-0.058743774,-0.032793707,0.991008302
25.885000000,-0.024806909,-0.034787257,1.023772526
25.890000000,-0.014327384,0.017091233,1.007523668
25.895000000,0.017123649,-0.043529832,1.006214244
25.900000000,0.036787862,-0.021230113,1.007584526
25.905000000,0.034919583,-0.001684799,1.004030981
25.910000000,-0.034283320,0.009447449,1.012630341
25.915000000,-0.031738522,-0.006461038,0.997877079
25.920000000,-0.017619288,-0.005130352,1.008567472
25.925000000,-0.022952318,0.012472553,1.013238100
25.930000000,0.010537056,-0.042925358,1.001914178
25.935000000,-0.044709409,-0.041582069,1.001515631
25.940000000,0.053463341,0.013899843,1.003189910
25.945000000,0.009708322,0.056981575,1.005478724
25.950000000,-0.043613412,0.009897652,1.003425189
25.955000000,0.038881550,-0.049590459,1.021686010
25.960000000,-0.012060102,-0.015135069,1.014497632
25.965000000,0.020883712,-0.030262770,0.997618080
25.970000000,-0.029481374,-0.012852937,1.010511844
25.975000000,-0.003059076,-0.008274115,1.010124612
25.980000000,0.015358556,-0.045729251,1.004504593
25.985000000,-0.003734401,0.017451522,1.002949844
25.990000000,0.004577057,0.015675639,1.004030485
25.995000000,-0.054566850,0.027866372,1.010457635
26.000000000,0.048597585,-0.007589113,1.007943169
26.005000000,-0.011139128,-0.031887698,1.000750985
26.010000000,0.028305188,0.053718443,1.011505844
26.015000000,0.068312503,-0.013025786,1.013387469
26.020000000,-0.077986292,-0.036633954,1.004333032
26.025000000,-0.035292272,-0.056747704,1.013767782
26.030000000,-0.013373184,-0.062070754,1.010672788
26.035000000,0.013154422,0.000865466,1.001970970
26.040000000,-0.007495884,-0.020115583,1.007854675
26.045000000,0.023420827,0.018259996,1.006163382
26.050000000,-0.015185948,0.017043678,0.998754374
26.055000000,-0.043339424,-0.033822996,1.001396672
26.060000000,0.065591513,-0.032752000,1.010630811
26.065000000,-0.026953566,-0.020387341,1.010157451
26.070000000,-0.021118726,-0.020073416,1.007984063
26.075000000,-0.026757898,0.013382571,1.000622147
26.080000000,-0.020428268,0.002403863,1.006194293
26.085000000,0.052198589,-0.025793136,1.003009598
26.090000000,0.013127742,0.004760503,1.003620689
26.095000000,0.018956324,-0.041440945,1.015279659
26.100000000,0.004355278,0.023886869,1.003618371
26.105000000,0.018019849,0.027241143,1.002903351
26.110000000,-0.005916605,-0.055195942,1.001019714
26.115000000,-0.019415110,0.004467043,1.009862232
26.120000000,0.029696985,-0.018962593,1.013913023
26.125000000,0.018723464,-0.005173058,0.990540129
26.130000000,-0.000126884,0.031069754,1.008353075
26.135000000,-0.035782245,-0.018134489,1.014235820
26.140000000,-0.010721801,0.014139549,1.009916505
26.145000000,0.066940021,0.041727330,1.006165779
26.150000000,0.021030267,-0.068832895,0.999591351
26.155000000,-0.030812753,-0.087160958,1.003201505
26.160000000,0.032069844,0.010281111,0.998135187
26.165000000,0.007599329,0.011132601,1.018436209
26.170000000,-0.018795523,0.011265582,1.006069871
26.175000000,-0.014126072,0.006406731,1.005795987
26.180000000,-0.031601921,-0.019985509,1.025608769
26.185000000,-0.026756958,-0.007474141,1.005007558
26.190000000,-0.026112671,-0.007339983,1.007402471
26.195000000,0.019686796,-0.059210669,1.001081608
26.200000000,0.044043265,-0.048523346,1.003339852
26.205000000,0.043183200,0.062121585,1.004406278
26.210000000,-0.066460289,0.044879369,1.007406668
26.215000000,-0.039008629,-0.039515650,1.013799377
26.220000000,0.042917549,-0.025476765,1.003137026
26.225000000,-0.041028377,-0.004202319,1.018563405
26.230000000,0.049001364,0.045192650,1.004233569
26.235000000,0.022370139,0.043178004,1.000273719
26.240000000,-0.045786495,-0.053999841,1.007553975
26.245000000,0.025175439,-0.045088176,1.002739478
26.250000000,0.027730397,-0.015686673,1.016244379
26.255000000,-0.000985906,-0.009969438,1.001989007
26.260000000,-0.021472055,0.004307530,1.008266333
26.265000000,0.030812015,0.010392255,1.018566749
26.270000000,-0.026441653,-0.008055823,1.002153201
26.275000000,-0.021659999,-0.078441334,1.010944640
26.280000000,0.021641897,0.012498965,1.007636453
26.285000000,-0.049506230,0.029340475,1.002513826
26.290000000,-0.006272118,-0.045456566,1.014095631
26.295000000,0.057443721,-0.012498969,0.999244921
26.300000000,0.035257300,-0.031428693,1.005544341
26.305000000,-0.043131728,-0.021835629,1.014923904
26.310000000,0.008166802,-0.037200922,1.000520257
26.315000000,0.053769000,-0.009783990,1.016118319
26.320000000,-0.052654385,0.006108716,0.999583664
26.325000000,-0.058149209,-0.018222507,0.990052869
26.330000000,-0.024788292,0.016709436,1.013171478
26.335000000,-0.022298038,-0.001380001,1.000295457
26.340000000,0.034564185,-0.007193816,1.009839341
26.345000000,0.052944529,-0.069584040,1.014453291
26.350000000,-0.027290932,-0.050520368,1.003644618
26.355000000,-0.038009806,-0.002277904,1.003431656
26.360000000,-0.000857713,-0.012119926,1.004555582
26.365000000,-0.007845725,0.040756871,1.004172172
26.370000000,0.025796153,0.018187655,1.000886958
26.375000000,0.031157403,-0.038406335,1.013349579
26.380000000,0.011422059,-0.036879896,1.008147879
26.385000000,0.005032849,0.028278131,1.006603768
26.390000000,0.003186088,-0.019894812,1.013603142
26.395000000,-0.003528713,0.004851544,1.011703373
26.400000000,-0.056078123,0.042714428,1.002930153
26.405000000,-0.001056167,-0.055182599,0.997775365
26.410000000,0.041485011,0.008476783,1.007329263
26.415000000,-0.040172812,-0.010070433,0.996410798
26.420000000,0.030953202,-0.025343128,1.000257844
26.425000000,0.030669185,0.005730792,1.016786001
26.430000000,-0.044790193,0.024750602,1.013012005
26.435000000,0.030934982,0.036458995,1.005761341
26.440000000,0.046355500,-0.057900260,1.006076563
26.445000000,0.038019105,0.002901454,1.008668581
26.450000000,0.003228437,-0.020453882,1.000865019
26.455000000,0.005882640,-0.054743480,1.006073672
26.460000000,-0.023946092,0.018635730,1.005892900
26.465000000,-0.054240541,-0.022309007,1.004116695
26.470000000,0.060100471,-0.014726027,1.010358486
26.475000000,-0.014030159,0.037564400,1.014219233
26.480000000,0.002695867,0.024879658,1.007654044
26.485000000,0.030731798,-0.060889453,1.005373364
26.490000000,-0.041255336,-0.025987402,1.015169259
26.495000000,0.013947066,0.001374943,1.002696359
26.500000000,-0.027106573,-0.030586757,1.008681465
26.505000000,0.036172770,0.020956479,1.015426480
26.510000000,-0.023073189,0.015899227,0.998494897
26.515000000,-0.064664741,-0.026197857,1.002817507
26.520000000,0.062146806,-0.044896427,1.003067840
26.525000000,-0.065312211,0.015513322,1.012879295
26.530000000,-0.020535469,-0.000550641,1.011300623
26.535000000,0.066398782,-0.000332554,1.015136317
26.540000000,-0.038369430,0.000291589,1.018986654
26.545000000,-0.003545561,-0.060396677,0.997096475
26.550000000,0.025390471,0.031124112,0.998884774
26.555000000,-0.024130212,-0.001075481,1.004039111
26.560000000,-0.007633678,-0.028359135,1.003099201
26.565000000,-0.021578470,0.028948301,1.009483921
26.570000000,-0.029365251,-0.000009693,1.013966136
26.575000000,0.046627398,-0.063117425,1.000089435
26.580000000,0.010294695,-0.062827426,1.002524945
26.585000000,0.022238527,0.028778556,1.023383535
26.590000000,0.031367757,-0.008340082,1.000310110
26.595000000,-0.043119611,-0.008929449,1.003058975
26.600000000,-0.038190095,-0.001439127,1.008365696
26.605000000,-0.000601892,0.011493299,1.003676884
26.610000000,0.079524138,-0.016202420,1.011304701
26.615000000,-0.032704966,-0.127144496,1.000489188
26.620000000,-0.044037376,0.009429205,1.003243234
26.625000000,0.068053774,0.038100564,1.000006705
26.630000000,-0.019814101,0.000690981,1.005886781
26.635000000,-0.019307137,0.026944470,1.013327959
26.640000000,-0.013973683,-0.058231938,0.998321835
26.645000000,0.014603893,-0.044147092,1.004973547
26.650000000,0.008250360,0.031133472,1.011541187
26.655000000,-0.011451861,-0.012157359,1.007984044
26.660000000,-0.006186905,-0.064319229,1.003279541
26.665000000,-0.049310916,0.016606648,1.014093809
26.670000000,0.040256300,-0.001178671,1.005628806
26.675000000,0.009004701,-0.001974904,0.998741072
26.680000000,0.011531598,0.033906692,1.011667038
26.685000000,0.050820390,-0.023905377,1.000645118
26.690000000,0.012810966,-0.021381141,1.012341094
26.695000000,0.032217722,-0.022260242,1.015343200
26.700000000,-0.035784404,-0.009479091,1.001500199
26.705000000,0.011072992,-0.033786488,1.009827649
26.710000000,0.003649022,0.016963989,0.999968543
26.715000000,-0.041268918,0.023885963,1.009963875
26.720000000,0.025097682,-0.043654131,1.022065812
26.725000000,0.003280383,0.026028302,0.993282517
26.730000000,-0.011655058,-0.031932999,0.995099676
26.735000000,-0.004711962,-0.058945520,1.010709057
26.740000000,0.008541534,-0.028654386,1.010847715
26.745000000,-0.005608857,-0.016222947,1.017085523
26.750000000,-0.022874023,0.044634274,0.999280619
26.755000000,-0.005750044,-0.009425974,0.997376454
26.760000000,0.031471527,0.018323861,1.018560125
26.765000000,0.020176040,0.038961846,1.005755404
26.770000000,-0.030154031,-0.082090455,1.005510750
26.775000000,0.038477934,-0.021343797,1.018361901
26.780000000,0.007634567,0.058175892,0.998823278
26.785000000,-0.031771648,-0.002625038,1.011654311
26.790000000,0.043799354,0.015100267,1.013795061
26.795000000,-0.047151558,-0.023463962,1.002578031
26.800000000,-0.031133238,-0.042856104,1.009235804
26.805000000,0.078509926,0.019319395,0.997134931
26.810000000,-0.057926100,-0.010225364,1.005286800
26.815000000,-0.083091441,0.000675200,0.996878810
26.820000000,0.079526562,-0.019857850,1.002573134
26.825000000,0.034147259,-0.046189263,1.015387321
26.830000000,-0.046227139,0.012988410,1.004922710
26.835000000,-0.002430088,0.001669298,1.021373127
26.840000000,-0.014439021,-0.010637701,1.004589413
26.845000000,0.017190068,0.011423694,0.998634949
26.850000000,0.023002115,-0.030887401,1.003638005
26.855000000,-0.016902902,-0.018664667,1.002934830
26.860000000,0.045171861,-0.018111322,1.001225478
26.865000000,0.005018263,-0.035719964,1.000453155
26.870000000,-0.055965082,0.032268213,1.020612527
26.875000000,-0.047347171,-0.025235731,1.004907227
26.880000000,-0.026857463,-0.015661504,1.003529493
26.885000000,0.005123933,0.000646517,1.003116057
26.890000000,0.004957750,-0.030894531,1.000743452
26.895000000,0.033566902,0.033613101,1.021412297
26.900000000,-0.010137648,-0.031692361,1.009353005
26.905000000,0.026984495,-0.001405777,1.002275483
26.910000000,0.008438314,-0.024657841,1.002439700
26.915000000,-0.042906471,-0.054675660,1.004884066
26.920000000,0.063268417,0.020415973,1.008857212
26.925000000,-0.057552101,-0.053553757,1.008748884
26.930000000,-0.027132881,-0.019424582,1.014359615
26.935000000,0.042520438,0.028815040,1.013805478
26.940000000,-0.045766706,0.012440968,1.010956668
26.945000000,0.014951514,-0.054267628,0.997640704
26.950000000,0.001580565,-0.032199951,0.997125536
26.955000000,0.057335876,0.005718805,1.010790181
26.960000000,0.041726453,-0.065627910,1.005926761
26.965000000,-0.061520832,0.035396412,1.003339404
26.970000000,-0.015080757,-0.008744235,1.017901644
26.975000000,0.029451615,-0.007520046,1.007518234
26.980000000,-0.007612667,0.060204994,1.006676190
26.985000000,-0.000447516,-0.074619801,1.003810847
26.990000000,0.061205403,-0.036531203,0.993615677
26.995000000,-0.002539585,0.032457655,1.006071368
27.000000000,0.002311919,0.023395024,1.014020279
27.005000000,0.009159925,0.019915182,1.009284174
27.010000000,-0.000895584,-0.011938277,1.004780613
27.015000000,0.004241029,-0.058346076,1.021975769
27.020000000,-0.046733135,-0.033124011,0.995711908
27.025000000,0.039639915,0.006173624,1.002572846
27.030000000,0.027452921,-0.005205411,1.021775029
27.035000000,-0.008141365,0.022217368,0.978885031
27.040000000,0.023215526,-0.020420480,1.010674614
27.045000000,-0.002327174,-0.006902035,1.013452162
27.050000000,-0.000186991,0.005273393,1.005135694
27.055000000,-0.002219339,-0.014485942,1.023587682
27.060000000,-0.011661406,0.029368453,1.002521080
27.065000000,-0.036256721,-0.023935080,1.004393289
27.070000000,0.042905546,-0.009839540,1.015348729
27.075000000,-0.009905554,-0.003417295,1.018745159
27.080000000,-0.075607728,-0.014856610,0.993097427
27.085000000,0.055804524,-0.025088770,0.993046601
27.090000000,-0.021917555,-0.037466024,1.010984472
27.095000000,-0.051553788,0.054191111,1.011009973
27.100000000,-0.012525212,-0.010471028,1.008688930
27.105000000,-0.000158996,-0.059691590,0.999329156
27.110000000,0.052306027,-0.032051044,1.015679806
27.115000000,-0.045754687,-0.003239507,0.999694646
27.120000000,0.014554286,0.065118070,0.999010902
27.125000000,0.038457641,-0.043969879,1.011025103
27.130000000,-0.060214131,-0.053476075,1.002551457
27.135000000,-0.004896421,0.032061752,1.014316214
27.140000000,-0.022230467,-0.021959055,1.013379179
27.145000000,0.004370848,-0.024770525,0.998055955
27.150000000,0.007224613,0.002458656,0.999633315
27.155000000,-0.026123017,-0.046022497,1.003537983
27.160000000,0.034747882,-0.069849298,0.998336419
27.165000000,0.024719006,0.026263193,1.013398118
27.170000000,-0.005861558,0.031527444,1.009510031
27.175000000,0.003388665,-0.039160227,1.012724168
27.180000000,0.032685450,0.016994046,1.007996300
27.185000000,-0.060555167,0.024055449,0.998901172
27.190000000,-0.009334989,-0.023942942,1.012656009
27.195000000,0.061149733,-0.014781113,0.999026278
27.200000000,-0.022021629,0.005362244,1.013459342
27.205000000,0.036458910,-0.004397958,1.003697897
27.210000000,-0.010040661,0.009439256,1.009722317
27.215000000,0.006904826,0.007609970,1.025288412
27.220000000,-0.000205039,-0.052027094,0.997156663
27.225000000,-0.055655447,-0.024266801,1.017005348
27.230000000,0.040541171,-0.005860349,1.012343147
27.235000000,-0.020791215,0.037392527,0.995306726
27.240000000,0.027161244,0.016142033,1.004031106
27.245000000,0.054421731,-0.111424741,1.002491763
27.250000000,-0.038664312,-0.024472391,1.001160600
27.255000000,0.011854252,0.000413992,1.014362135
27.260000000,0.001855343,0.007336363,1.013366715
27.265000000,0.009529222,0.013900115,1.002459706
27.270000000,0.045227094,-0.031561008,1.015544082
27.275000000,-0.033906359,0.017911544,1.006830824
27.280000000,0.017767166,-0.066005145,1.004281759
27.285000000,0.050656681,0.013724402,0.993508672
27.290000000,-0.070981724,0.012046099,1.003681024
27.295000000,0.028512839,-0.052547960,1.019170656
27.300000000,-0.000617300,0.043748320,1.008680650
27.305000000,-0.066054373,-0.028976023,1.009659783
27.310000000,0.053626650,0.023511346,1.000364661
27.315000000,-0.034842080,-0.030181329,1.010738875
27.320000000,-0.060855319,-0.034370228,0.993293404
27.325000000,0.006718884,0.055280024,0.992431150
27.330000000,0.015339191,-0.054867037,1.014721782
27.335000000,-0.006004773,0.004900450,1.004839828
27.340000000,0.010757963,-0.022104500,1.017422075
27.345000000,0.058067457,-0.027261726,1.005879308
27.350000000,-0.008630149,0.039605691,1.006692455
27.355000000,-0.013300251,-0.014324534,1.013788278
27.360000000,0.009306061,-0.020598160,0.997104300
27.365000000,-0.045639208,-0.033450820,1.002588638
27.370000000,-0.011437329,-0.010171837,1.012897493
27.375000000,0.053471056,-0.023073196,1.006757451
27.380000000,-0.034642932,-0.029350280,1.004294346
27.385000000,-0.021509880,0.008822674,1.009820832
27.390000000,0.022344184,0.000883120,0.994673130
27.395000000,-0.016422332,-0.020259784,1.003050593
27.400000000,0.027560455,-0.000762108,1.011198693
27.405000000,-0.023881981,0.037405386,1.005806052
27.410000000,-0.005243137,0.035102715,1.010570520
27.415000000,0.027422065,-0.001848874,1.015141822
27.420000000,-0.013739586,-0.083901460,1.022711722
27.425000000,-0.028248483,-0.047568927,1.004075217
27.430000000,-0.006925199,-0.007728057,1.004444451
27.435000000,0.020999083,-0.029974838,1.018432889
27.440000000,-0.024396992,0.029434001,0.996890247
27.445000000,0.055127029,0.026672066,0.999270063
27.450000000,-0.009145058,-0.042829008,1.013589750
27.455000000,-0.016662358,-0.016545455,1.006408868
27.460000000,0.055699471,0.005633777,0.998471144
27.465000000,-0.065445003,-0.057525423,1.008519514
27.470000000,0.009539768,-0.038130605,1.013957009
27.475000000,-0.002540901,-0.002268001,0.998492366
27.480000000,-0.036209252,0.034026880,0.999178327
27.485000000,0.028486239,-0.003913215,1.013407041
27.490000000,0.038544295,-0.023508370,1.018960127
27.495000000,0.031949495,0.042302854,1.008422258
27.500000000,-0.011371512,-0.064471995,0.996654957
27.505000000,0.030157300,-0.022714960,1.008769257
27.510000000,0.022894983,0.044333301,1.009419880
27.515000000,-0.010401130,-0.015917331,1.002589316
27.520000000,-0.026061769,-0.029822477,1.000074900
27.525000000,0.018105685,-0.021971122,1.003415353
27.530000000,0.010997754,0.036819629,1.011804905
27.535000000,-0.050591262,-0.012850191,0.994412793
27.540000000,0.030314372,0.007518110,0.998578230
27.545000000,-0.008107287,0.002632225,1.014473763
27.550000000,-0.057538809,-0.028565962,1.012653306
27.555000000,-0.014021275,-0.004470712,1.002307495
27.560000000,0.031894435,-0.051191794,1.001829627
27.565000000,0.025737934,0.040710487,1.014027853
27.570000000,-0.008974453,0.018940166,1.007676808
27.575000000,-0.003339713,-0.025769557,1.006120578
27.580000000,-0.051220301,-0.030742320,1.010326098
27.585000000,0.018807952,-0.038066470,1.016755596
27.590000000,0.040646562,0.033547291,1.004254639
27.595000000,-0.040198218,-0.042713835,1.006630137
27.600000000,0.003644033,-0.012306516,1.008773641
27.605000000,-0.005461102,-0.029525044,0.994400138
27.610000000,-0.031175893,-0.053404350,1.012624232
27.615000000,0.011050581,0.043284520,1.009663014
27.620000000,0.020031060,-0.017133847,1.012428648
27.625000000,0.003580153,0.055484005,1.012205919
27.630000000,0.023266340,0.000794853,0.994785397
27.635000000,0.058497204,-0.113799468,1.008991387
27.640000000,-0.006900581,0.021872240,1.010419358
27.645000000,-0.048897329,-0.000043436,1.012259901
27.650000000,0.024616204,-0.020496596,1.002842407
27.655000000,-0.023146308,-0.018713813,1.002098257
27.660000000,-0.033660682,-0.037142014,1.002638239
27.665000000,0.050056993,0.012666174,0.994588097
27.670000000,-0.011324571,-0.001621855,1.019262739
27.675000000,0.002145492,0.026330734,1.013161686
27.680000000,0.031718449,-0.000769828,0.992463252
27.685000000,-0.011991514,-0.016692909,1.007390769
27.690000000,-0.001811844,-0.008766309,1.016377680
27.695000000,-0.004966021,-0.035176174,1.000046967
27.700000000,-0.002049109,0.025207920,1.011404608
27.705000000,-0.044399925,-0.018717894,1.014744834
27.710000000,-0.046755356,-0.037859285,0.997418318
27.715000000,0.029506456,-0.000159635,1.015844140
27.720000000,0.033970374,0.001366416,1.001462640
27.725000000,-0.026575792,0.009702864,1.003617344
27.730000000,-0.011449204,-0.042956057,1.012959726
27.735000000,0.040820144,-0.025710988,1.005904598
27.740000000,-0.022752825,-0.000568359,1.021953244
27.745000000,-0.017128967,-0.062338878,1.002320264
27.750000000,0.025388687,-0.009481909,1.003521409
27.755000000,0.012743531,0.075001561,1.010610630
27.760000000,-0.005055628,-0.030329964,1.004271637
27.765000000,-0.030469521,-0.057097450,1.008766415
27.770000000,0.001697371,-0.001306998,1.001554630
27.775000000,-0.013646794,-0.012630014,1.011751525
27.780000000,0.021356571,0.013545138,1.002867388
27.785000000,0.040863348,-0.024296291,1.008481545
27.790000000,-0.024789639,-0.013298730,1.007637118
27.795000000,-0.001791665,-0.011940936,0.985492230
27.800000000,-0.005833135,-0.028323882,1.004862620
27.805000000,0.011586868,0.021008029,1.009310378
27.810000000,0.021127886,-0.000509523,1.012716792
27.815000000,-0.002206326,-0.014330564,1.004878384
27.820000000,-0.003743404,-0.018809861,0.997399972
27.825000000,0.009955122,0.032810802,1.008922703
27.830000000,0.046873915,-0.007581059,1.005326539
27.835000000,-0.022768695,-0.037049943,1.011737796
27.840000000,-0.014514730,0.013161596,1.004974765
27.845000000,0.025192300,-0.049765839,1.006062996
27.850000000,-0.039059661,0.000171706,1.013381460
27.855000000,-0.040316017,0.018470964,1.004407436
27.860000000,0.004495141,0.014679576,1.011623841
27.865000000,0.035704782,0.038817294,1.001114238
27.870000000,0.010778552,-0.065024108,1.003450530
27.875000000,0.009324209,-0.055220896,1.018229894
27.880000000,-0.000136121,0.032954971,0.999980674
27.885000000,0.007770797,-0.020843724,0.995408315
27.890000000,0.030439408,-0.081648957,1.015382444
27.895000000,-0.006882823,0.028398862,1.016317876
27.900000000,0.004951681,0.037581428,1.004797620
27.905000000,-0.001748076,-0.056778828,1.009317076
27.910000000,0.003115138,-0.040762928,1.016943501
27.915000000,-0.030775003,0.001946371,0.997945424
27.920000000,-0.028326814,-0.001950276,0.995627758
27.925000000,0.028342936,0.000866613,1.004132790
27.930000000,-0.027283342,0.028597158,1.012696970
27.935000000,-0.010953106,-0.048196063,1.015954990
27.940000000,-0.010487280,-0.008930307,1.009409721
27.945000000,0.001716835,0.015438672,1.015812730
27.950000000,0.003906760,-0.039802103,1.002583665
27.955000000,-0.001315782,0.006686125,1.005957419
27.960000000,0.069372890,-0.007667877,1.010293110
27.965000000,0.004820529,0.038548247,1.003385930
27.970000000,-0.031980202,0.001133872,1.005678662
27.975000000,-0.010685400,-0.015724863,0.995167613
27.980000000,0.014124495,0.029573555,1.018065616
27.985000000,-0.031136701,-0.055441124,1.011011960
27.990000000,-0.032076132,-0.014072408,0.993751708
27.995000000,0.043403272,0.016400283,1.012248511
28.000000000,-0.038993874,0.004994463,1.000523632
28.005000000,0.013601475,-0.003655553,0.999325925
28.010000000,0.016721743,-0.057510039,1.008899562
28.015000000,-0.014137646,-0.033837113,0.999085669
28.020000000,0.069101329,0.004065105,1.001456591
28.025000000,0.005010126,-0.022195505,1.011225088
28.030000000,-0.023927194,-0.023874840,1.007859479
28.035000000,-0.064009887,-0.019137024,1.009300870
28.040000000,-0.035736741,-0.035809550,1.007622840
28.045000000,-0.000594798,0.015045443,1.003825703
28.050000000,-0.030038404,0.003206692,1.003650706
28.055000000,0.043377308,0.010203990,1.005157832
28.060000000,0.007835256,-0.019443927,1.010231588
28.065000000,-0.024397249,-0.071988540,0.999466485
28.070000000,0.018077859,0.041442713,1.012637107
28.075000000,-0.007234387,0.001607074,1.009316386
28.080000000,-0.021289483,-0.039654789,1.005026106
28.085000000,0.005287890,-0.005425092,1.007539366
28.090000000,-0.005483355,-0.037390205,1.001659800
28.095000000,0.024402716,-0.001497326,1.014743298
28.100000000,0.032781101,-0.027753410,1.005378424
28.105000000,-0.050526263,-0.034182325,1.010854737
28.110000000,0.024330163,0.047572271,1.002507949
28.115000000,0.048122198,0.039812370,1.009034774
28.120000000,-0.013437243,-0.022331565,1.017675420
28.125000000,0.013702491,-0.072613259,1.004632484
28.130000000,-0.018776799,-0.065984583,1.007643312
28.135000000,0.001711304,0.008592770,0.994960155
28.140000000,0.046767127,0.021094470,1.012643699
28.145000000,-0.004454809,0.046966847,1.006068769
28.150000000,-0.004110101,0.014195068,1.003514097
28.155000000,0.068524884,-0.080323430,1.012208184
28.160000000,-0.009614897,-0.032269858,1.011137013
28.165000000,-0.049987042,0.000497330,1.015522047
28.170000000,0.029369206,-0.000101304,1.002469495
28.175000000,-0.039930240,0.001591135,1.007330057
28.180000000,0.024860222,0.037914337,1.003879930
28.185000000,0.077710956,0.020777003,1.015837321
28.190000000,-0.017551996,-0.031701868,1.004123815
28.195000000,0.021214361,0.009427768,1.003456350
28.200000000,0.012818252,-0.058242591,1.017275058
28.205000000,-0.007290329,-0.025637544,1.003534791
28.210000000,-0.021488310,0.044312942,1.007662573
28.215000000,-0.040730413,-0.003505478,1.000404878
28.220000000,0.012408861,0.005746623,1.013514221
28.225000000,-0.020132078,-0.024394992,1.002166319
28.230000000,-0.039085241,-0.020758933,1.005633156
28.235000000,0.002744247,0.023322838,1.001813944
28.240000000,-0.027126293,-0.020251576,0.992387585
28.245000000,0.000089538,-0.017502267,1.017509870
28.250000000,0.009107487,0.015836196,0.997289489
28.255000000,-0.031960364,-0.072829943,1.017087161
28.260000000,0.025699484,0.022833993,0.999840887
28.265000000,-0.014723304,0.076291236,0.996316086
28.270000000,-0.024213143,-0.079468661,1.018960769
28.275000000,0.042225490,-0.023819576,1.001732053
28.280000000,0.010124441,-0.010212245,1.005799261
28.285000000,-0.022073409,-0.021761949,1.000429930
28.290000000,-0.041300004,0.019570795,1.009286674
28.295000000,0.042043056,0.028963705,1.005482218
28.300000000,0.003980144,-0.002723744,1.013311880
28.305000000,-0.048494054,-0.078750604,1.006708301
28.310000000,0.047509205,-0.007664791,1.000527817
28.315000000,-0.047430397,0.003028964,1.012308247
28.320000000,-0.019201922,-0.031897463,1.001834145
28.325000000,0.070305353,0.002453565,1.013545728
28.330000000,-0.004494819,-0.016702378,1.007198698
28.335000000,-0.010607529,-0.038677401,1.007976214
28.340000000,-0.003879695,0.007313726,1.001327787
28.345000000,-0.004135908,0.011854005,1.003209796
28.350000000,0.021567224,-0.003687430,1.004773439
28.355000000,0.012160804,-0.005724053,1.005922983
28.360000000,-0.065733741,-0.054508594,1.021517181
28.365000000,-0.032418062,0.019952264,0.997621248
28.370000000,0.044679178,0.003505449,1.008553867
28.375000000,0.012347491,-0.048193014,1.007021383
28.380000000,0.020074677,-0.013836185,0.998213299
28.385000000,0.034518042,-0.072071246,1.016837723
28.390000000,0.006647360,0.002523564,1.013847884
28.395000000,-0.027009079,0.039896385,1.012738846
28.400000000,0.007585346,0.005611569,1.000629112
28.405000000,-0.000300358,0.003436330,1.001435778
28.410000000,-0.014312969,-0.015745398,1.013898294
28.415000000,0.036045143,-0.017311583,1.002021534
28.420000000,0.015256126,-0.050670148,1.008037238
28.425000000,0.055040591,-0.017367635,1.014796531
28.430000000,-0.019261979,0.024916703,0.998788202
28.435000000,-0.080750301,-0.033590832,1.001402793
28.440000000,0.022397763,0.008037953,1.003362923
28.445000000,-0.011533048,0.018319241,1.012926634
28.450000000,-0.006577946,-0.110225946,1.008283835
28.455000000,0.025037306,-0.035738831,0.994666330
28.460000000,0.012614764,0.029807121,1.022901681
28.465000000,-0.010848739,0.019804716,1.005268355
28.470000000,-0.052476724,0.014450570,1.002307598
28.475000000,0.007809376,-0.035542000,1.011165060
28.480000000,0.004185964,0.014823112,1.011475640
28.485000000,0.017684340,0.006718665,1.006484134
28.490000000,0.035105468,0.031136586,1.001210720
28.495000000,-0.010722267,-0.032675238,1.021935786
28.500000000,0.019761025,-0.033790724,0.996088569
28.505000000,0.009491443,0.024833085,1.009517852
28.510000000,-0.006931000,-0.067076721,1.024000485
28.515000000,-0.029234571,0.031415654,1.002896672
28.520000000,0.027149585,-0.030052388,1.001250022
28.525000000,0.005221925,-0.042943688,1.008372305
28.530000000,-0.058629128,0.048227133,1.014585692
28.535000000,0.078201343,0.009082672,0.995427490
28.540000000,0.028538821,-0.005862650,1.008075235
28.545000000,-0.009423375,-0.052741357,1.000392538
28.550000000,0.005259359,0.028234882,0.993620631
28.555000000,-0.010951547,-0.018159517,1.018824346
28.560000000,0.006096007,-0.003974438,1.011603784
28.565000000,-0.088823455,0.021642022,1.004385045
28.570000000,0.028865446,-0.034591548,1.001709046
28.575000000,0.022442046,0.028822927,0.998253358
28.580000000,-0.033693143,-0.038406954,1.000978445
28.585000000,0.077323241,0.030001618,1.017115911
28.590000000,-0.023885255,0.000599255,1.014345773
28.595000000,-0.031107714,-0.051821993,1.011925045
28.600000000,0.019152027,0.002657734,1.006378150
28.605000000,-0.051627176,-0.069750131,0.996344556
28.610000000,-0.033595017,0.035848123,1.003051782
28.615000000,0.012946850,0.019611667,1.006913187
28.620000000,-0.029956548,-0.026692268,1.012500554
28.625000000,-0.004702293,0.012606273,1.007243785
28.630000000,-0.007225238,-0.042528904,1.012612366
28.635000000,-0.028569662,0.028255562,0.999282868
28.640000000,0.008277871,-0.066647740,0.996493983
28.645000000,-0.015200394,-0.079324354,1.009936862
28.650000000,0.061198488,0.092925744,1.004869284
28.655000000,-0.019233096,-0.002219588,1.006272548
28.660000000,-0.015065176,0.001707495,1.005285553
28.665000000,0.053903659,-0.035813195,1.015563051
28.670000000,-0.020886776,-0.071376308,0.996439993
28.675000000,0.055566350,0.051641962,0.996101921
28.680000000,-0.070164940,-0.074701005,1.014828178
28.685000000,-0.025519566,-0.014455934,1.012073783
28.690000000,0.083989391,0.042053857,1.015034145
28.695000000,-0.025877495,-0.043516469,1.001823000
28.700000000,-0.001507370,0.004670554,1.008210382
28.705000000,-0.007789100,-0.040549139,1.008224925
28.710000000,0.000142783,0.005134888,1.005708428
28.715000000,-0.006164160,-0.008868706,1.019436176
28.720000000,0.032882968,-0.022905582,1.012760979
28.725000000,0.037477382,0.026360723,1.002822843
28.730000000,0.006295550,-0.041494922,1.003511425
28.735000000,-0.002155103,-0.013055491,1.003643768
28.740000000,-0.012466149,-0.011578233,1.002545302
28.745000000,0.048936612,-0.068854504,1.011450727
28.750000000,-0.012228560,-0.015636369,1.004690802
28.755000000,0.010334905,0.031796190,1.003828893
28.760000000,0.016021576,-0.029584269,1.013597921
28.765000000,-0.027469282,-0.022262294,1.008759915
28.770000000,0.006537757,-0.030428110,1.014875033
28.775000000,0.010382833,-0.041273611,1.013187157
28.780000000,0.025975415,0.053089795,1.012035799
28.785000000,-0.026036723,0.017692410,1.004600609
28.790000000,-0.018847001,-0.031916994,1.000109868
28.795000000,-0.001954502,-0.015217091,1.007529546
28.800000000,0.019725538,0.018328438,1.005667748
28.805000000,-0.010361422,0.020831759,1.011140057
28.810000000,-0.079649832,0.005379607,1.007098132
28.815000000,-0.007453753,-0.013454249,0.993829149
28.820000000,0.004699705,-0.048682060,1.015252393
28.825000000,0.040001489,0.038195371,1.011751455
28.830000000,0.068655160,0.048733851,1.000474741
28.835000000,-0.058611874,-0.009658328,1.016957032
28.840000000,-0.074748126,-0.005411272,0.997151084
28.845000000,0.026699834,-0.004128600,1.005031340
28.850000000,-0.032567105,-0.017217877,1.006926815
28.855000000,-0.028647753,-0.022325047,1.002727225
28.860000000,0.028101544,0.012682045,1.011948604
28.865000000,-0.028239336,0.017767854,0.997380536
28.870000000,0.016272673,-0.003046979,1.013079037
28.875000000,0.020629510,-0.051638401,1.005225970
28.880000000,-0.018709812,-0.017169386,1.006445958
28.885000000,-0.023951536,0.001069149,1.003899700
28.890000000,-0.000679478,-0.095315207,0.996438295
28.895000000,-0.004541049,-0.022207919,1.014867108
28.900000000,-0.008575788,0.051321189,1.002633264
28.905000000,0.052061979,-0.013374033,1.017053026
28.910000000,0.026446564,-0.023259810,1.005807807
28.915000000,0.024838723,-0.008618643,1.000058243
28.920000000,0.022687092,-0.031824147,1.011271860
28.925000000,0.012615612,-0.016932665,0.998087627
28.930000000,-0.043229650,-0.000638638,1.004940893
28.935000000,0.010835052,-0.001085891,0.997000754
28.940000000,0.105635696,0.004842800,1.017430451
28.945000000,-0.047674166,-0.014686348,1.018725438
28.950000000,-0.008723663,-0.017665332,1.000828304
28.955000000,0.017871090,-0.026476119,1.011332746
28.960000000,-0.048858431,-0.007186773,1.000834924
28.965000000,0.046224423,-0.001702103,1.007291449
28.970000000,0.033490776,-0.035215522,1.014560798
28.975000000,-0.020774086,0.003854083,1.000767859
28.980000000,0.001138088,0.017667013,1.000988886
28.985000000,-0.006438253,-0.008647887,1.012922554
28.990000000,-0.055181929,-0.007302150,1.002968703
28.995000000,-0.000026422,0.020166812,1.002571993
29.000000000,0.028115967,0.038116082,1.013261872
29.005000000,-0.031647268,-0.054591646,0.992008177
29.010000000,-0.007827032,-0.065814695,1.018753471
29.015000000,0.031028212,0.020633323,1.024192917
29.020000000,-0.003432551,-0.041993352,0.995640958
29.025000000,-0.019470130,-0.034200030,1.010070400
29.030000000,-0.011639330,0.023675622,1.004547157
29.035000000,-0.035559761,-0.009272997,1.006065827
29.040000000,0.029363192,0.021689503,1.012215864
29.045000000,-0.023560045,0.024480381,1.006506719
29.050000000,-0.017526071,-0.032855991,1.007436127
29.055000000,0.062803660,-0.023573860,1.001040044
29.060000000,-0.037224324,-0.015172678,1.002922743
29.065000000,0.031729410,-0.069155795,1.008773454
29.070000000,-0.004698995,0.010724664,1.010270412
29.075000000,-0.045172622,0.024269640,1.007923262
29.080000000,0.032314872,-0.032888498,1.008265892
29.085000000,-0.014780064,0.012075771,1.005181729
29.090000000,0.003784380,-0.062799294,1.015914247
29.095000000,-0.011536934,0.007826257,1.010256049
29.100000000,0.004736362,0.051930734,0.999481414
29.105000000,-0.031221033,-0.026164563,1.014167839
29.110000000,-0.018109969,-0.038176419,0.996946766
29.115000000,0.049318272,-0.008213396,1.005455716
29.120000000,-0.051239782,0.022537476,1.011701841
29.125000000,0.021991367,-0.087616749,1.009480014
29.130000000,0.031298799,0.005167553,1.020333576
29.135000000,-0.023733416,0.000680216,1.001914872
29.140000000,0.025802264,-0.063654449,1.007997924
29.145000000,-0.013601175,0.035657308,1.002616223
29.150000000,-0.020378175,0.005644336,1.000609959
29.155000000,-0.015097740,0.014647913,0.998632429
29.160000000,0.021403218,-0.032192343,0.998735070
29.165000000,-0.012099226,-0.020024804,1.010342599
29.170000000,-0.022319759,-0.044497018,1.006555290
29.175000000,0.042727218,-0.019373591,1.009765125
29.180000000,-0.020185306,0.061838114,0.998894784
29.185000000,0.039886362,-0.044561957,1.017675718
29.190000000,0.072162102,-0.004286648,1.007933491
29.195000000,-0.007335407,0.008643662,0.988708866
29.200000000,-0.028146810,-0.022772685,1.018448820
29.205000000,-0.047652473,-0.022120559,0.998788510
29.210000000,0.028730636,0.025411299,0.998133182
29.215000000,0.033614990,0.034295701,1.019807520
29.220000000,0.011867881,-0.012440503,1.014041520
29.225000000,0.030766354,-0.017755958,1.005064842
29.230000000,-0.008019678,-0.050588874,1.002206099
29.235000000,-0.011080882,0.041681723,1.010634782
29.240000000,-0.026802705,-0.049726342,1.010942848
29.245000000,-0.006758351,-0.027464151,1.000256217
29.250000000,-0.022408552,0.090925152,1.004393499
29.255000000,0.011316299,-0.034265263,1.003527786
29.260000000,0.067720719,0.018147390,0.999855420
29.265000000,-0.012659109,-0.007834784,1.018754917
29.270000000,0.028583264,-0.039409777,1.011342887
29.275000000,0.012615977,0.027913401,1.004655095
29.280000000,-0.053964192,-0.012669446,0.999113723
29.285000000,0.002630270,0.029876577,1.007159527
29.290000000,0.045520903,0.037354340,1.025368293
29.295000000,0.009033201,-0.066557225,1.000398239
29.300000000,-0.071607883,-0.039399189,1.008591459
29.305000000,0.009874089,-0.035878236,1.016433372
29.310000000,0.027943212,-0.017456904,0.999333150
29.315000000,-0.063527730,0.060456528,0.997462684
29.320000000,-0.022305389,-0.060038873,1.003633744
29.325000000,0.035132117,-0.023707738,1.004307206
29.330000000,-0.018996590,-0.010984111,1.002446003
29.335000000,-0.060167297,-0.066269330,1.022694327
29.340000000,0.043990381,0.003977347,1.014595973
29.345000000,-0.015498978,-0.005340031,1.002232840
29.350000000,-0.032718773,0.008183385,1.009496220
29.355000000,0.070270576,-0.064682813,1.008512932
29.360000000,-0.044291797,-0.032288672,1.004419959
29.365000000,-0.054160343,-0.034941630,1.005677620
29.370000000,0.031042505,-0.074305304,1.010156989
29.375000000,0.025578845,0.049311428,1.000611457
29.380000000,-0.025715336,0.031594119,0.997993288
29.385000000,-0.028946968,-0.029936233,1.006292228
29.390000000,0.018964861,-0.044770171,1.010877440
29.395000000,0.027490879,-0.007660261,1.012986050
29.400000000,0.018611692,-0.026956268,1.008382652
29.405000000,-0.021658521,0.004543907,0.998801288
29.410000000,0.008844931,0.033799212,0.997343671
29.415000000,0.018790505,-0.015484349,1.007138280
29.420000000,-0.003182671,0.027121072,1.013111511
29.425000000,-0.033420511,-0.017229098,1.012511118
29.430000000,-0.065338772,-0.031210628,1.002812521
29.435000000,0.008230940,-0.016137848,1.007036405
29.440000000,0.010613162,-0.021598365,1.006044411
29.445000000,0.023697944,0.020518664,1.000669855
29.450000000,0.034807993,0.019962043,1.013285530
29.455000000,-0.001062987,-0.002800599,1.012457929
29.460000000,0.067268908,-0.003696690,1.005772542
29.465000000,0.036382585,-0.019925688,1.006771906
29.470000000,-0.047162187,-0.021689460,1.003210971
29.475000000,0.023200515,0.038013955,1.004295221
29.480000000,-0.011716311,-0.020806690,1.010330659
29.485000000,-0.020681403,-0.021113812,1.002798750
29.490000000,0.038831599,0.017543590,1.009014185
29.495000000,-0.020104055,-0.003604932,1.012991397
29.500000000,0.041860029,-0.021839386,1.006157107
29.505000000,-0.013504658,-0.037890893,1.013890538
29.510000000,-0.002474092,0.038414794,0.997883957
29.515000000,0.036692671,-0.020857697,0.992668566
29.520000000,-0.091494338,-0.023121650,1.007593690
29.525000000,0.041029798,0.048764944,1.003945476
29.530000000,-0.020475982,-0.021049998,1.009505976
29.535000000,-0.010439659,-0.031694160,1.009738869
29.540000000,0.097594780,-0.023266250,1.007196870
29.545000000,-0.029647005,-0.006530485,1.012235005
29.550000000,-0.005230707,0.028576804,1.005733455
29.555000000,-0.045642566,-0.033901130,1.011459406
29.560000000,-0.017643352,-0.035549871,1.002837990
29.565000000,0.036874791,0.055125823,1.000809679
29.570000000,0.014013041,-0.019505239,1.012465789
29.575000000,-0.016676108,-0.057716955,1.003146450
29.580000000,-0.017781106,-0.024461697,1.013577372
29.585000000,0.032503644,-0.051656749,1.012870635
29.590000000,-0.057161120,0.033569787,1.007336426
29.595000000,0.016063454,0.057078327,1.005160344
29.600000000,0.024044349,-0.028565619,0.992553707
29.605000000,-0.050045229,-0.070072950,1.011108295
29.610000000,0.026229911,-0.035747760,1.005380668
29.615000000,-0.044539238,0.004267835,1.009481888
29.620000000,-0.012940744,0.033236102,1.009434017
29.625000000,0.036399387,0.008006607,1.000150973
29.630000000,-0.051274877,-0.012237324,1.014016003
29.635000000,0.065239482,-0.033681689,1.005238378
29.640000000,0.070914176,-0.092868038,1.001175541
29.645000000,-0.073412740,0.018185474,0.999841659
29.650000000,-0.001244723,0.032001075,1.007456889
29.655000000,0.028288218,-0.008137678,1.014942542
29.660000000,-0.010912667,-0.003928271,1.001934920
29.665000000,-0.019781571,-0.064017828,1.001011012
29.670000000,0.004577524,-0.014330872,1.014504413
29.675000000,-0.006861219,0.006135653,1.004228480
29.680000000,-0.011462727,-0.003113215,1.001000548
29.685000000,0.062338826,-0.008414208,1.019411821
29.690000000,-0.056511363,-0.021494089,1.002688200
29.695000000,-0.014924689,-0.042016513,1.012988440
29.700000000,0.030103640,0.025869182,1.013916246
29.705000000,-0.063115463,0.026464632,1.000022526
29.710000000,-0.000973529,-0.086538906,1.013989002
29.715000000,-0.028684168,0.011171317,1.006695195
29.720000000,0.008414581,0.006466878,1.001179972
29.725000000,0.020132236,0.004778215,1.008219115
29.730000000,-0.006457570,0.029044904,1.010236374
29.735000000,0.027897166,-0.049130429,1.010491340
29.740000000,0.018235976,0.012974569,1.012056925
29.745000000,0.010283388,0.003435015,1.006407359
29.750000000,0.007318039,0.001942739,1.006952325
29.755000000,0.025065494,0.002759883,0.999434495
29.760000000,-0.042220094,-0.040527355,1.001512948
29.765000000,-0.023089361,0.001582952,1.020937299
29.770000000,0.032830913,-0.021906677,1.000587578
29.775000000,0.009437883,-0.036996594,1.002282435
29.780000000,0.016145309,-0.012406938,1.016008109
29.785000000,0.044178428,-0.030133387,1.006300465
29.790000000,0.017112877,0.047908844,0.995864339
29.795000000,-0.034918812,0.041038236,1.005728249
29.800000000,0.041268691,-0.091219013,1.016890379
29.805000000,-0.014297120,0.004079661,0.998105035
29.810000000,-0.037073881,0.039840077,1.004810401
29.815000000,0.059612955,-0.022310376,1.003934787
29.820000000,-0.050820497,0.020737435,1.006610395
29.825000000,-0.067700326,-0.035899884,1.015061899
29.830000000,0.062616745,-0.002312106,0.997115673
29.835000000,0.003070766,0.030846915,1.000284721
29.840000000,0.001868394,-0.043233992,1.009481081
29.845000000,0.061803110,-0.005952429,1.008243052
29.850000000,-0.040148457,-0.026635436,1.009483987
29.855000000,0.016403092,-0.031986954,1.009289325
29.860000000,0.014175332,-0.014684420,0.996291720
29.865000000,-0.014972088,-0.053180157,1.011853511
29.870000000,0.016702032,0.005312601,1.019876872
29.875000000,-0.072237602,-0.003209982,1.000285191
29.880000000,0.028761347,-0.011470383,1.009824779
29.885000000,-0.004059559,0.016181001,1.005452862
29.890000000,-0.065777110,0.026251078,0.997807118
29.895000000,0.048896444,0.010219555,0.999685848
29.900000000,-0.025971326,-0.102801044,1.006360929
29.905000000,-0.057105631,-0.006000980,1.005789865
29.910000000,0.024712861,0.036553016,1.010488792
29.915000000,-0.010078824,-0.016425530,1.017549374
29.920000000,-0.018785331,-0.003165371,1.004513728
29.925000000,0.002388427,-0.067698156,1.003299784
29.930000000,-0.011290061,-0.009883553,1.001379979
29.935000000,0.082160727,-0.026056420,1.016023153
29.940000000,0.007007115,0.007328172,1.014187386
29.945000000,-0.074324404,0.053468895,1.006861013
29.950000000,-0.019478476,-0.062498785,1.002669812
29.955000000,0.010586746,-0.031143334,1.006743969
29.960000000,0.035246814,0.006909597,1.014105639
29.965000000,-0.036096526,0.009206794,1.000343725
29.970000000,0.042877009,-0.020526784,1.015662496
29.975000000,-0.010269462,-0.024201249,1.006815947
29.980000000,-0.065247398,-0.002287401,1.008014068
29.985000000,0.077529427,-0.013663833,1.010416608
29.990000000,-0.007060936,0.024766548,0.992054252
29.995000000,-0.001534080,-0.027431515,1.022331335
30.000000000,0.035253906,-0.054152293,1.003024350
30.005000000,-0.011469674,-0.008071065,0.993949995
30.010000000,0.016777168,0.037038827,1.023907521
30.015000000,0.034795170,0.050282799,1.005059291
30.020000000,-0.002285438,-0.028749569,1.000366737
30.025000000,0.001534130,-0.042226660,1.010124955
30.030000000,0.037443758,-0.007429536,1.004931681
30.035000000,0.000201339,-0.023621489,1.004382411
30.040000000,-0.036731764,0.020941308,1.005422123
30.045000000,-0.066721718,0.010909189,1.008362299
30.050000000,0.027737013,-0.036463845,1.003327340
30.055000000,0.013068268,0.033064991,0.999167898
30.060000000,-0.035091892,-0.052817250,1.008079404
30.065000000,0.052061915,-0.062472699,1.015355376
30.070000000,-0.006914401,0.055506509,1.010245840
30.075000000,0.017361085,-0.039159592,1.008751461
30.080000000,0.076390807,0.023876619,1.009031789
30.085000000,0.008185036,0.033308431,0.997031184
30.090000000,-0.046038958,-0.056392775,1.002938626
30.095000000,0.011753331,0.067092642,1.014387199
30.100000000,0.018190177,-0.000340932,0.999658477
30.105000000,-0.075421146,-0.056538864,1.005314330
30.110000000,-0.024144342,-0.018519259,1.013655487
30.115000000,0.003154996,-0.029867553,1.000536806
30.120000000,0.028368363,0.001927194,1.012167840
30.125000000,0.043336509,-0.034018347,1.013489951
30.130000000,0.002284369,0.011845396,0.998290857
30.135000000,0.034791734,-0.013438054,1.005684017
30.140000000,-0.029569380,-0.041094816,1.004294397
30.145000000,-0.067574877,-0.011586114,1.003583717
30.150000000,-0.019004492,-0.037056752,1.016448037
30.155000000,-0.078066512,0.065042022,1.002430865
30.160000000,-0.018973021,-0.010009727,1.008403467
30.165000000,0.078515788,-0.081453180,1.014816785
30.170000000,-0.046738033,-0.052752694,1.004829429
30.175000000,-0.022892750,-0.011385113,1.012510226
30.180000000,0.040714728,0.084699621,1.002171131
30.185000000,0.001309175,-0.028467581,1.001713410
30.190000000,0.029619811,-0.004137752,1.008288595
30.195000000,-0.064092260,-0.013993815,1.005806973
30.200000000,-0.041840091,-0.066518271,1.009774800
30.205000000,0.041427275,0.056093228,1.005520838
30.210000000,0.014478588,-0.027424733,1.006555598
30.215000000,0.020118972,-0.015846129,1.018877983
30.220000000,0.004654755,0.012299117,0.999648197
30.225000000,0.021874875,-0.082511989,0.999086781
30.230000000,-0.025806837,0.013385596,1.013877683
30.235000000,0.003895114,0.025875883,1.004464237
30.240000000,0.069763879,-0.054611728,1.012417655
30.245000000,-0.017466763,-0.022599619,1.006223402
30.250000000,-0.011617733,0.014985657,1.003672280
30.255000000,-0.001627381,0.023167060,1.000847783
30.260000000,0.012290395,-0.019528564,0.999515275
30.265000000,0.001094865,-0.001247511,1.016325979
30.270000000,-0.033005576,0.032849144,0.994857488
30.275000000,0.068361184,-0.027420662,1.004336421
30.280000000,0.031652768,-0.018531514,1.019488133
30.285000000,-0.057752909,-0.004847584,0.994689714
30.290000000,-0.002603496,-0.039743553,1.001032365
30.295000000,0.046278620,-0.024792683,1.008797863
30.300000000,0.015374096,-0.004807101,1.005657214
30.305000000,-0.020184670,-0.002034058,1.004703796
30.310000000,0.027864634,0.041684593,0.998357595
30.315000000,0.019508273,0.013447497,1.007277165
30.320000000,-0.038413572,-0.023416987,1.014118691
30.325000000,-0.004827151,-0.008322460,1.017920860
30.330000000,-0.033234227,-0.055884475,1.017129678
30.335000000,-0.069020203,-0.019457294,1.002482354
30.340000000,0.029933695,-0.011318176,1.012156622
30.345000000,0.007245889,0.007769645,1.000305131
30.350000000,-0.021785249,-0.007949716,0.999035468
30.355000000,0.047721328,-0.054971301,1.014273257
30.360000000,0.005540101,0.055248539,0.998078238
30.365000000,0.006035669,-0.028581011,1.015425950
30.370000000,-0.020272309,-0.018389837,1.016171597
30.375000000,-0.050953441,0.024035797,1.003875199
30.380000000,0.037560782,-0.054013749,1.011814729
30.385000000,0.018505271,0.042232538,1.013265141
30.390000000,-0.028627637,-0.016273120,1.013922690
30.395000000,-0.001836301,-0.037598530,0.999547300
30.400000000,0.004622503,0.011961754,1.003654253
30.405000000,0.013621241,-0.039882934,1.013157320
30.410000000,0.044085678,0.012049006,1.013587844
30.415000000,-0.001700251,0.031224913,1.003348838
30.420000000,-0.024358357,-0.029864637,0.998068977
30.425000000,0.007036338,-0.010096004,1.007730276
30.430000000,-0.034880786,-0.009291867,1.002743285
30.435000000,-0.010779333,-0.001963650,1.003567069
30.440000000,0.053112726,-0.025366336,1.018392777
30.445000000,-0.009291286,-0.072070877,1.009519592
30.450000000,-0.017542199,0.051999768,0.991737365
30.455000000,0.020319889,-0.001223671,1.001015572
30.460000000,-0.019579900,-0.047041080,1.001120374
30.465000000,0.004884740,0.013520341,1.003606027
30.470000000,-0.017517278,-0.048525253,1.006516234
30.475000000,0.003424577,-0.011237417,0.999967243
30.480000000,0.005980212,0.012490977,1.009823160
30.485000000,-0.043390541,0.042063970,1.006468469
30.490000000,0.038018501,0.013494257,1.014041771
30.495000000,-0.035642940,-0.043583191,1.012680460
30.500000000,0.008499263,-0.016220827,0.998782224
30.505000000,-0.007993611,-0.022528437,1.004131031
30.510000000,-0.025903066,-0.041309805,1.006444788
30.515000000,0.127185701,0.012682797,1.002605327
30.520000000,-0.010603725,0.049224677,1.013158819
30.525000000,0.054322925,-0.088766163,1.003949271
30.530000000,0.006930510,-0.013599759,0.991177055
30.535000000,-0.071040806,0.029710562,1.013933556
30.540000000,0.024596727,-0.099131192,1.005745655
30.545000000,-0.067086896,-0.000458002,1.009721501
30.550000000,0.036006114,0.031100711,1.022434381
30.555000000,-0.017360601,0.005534433,1.006340131
30.560000000,-0.036036784,0.022312813,1.004435641
30.565000000,0.018246915,-0.047171473,1.004220882
30.570000000,-0.005029244,-0.041750147,1.014780092
30.575000000,0.079839217,0.018977016,1.002991171
30.580000000,-0.012682173,-0.020595331,1.000115476
30.585000000,0.003711047,0.014192872,1.006920500
30.590000000,-0.021237269,-0.010534407,1.002578910
30.595000000,-0.061287623,-0.049665510,1.007503131
30.600000000,0.012269948,0.008869759,1.001800887
30.605000000,-0.015086143,-0.052787377,1.002765634
30.610000000,0.026224581,-0.013211156,1.012599811
30.615000000,-0.023089251,0.000919723,1.017353958
30.620000000,-0.030740199,-0.001725385,1.000396027
30.625000000,0.040837266,-0.001697489,1.006978213
30.630000000,-0.012720526,-0.026551863,1.008522097
30.635000000,-0.010288821,0.001796311,1.012060606
30.640000000,0.000744059,-0.020982490,1.009118112
30.645000000,-0.025898834,0.031132431,0.987952336
30.650000000,-0.011039017,0.002258782,1.012395694
30.655000000,-0.027114771,0.034407213,1.009165323
30.660000000,0.005993215,0.028602755,1.015842339
30.665000000,0.043700852,-0.028800573,1.012468153
30.670000000,-0.003358454,-0.026354118,0.999316757
30.675000000,0.009551839,-0.056061711,1.019939252
30.680000000,0.039002236,0.033029436,0.999833511
30.685000000,0.051172000,-0.009337970,1.013279426
30.690000000,-0.027226938,-0.022668994,1.015203698
30.695000000,-0.026952373,-0.044859700,1.004345467
30.700000000,0.072515062,-0.008157428,1.005617306
30.705000000,-0.007811484,0.053289117,1.000178319
30.710000000,-0.018699148,-0.042977767,1.019450151
30.715000000,0.017857202,0.020981050,0.998484394
30.720000000,0.015616591,-0.011931257,1.006907058
30.725000000,-0.020147007,-0.049292994,1.010360339
30.730000000,-0.050590132,-0.015969113,0.990341374
30.735000000,0.040947941,-0.002100001,1.013942517
30.740000000,-0.028013345,-0.029622603,1.007378312
30.745000000,0.008703691,0.009136700,1.006346837
30.750000000,0.100203747,0.048466137,1.007794207
30.755000000,-0.045818008,-0.068652607,0.998812775
30.760000000,-0.024790580,0.005161498,1.011113348
30.765000000,0.008310965,-0.012879834,0.996477250
30.770000000,-0.019938248,0.013685596,1.010491673
30.775000000,0.044124567,0.011132591,1.008642136
30.780000000,0.011093891,-0.073560887,0.998289584
30.785000000,-0.034468576,0.048622392,1.015872523
30.790000000,0.004372345,0.059418133,0.995700162
30.795000000,0.011311358,0.035484589,1.004033921
30.800000000,-0.028625021,-0.110659001,1.009838699
30.805000000,0.008734359,-0.079494814,1.010528169
30.810000000,0.024452291,0.026607104,1.004652078
30.815000000,-0.033011506,-0.055522329,0.995164579
30.820000000,-0.000948055,0.002471916,1.020551703
30.825000000,-0.018518647,0.005811508,0.998339212
30.830000000,-0.063221475,-0.021637484,1.018512059
30.835000000,0.035274859,-0.055493709,1.011294776
30.840000000,0.040024001,0.013578649,0.989663401
30.845000000,-0.077712234,0.020138099,1.018262441
30.850000000,-0.009772966,-0.059527076,0.997181096
30.855000000,0.040419800,0.035216637,1.010597918
30.860000000,-0.069521131,-0.013583856,1.007986188
30.865000000,0.021426043,-0.060513200,1.002143175
30.870000000,0.087363690,0.013210492,1.015508770
30.875000000,-0.029957089,0.001272764,1.003956843
30.880000000,-0.013520082,-0.040025493,1.012240158
30.885000000,-0.012884631,-0.014017584,1.013587579
30.890000000,-0.013014293,0.019880402,1.002298945
30.895000000,0.004880421,-0.029835422,1.006483098
30.900000000,-0.010774201,-0.007601757,1.017872067
30.905000000,0.033639718,0.061962599,1.001686170
30.910000000,0.010426206,-0.030847104,1.006855669
30.915000000,0.040458677,-0.059161317,1.015402070
30.920000000,0.020288194,0.016059895,0.997575384
30.925000000,-0.057122495,-0.022859214,1.008201033
30.930000000,-0.011836129,0.008345642,1.007255262
30.935000000,-0.021655791,0.009699046,0.999019813
30.940000000,0.001819739,-0.036398751,1.008849262
30.945000000,0.000747100,-0.009160920,1.014521638
30.950000000,0.034829709,-0.014045277,1.005267050
30.955000000,0.026445182,-0.008668991,0.996859750
30.960000000,-0.054284754,-0.017285714,1.006797516
30.965000000,0.020616661,-0.001930093,1.007069532
30.970000000,-0.021135757,-0.000271021,0.998041054
30.975000000,0.006800593,-0.019297073,1.016663098
30.980000000,0.055052255,-0.007234220,1.015140488
30.985000000,-0.008316957,-0.007728854,0.995059997
30.990000000,-0.042070079,-0.007050445,1.003304910
30.995000000,-0.087538310,0.018720740,1.004384181
31.000000000,0.027463028,0.010379654,1.010509047
31.005000000,0.055375089,-0.038429773,1.003462010
31.010000000,-0.006795919,0.009433553,1.008636286
31.015000000,0.048298132,-0.016426761,1.012721175
31.020000000,0.055575348,-0.026268838,0.998877910
31.025000000,-0.034802286,0.005772956,1.024123882
31.030000000,-0.036640505,-0.063207691,1.008193717
31.035000000,-0.008204375,0.021306255,0.987510099
31.040000000,-0.016850628,0.037153650,1.005413753
31.045000000,0.065066835,-0.019361367,1.012946829
31.050000000,0.020706346,-0.011281325,1.008029043
31.055000000,0.009015625,-0.038818611,1.011521940
31.060000000,-0.025560782,0.026335135,1.017897507
31.065000000,-0.063748148,0.022778127,0.996762084
31.070000000,0.065383418,-0.010274755,1.000117628
31.075000000,-0.021349760,0.014465951,1.001817542
31.080000000,-0.014513407,-0.028639752,1.007157605
31.085000000,0.055807347,-0.009121202,1.008075669
31.090000000,-0.024937023,0.034702440,1.003650022
31.095000000,0.027312965,-0.027562466,1.019779457
31.100000000,0.039167219,-0.067296195,0.994643886
31.105000000,-0.048198023,0.003585455,1.007136875
31.110000000,0.020573422,0.020947280,1.013777786
31.115000000,0.043389100,-0.054191351,0.999091924
31.120000000,-0.059695681,-0.018467932,1.015745168
31.125000000,-0.006860158,-0.001513478,1.012052536
31.130000000,0.004834102,-0.012667206,1.010772764
31.135000000,-0.003546471,0.006339615,1.004238179
31.140000000,-0.008176538,-0.040168100,1.003955505
31.145000000,0.017157515,-0.010904437,1.013237572
31.150000000,0.022456512,-0.041930366,1.004582927
31.155000000,-0.071105677,-0.051797896,0.999333280
31.160000000,0.035226974,0.023083648,1.009951423
31.165000000,-0.023867145,-0.004051308,1.013752973
31.170000000,-0.099430629,0.012327843,1.001166430
31.175000000,0.022232588,-0.021391157,1.004531143
31.180000000,0.019588655,-0.031246247,1.013941231
31.185000000,-0.000623075,0.030843998,1.001855410
31.190000000,0.015193301,-0.051227185,1.011506128
31.195000000,0.052339957,-0.031623506,1.014909173
31.200000000,-0.059619710,0.056485461,0.992942082
31.205000000,-0.086745320,-0.035361547,0.998038157
31.210000000,0.035791991,-0.055540829,0.996839588
31.215000000,0.010955229,0.016172235,1.006387875
31.220000000,0.000823036,-0.012828521,1.017181715
31.225000000,0.008358574,-0.013150061,1.009238660
31.230000000,-0.011461051,-0.015374470,1.012505943
31.235000000,0.022339638,-0.048081006,0.998302297
31.240000000,0.004465010,-0.037548280,1.010989681
31.245000000,-0.026502295,0.058203979,1.003064500
31.250000000,0.035913077,0.066536618,0.996032131
31.255000000,0.012250452,-0.034953697,1.013411570
31.260000000,-0.017896309,0.005090027,0.989962945
31.265000000,0.021366981,-0.028209574,1.009939582
31.270000000,-0.009726074,0.004240465,1.023091389
31.275000000,-0.048539129,0.052419383,1.010897879
31.280000000,0.013061612,-0.071211898,1.007619628
31.285000000,0.079987044,-0.045552719,0.995633231
31.290000000,-0.015649445,-0.004395054,1.009840790
31.295000000,0.009202659,0.007557482,1.013264855
31.300000000,0.055326417,0.008985147,0.995924475
31.305000000,-0.019966005,0.038284005,1.000919188
31.310000000,-0.015190034,-0.033376439,1.007443163
31.315000000,-0.019812781,-0.098985091,1.016911796
31.320000000,0.002948604,0.014744751,1.020381251
31.325000000,-0.003826712,-0.008640800,1.000000391
31.330000000,-0.031149560,0.030117835,1.005318631
31.335000000,-0.013593244,0.001621803,1.002270402
31.340000000,-0.006006257,-0.020826745,1.008645863
31.345000000,0.024510904,0.023315067,1.012049971
31.350000000,0.033398426,-0.045697959,0.996316657
31.355000000,0.010034997,0.036187563,1.023226521
31.360000000,0.019507560,-0.036151059,1.008301806
31.365000000,0.000836981,-0.071356728,0.997031151
31.370000000,-0.013722902,0.035671332,1.008958065
31.375000000,0.014964444,0.019172065,1.006657237
31.380000000,-0.075990814,-0.007698970,1.020009066
31.385000000,-0.019441621,-0.014813598,0.993206854
31.390000000,0.053465601,-0.015177788,1.002145203
31.395000000,-0.030544898,-0.048379748,1.023850537
31.400000000,0.010700980,0.029444960,1.002124367
31.405000000,0.041995338,-0.013678019,1.010132094
31.410000000,0.034026033,-0.030435526,1.008341866
31.415000000,-0.012987811,0.013894057,1.003129534
31.420000000,-0.004170630,-0.049119172,1.001244707
31.425000000,0.025277555,0.039137512,0.999928157
31.430000000,-0.051525415,-0.032122197,1.012074812
31.435000000,-0.000058934,-0.052550799,1.007661722
31.440000000,0.083833444,0.038817342,1.007494667
31.445000000,-0.007363404,-0.007780247,0.996796790
31.450000000,-0.023933579,0.004705721,0.998458266
31.455000000,0.024254374,-0.022674399,1.013721523
31.460000000,-0.042006383,-0.073250805,1.013304079
31.465000000,0.027403175,0.002263286,1.014189659
31.470000000,0.000101703,0.074938763,1.006298219
31.475000000,-0.045662411,-0.039009242,1.009230477
31.480000000,0.016117784,0.011300387,1.001095360
31.485000000,-0.041079956,0.024942073,1.003735420
31.490000000,0.019086905,-0.084004547,1.006756029
31.495000000,0.012501069,-0.007601024,0.984649984
31.500000000,-0.010037123,-0.052240209,1.018475758
31.505000000,-0.002036267,-0.017630676,1.021468837
31.510000000,-0.015253326,-0.017663308,0.998235429
31.515000000,0.009318328,-0.051639193,1.017031236
31.520000000,-0.012320214,0.063967725,1.008561860
31.525000000,-0.000286982,0.013215463,0.998895037
31.530000000,-0.046258183,-0.023408901,1.003135012
31.535000000,-0.008066692,-0.029157254,1.012335700
31.540000000,-0.031696982,-0.038750927,1.006071378
31.545000000,-0.048350037,-0.011603339,1.001834712
31.550000000,0.077965378,0.003739543,1.006349189
31.555000000,-0.006407297,0.064137715,1.003658359
31.560000000,-0.033790218,0.011055581,1.004557380
31.565000000,0.082740885,-0.090590491,1.008241671
31.570000000,0.008894529,-0.024258661,1.016201835
31.575000000,-0.061885831,-0.017973437,1.009417833
31.580000000,0.052727545,-0.018553074,1.007610310
31.585000000,-0.011867360,0.040180589,1.007339460
31.590000000,-0.061207942,-0.039825754,0.993407523
31.595000000,0.022923663,0.011194615,1.006797206
31.600000000,0.004512917,0.001820183,1.012592685
31.605000000,-0.000510656,-0.017525607,1.005605861
31.610000000,0.002229339,0.046842977,1.006882455
31.615000000,0.033077265,-0.063462773,1.008147018
31.620000000,-0.028193433,0.002429895,1.004068487
31.625000000,0.034057855,0.019049654,1.007861348
31.630000000,0.081611517,-0.039533657,1.010474686
31.635000000,-0.086479483,0.009684784,0.997241115
31.640000000,-0.026034028,0.020160782,1.002318077
31.645000000,0.040601139,0.000662060,1.011099461
31.650000000,0.011956156,-0.062817116,1.011154197
31.655000000,0.006886088,-0.028713818,0.999037956
31.660000000,-0.002252910,-0.006209166,0.995850073
31.665000000,-0.022301070,0.003678187,1.013254015
31.670000000,-0.017630528,0.006908727,1.007143768
31.675000000,0.003348724,0.013892408,1.009948536
31.680000000,-0.016392386,0.004339223,1.023004702
31.685000000,0.072161235,-0.058169922,1.002629505
31.690000000,0.052306026,0.019186229,1.013414167
31.695000000,-0.034772282,-0.012957269,1.011217935
31.700000000,0.023990259,-0.028478209,0.995594120
31.705000000,0.041189810,0.060994456,1.010958064
31.710000000,-0.024501219,-0.031496056,0.999293199
31.715000000,-0.001986901,-0.047291092,1.003183554
31.720000000,0.022024027,0.000628960,1.011067176
31.725000000,-0.046030036,-0.049675673,1.002289670
31.730000000,-0.034072555,0.005098301,1.007725973
31.735000000,0.014402982,0.046975511,1.010192623
31.740000000,0.026265578,-0.073649742,1.011199864
31.745000000,-0.029279168,-0.024364704,1.006587824
31.750000000,0.022431708,0.041024332,1.018878572
31.755000000,0.035992023,-0.037865991,1.013244482
31.760000000,-0.087802942,-0.011625099,0.996343383
31.765000000,0.031356845,-0.002617743,1.001822118
31.770000000,0.019742269,0.006251902,1.004530928
31.775000000,-0.066869802,-0.017017786,1.001532056
31.780000000,0.036336487,-0.050096723,1.002101117
31.785000000,0.020154947,0.036710224,1.020199274
31.790000000,-0.065644545,0.007957045,1.004944272
31.795000000,-0.023999145,-0.018490809,0.998401469
31.800000000,0.073564333,-0.018208630,1.017455253
31.805000000,-0.000376865,-0.045170754,0.996696385
31.810000000,-0.017728272,0.022621935,1.006004368
31.815000000,0.016667574,-0.030382007,1.018734199
31.820000000,-0.000255379,-0.022885708,0.998855455
31.825000000,0.001530600,0.048645314,1.013153488
31.830000000,-0.060517171,-0.013292401,1.005077671
31.835000000,-0.003212827,-0.025604623,0.996944124
31.840000000,0.033394262,-0.047928824,1.017987306
31.845000000,-0.006677877,-0.029302258,1.003381317
31.850000000,-0.003691949,-0.008751629,1.004643921
31.855000000,-0.019200377,-0.011789620,1.006638367
31.860000000,-0.006318399,0.005256306,1.002969113
31.865000000,0.006522403,-0.041461773,1.019046328
31.870000000,-0.035066951,-0.021848561,1.003319713
31.875000000,-0.033072251,0.018393700,1.002994629
31.880000000,0.091604040,0.013834071,1.000959359
31.885000000,0.038588309,-0.022706250,1.005811673
31.890000000,-0.017058383,-0.062064105,1.011457212
31.895000000,-0.013474885,0.012745611,0.999511608
31.900000000,-0.067445185,0.031019816,1.017380365
31.905000000,0.052829801,-0.060190016,1.006885961
31.910000000,-0.032488303,0.006284537,0.999292775
31.915000000,-0.035872554,0.052467340,1.019840054
31.920000000,0.079797386,-0.020657555,1.015859903
31.925000000,-0.006555845,0.026842396,0.996639940
31.930000000,0.005069036,-0.027843857,0.994426515
31.935000000,-0.063874339,-0.058188104,1.006907717
31.940000000,-0.007714291,0.005214476,1.010138946
31.945000000,0.064940487,-0.014405290,1.014359258
31.950000000,-0.011197558,0.025769524,1.002726000
31.955000000,0.016519438,0.034525205,1.003605377
31.960000000,-0.003308198,0.005172311,1.006656064
31.965000000,0.025893807,-0.013637201,1.003572261
31.970000000,-0.006863493,-0.045485458,1.009076436
31.975000000,-0.050009821,-0.055276977,1.007666572
31.980000000,0.033275721,0.029292810,1.006048851
31.985000000,0.039919849,0.046833108,1.002609040
31.990000000,0.019462809,-0.023782509,1.004296095
31.995000000,0.017275791,-0.011807255,0.995693066
32.000000000,-0.006262778,-0.028892680,1.007972385
32.005000000,0.023245832,0.011255212,1.022920557
32.010000000,0.020831941,-0.013925464,1.010487450
32.015000000,-0.013262815,-0.054303775,1.008858247
32.020000000,-0.013151708,0.019372856,1.000156896
32.025000000,-0.044872541,-0.001665172,1.009707064
32.030000000,-0.000887663,-0.000765083,1.021092112
32.035000000,-0.009745598,-0.023234146,1.007161542
32.040000000,0.011486774,-0.060531338,0.996656595
32.045000000,0.028654305,0.007750155,0.999385209
32.050000000,-0.012730046,-0.015040651,1.009320437
32.055000000,0.045263844,-0.066132882,1.003717031
32.060000000,-0.051350899,-0.016746760,1.003886377
32.065000000,-0.022126414,-0.046292896,1.001853553
32.070000000,0.009360986,0.025332576,1.002061762
32.075000000,-0.023133737,0.028310592,1.013420807
32.080000000,0.031378361,-0.050181118,1.005767478
32.085000000,-0.053049090,0.057249287,1.014167479
32.090000000,0.008554494,-0.072214457,1.016990181
32.095000000,0.011490352,-0.026340450,1.000731698
32.100000000,-0.020877494,0.078400742,1.010880419
32.105000000,0.007807772,-0.042361971,1.003531089
32.110000000,-0.028843802,0.017398678,0.999591297
32.115000000,-0.007220327,-0.013990083,1.008819587
32.120000000,0.006148125,-0.054535714,1.002548187
32.125000000,0.034050367,-0.058306466,1.019204556
32.130000000,-0.000680576,0.018094492,1.004229295
32.135000000,-0.004670985,0.003068527,1.008007989
32.140000000,-0.021820665,-0.061012944,1.014422571
32.145000000,-0.047361208,0.063745113,0.982368894
32.150000000,0.010494412,-0.022424700,1.011753260
32.155000000,0.038054811,-0.012767266,1.010627108
32.160000000,0.012144143,0.048431110,0.999488043
32.165000000,-0.005401731,-0.018273586,1.016951215
32.170000000,0.036062370,-0.035789341,1.009315663
32.175000000,-0.005319333,-0.001203762,1.015030070
32.180000000,0.024862878,0.035610783,0.998748898
32.185000000,-0.012711747,-0.030233076,1.005204046
32.190000000,-0.042567067,0.003460114,1.021101699
32.195000000,0.052692917,0.006504428,0.998888416
32.200000000,-0.001815390,-0.037806171,0.995814183
32.205000000,-0.008546192,-0.039747461,1.005581555
32.210000000,-0.008571699,-0.013850151,1.010145276
32.215000000,0.011159422,-0.014311261,1.001260253
32.220000000,-0.013670634,-0.027390266,0.998081318
32.225000000,-0.042705069,0.049165989,1.008886714
32.230000000,0.044830028,-0.043629917,1.005427769
32.235000000,0.009963796,-0.035812222,1.008880393
32.240000000,-0.023834238,0.027292437,1.011289244
32.245000000,0.007410759,-0.014480932,1.000818515
32.250000000,0.035338714,0.029858641,0.998022947
32.255000000,-0.031533696,-0.044740820,0.995790905
32.260000000,-0.010485151,0.000954263,1.012659509
32.265000000,0.065097717,0.028022004,1.019379129
32.270000000,-0.029064069,-0.058067748,1.013218217
32.275000000,-0.045192179,0.020046691,1.015410339
32.280000000,0.009209345,0.004469854,0.998329614
32.285000000,0.036265121,0.011347824,1.012193155
32.290000000,-0.027873596,0.027549456,1.011203956
32.295000000,-0.017843010,-0.029942611,0.996363350
32.300000000,0.065551181,-0.001001968,1.014373714
32.305000000,-0.020480231,-0.048607743,1.007280104
32.310000000,-0.005401855,-0.041677206,1.004202368
32.315000000,0.052676025,0.029822948,1.004640961
32.320000000,-0.028645826,-0.022402396,1.012123553
32.325000000,-0.052501578,-0.042174834,1.005394174
32.330000000,0.001113352,-0.015965304,1.000952637
32.335000000,-0.017535460,-0.034681235,1.015435896
32.340000000,-0.029739126,-0.036322259,1.004522140
32.345000000,0.044108015,0.017817123,1.015652979
32.350000000,0.030137936,0.008243075,1.006324088
32.355000000,-0.026029069,-0.039082019,1.003220316
32.360000000,-0.029066548,-0.045066575,1.016237882
32.365000000,0.046744270,-0.007672385,0.999828655
32.370000000,0.001375385,-0.007701486,1.006975880
32.375000000,-0.062052605,-0.025784404,1.005260493
32.380000000,0.114075411,0.018855562,1.002087164
32.385000000,-0.023087811,0.001859186,1.002998708
32.390000000,-0.056822968,-0.004955282,1.008449008
32.395000000,0.099701242,-0.011187405,1.011994073
32.400000000,-0.083303300,0.001879281,1.009030041
32.405000000,-0.007445319,0.021754296,1.011402319
32.410000000,0.066210163,-0.016746596,0.995408029
32.415000000,-0.007993399,-0.000863799,1.004431374
32.420000000,-0.037123133,-0.007263490,1.000036712
32.425000000,-0.032589937,-0.001607985,1.002923849
32.430000000,0.063734663,-0.004398754,1.016911729
32.435000000,0.005210829,0.005342053,0.995963888
32.440000000,-0.024383340,-0.012825264,1.010093817
32.445000000,-0.047286696,-0.032031888,1.006168150
32.450000000,0.010177869,0.022897648,1.008113418
32.455000000,0.004558291,-0.011794197,1.006319836
32.460000000,-0.057393865,-0.003431268,0.998993513
32.465000000,0.021167569,-0.065610900,1.018838923
32.470000000,0.006700958,-0.027526169,0.998705275
32.475000000,0.033877559,0.039515383,1.007651180
32.480000000,-0.022593438,-0.087569403,1.012714166
32.485000000,-0.019450495,0.019847864,1.008140788
32.490000000,0.010374338,0.018548611,1.012582131
32.495000000,-0.008662906,-0.045740714,1.004659006
32.500000000,0.036076801,0.012024674,1.010028274
32.505000000,0.017289887,-0.045731028,0.994223964
32.510000000,0.028606851,0.032849948,1.013202365
32.515000000,-0.023651177,0.001773957,1.010384697
32.520000000,0.009687026,-0.071483894,0.995061211
32.525000000,-0.022735398,0.046652931,1.020128352
32.530000000,-0.050708706,-0.038920718,1.008507444
32.535000000,0.041890491,-0.057297697,1.005429454
32.540000000,0.005071507,0.060181779,1.009172084
32.545000000,0.014629399,-0.000026865,1.010079317
32.550000000,0.004069610,-0.004259692,0.997254922
32.555000000,0.015510647,-0.005554287,0.994635527
32.560000000,0.009262331,-0.033770264,1.014462220
32.565000000,-0.041355060,-0.020698298,1.009494803
32.570000000,-0.005361278,0.015261776,1.013095745
32.575000000,0.032657194,0.030469620,1.006950546
32.580000000,-0.024478256,-0.064035545,1.005844911
32.585000000,-0.018650781,-0.012032207,1.009356833
32.590000000,0.037837267,0.008976828,1.000103911
32.595000000,-0.014210701,-0.015327332,1.005466628
32.600000000,0.031283688,0.024537246,1.005301051
32.605000000,0.015506356,-0.008248047,1.007118672
32.610000000,-0.048600982,0.005750936,1.007859347
32.615000000,-0.008326891,-0.047657076,1.002261773
32.620000000,0.033293500,-0.034297805,1.008227625
32.625000000,-0.018928089,0.012462227,1.011734512
32.630000000,-0.056560615,-0.011429028,1.005129336
32.635000000,0.019105599,0.072256030,1.010497308
32.640000000,0.005255282,-0.007425181,1.012695108
32.645000000,0.032124074,-0.102798003,1.007799988
32.650000000,0.014326225,-0.036841092,1.004903419
32.655000000,-0.041262376,-0.023127831,0.999880526
32.660000000,0.002951635,0.018790605,1.006973168
32.665000000,0.052124647,0.028150728,0.996359827
32.670000000,-0.015451936,0.019490750,0.997382184
32.675000000,-0.048989690,0.040229889,1.013929644
32.680000000,0.048611408,-0.062221693,1.012008208
32.685000000,0.022164157,-0.043499834,1.016430288
32.690000000,0.035329287,-0.038577603,1.001660722
32.695000000,0.000059754,-0.021264814,1.001844607
32.700000000,0.007234549,0.062819013,1.022365386
32.705000000,-0.012406025,-0.070676437,1.008235867
32.710000000,-0.054120213,0.007759344,0.999761820
32.715000000,0.031113581,0.022755174,1.012227582
32.720000000,-0.017536803,-0.064232566,1.010197539
32.725000000,-0.005723975,0.013614524,1.003729080
32.730000000,-0.052384401,-0.057080219,1.003217894
32.735000000,0.033671571,0.026126016,1.006941746
32.740000000,0.034932758,0.047011562,1.004726267
32.745000000,-0.036614369,-0.013289606,0.991713432
32.750000000,0.013766595,-0.018304074,1.014807892
32.755000000,-0.045327037,-0.082605594,1.011424009
32.760000000,0.027485940,0.030924095,0.988784376
32.765000000,-0.037359574,0.018590406,1.013177859
32.770000000,0.047561739,-0.040137865,1.011072295
32.775000000,0.026115027,-0.001952698,1.008705576
32.780000000,-0.078243416,-0.015172518,1.018513375
32.785000000,0.024991796,-0.013768127,1.001008307
32.790000000,-0.017289283,-0.013921092,1.004865941
32.795000000,-0.000560027,0.005443076,1.001285999
32.800000000,-0.009135598,-0.026456772,1.003656850
32.805000000,0.016267354,0.002125890,1.007900345
32.810000000,-0.069072014,-0.042289716,1.003282700
32.815000000,-0.002676370,-0.073622074,1.021120084
32.820000000,0.039864549,0.040515670,1.000072879
32.825000000,-0.051218118,-0.031212655,1.001348994
32.830000000,0.045468378,0.003086360,1.011988614
32.835000000,0.008611207,0.022761918,0.996908147
32.840000000,0.046490659,-0.047556447,1.015946227
32.845000000,-0.023101913,0.023682044,0.999915085
32.850000000,-0.003230440,0.005767648,1.007427141
32.855000000,0.019008640,0.000365761,1.018038941
32.860000000,-0.001231796,-0.045260613,0.993333415
32.865000000,0.012075135,-0.034666765,1.014851259
32.870000000,-0.040575394,0.031742939,1.016044258
32.875000000,0.094207735,0.012919960,0.999379816
32.880000000,0.011263895,0.004647955,1.007021302
32.885000000,0.009676203,-0.060024526,1.015036797
32.890000000,0.004499765,-0.024857952,1.011899927
32.895000000,0.013340246,0.001538320,1.002775156
32.900000000,-0.001315475,0.007640971,1.000839754
32.905000000,-0.033340344,0.010333987,1.009972323
32.910000000,0.091068327,-0.005563247,1.013289417
32.915000000,-0.090581639,0.040092580,1.002216591
32.920000000,-0.020314280,-0.042883907,1.014277271
32.925000000,0.010774285,-0.045257186,1.007998654
32.930000000,-0.034859728,0.006975057,0.999530226
32.935000000,0.019470502,0.021753715,1.006220087
32.940000000,0.008192947,0.003590853,1.002758430
32.945000000,0.048992286,-0.053037940,1.003901361
32.950000000,-0.070422021,0.013106232,0.999290314
32.955000000,0.009588559,0.031423990,1.003055976
32.960000000,-0.007752352,0.008115298,1.008347702
32.965000000,-0.017711300,-0.006435608,1.007893476
32.970000000,0.055895252,-0.045735800,1.006906242
32.975000000,0.002928224,-0.045812231,1.007137131
32.980000000,-0.030046776,-0.007333934,1.014963332
32.985000000,-0.071827364,0.027622576,1.010704835
32.990000000,0.012279309,0.020328852,1.002578252
32.995000000,0.034806137,-0.010599940,0.999455668
33.000000000,0.039166191,-0.050812635,1.009909094
33.005000000,-0.007704096,-0.058762222,1.008549042
33.010000000,0.024368128,-0.018572431,1.011581350
33.015000000,0.017170297,0.046698540,1.009170666
33.020000000,-0.074058290,-0.005866304,1.004832794
33.025000000,-0.010394435,-0.052413219,1.018446351
33.030000000,0.010516984,-0.021555014,0.994683297
33.035000000,0.008753782,-0.011695113,1.001921510
33.040000000,-0.048521523,0.009081163,1.010051743
33.045000000,0.033916516,-0.032339149,0.999858075
33.050000000,0.017051209,0.000667800,1.014662720
33.055000000,-0.026042776,0.014577291,1.001267048
33.060000000,0.038725176,-0.015783726,1.009422788
33.065000000,-0.045463853,-0.009431234,1.014933195
33.070000000,0.007884390,-0.040994542,1.002119341
33.075000000,-0.009046018,0.021540812,1.010128338
33.080000000,-0.022782182,-0.003453029,1.000489964
33.085000000,0.008747124,-0.052878143,0.995371797
33.090000000,0.014855268,0.001920474,1.021236449
33.095000000,0.023354730,-0.017206535,1.007315245
33.100000000,-0.019018355,0.013963868,1.001146564
33.105000000,0.014918935,0.011655184,1.011504721
33.110000000,-0.011693521,-0.022062408,0.999731064
33.115000000,-0.012200023,-0.020532683,1.010722865
33.120000000,0.017754945,-0.052579163,1.008940693
33.125000000,-0.016538094,0.040668415,0.995721419
33.130000000,-0.007697887,0.005850085,1.000708952
33.135000000,0.034092257,-0.062608583,1.009018955
33.140000000,-0.017642547,-0.000533485,1.012737163
33.145000000,0.012670410,-0.034757990,1.003910667
33.150000000,0.038471793,0.016422976,1.010564039
33.155000000,-0.046586635,0.000141104,1.009420725
33.160000000,0.012865572,-0.004250470,0.997394873
33.165000000,-0.033995395,-0.007999602,1.000538517
33.170000000,-0.024756093,-0.042948669,1.011572909
33.175000000,0.041440566,0.027354165,1.011601043
33.180000000,-0.004706211,-0.059383911,1.006399798
33.185000000,0.060967834,-0.027586762,1.016019306
33.190000000,0.021054021,0.024312836,1.007617772
33.195000000,-0.038258206,0.009228510,0.996460684
33.200000000,0.027652903,-0.029284483,1.012392069
33.205000000,0.015984725,-0.058762376,1.010173016
33.210000000,-0.033067450,0.009408853,1.003450865
33.215000000,-0.036581054,-0.042210970,1.012667113
33.220000000,-0.016931761,-0.001999214,0.993906389
33.225000000,0.045223264,-0.009428839,1.000564181
33.230000000,-0.023416433,0.011846023,1.018131936
33.235000000,-0.037813807,0.022604024,1.002690505
33.240000000,0.081764270,-0.015967720,1.016915700
33.245000000,-0.011440340,0.001955550,1.009207242
33.250000000,0.009033654,-0.041221319,1.006007770
33.255000000,0.047477791,0.039879802,1.018832553
33.260000000,-0.052345820,-0.019109853,0.995521480
33.265000000,-0.038738491,0.029277035,1.005637910
33.270000000,-0.040444096,0.039381877,1.013511656
33.275000000,-0.008782450,-0.034415196,0.996173759
33.280000000,0.034598631,0.000451636,1.013493603
33.285000000,0.010295292,-0.071084827,1.009317938
33.290000000,0.010788111,0.048358086,0.997505231
33.295000000,0.006354547,-0.004331168,1.016896891
33.300000000,-0.013425866,-0.022301382,1.012675495
33.305000000,0.019264685,0.033170681,1.006129994
33.310000000,0.008951892,-0.016210049,1.006000312
33.315000000,0.010465771,0.041510157,1.009790534
33.320000000,0.024113451,-0.016818076,1.006710030
33.325000000,-0.048529575,0.000090078,0.998622292
33.330000000,0.008534493,-0.028022591,1.006351005
33.335000000,0.021119281,0.002951774,1.005846480
33.340000000,-0.024799700,0.019651267,1.002772499
33.345000000,0.030415770,-0.070136909,0.999832055
33.350000000,-0.018897704,-0.024324329,1.014120748
33.355000000,0.004799698,-0.008988771,1.014689515
33.360000000,0.085840779,0.006352611,0.999059879
33.365000000,-0.010495252,-0.006855663,1.009072130
33.370000000,-0.039404554,-0.027608916,1.007368862
33.375000000,0.020264099,-0.054407905,1.002262275
33.380000000,-0.044694850,-0.029047646,1.002615155
33.385000000,-0.033065472,0.021877626,1.003603371
33.390000000,0.012639096,0.008639856,1.006940148
33.395000000,-0.049586022,-0.023118412,1.016070709
33.400000000,0.029503793,-0.066208550,1.004949789
33.405000000,0.041308503,-0.032952303,0.995223033
33.410000000,-0.041755795,-0.036102575,1.004965012
33.415000000,0.062790537,-0.040778571,1.004572482
33.420000000,0.010616357,-0.007594136,1.014978682
33.425000000,-0.048142268,0.006153652,1.003835130
33.430000000,0.019803028,-0.015207034,1.013710540
33.435000000,-0.048851249,-0.005851132,1.008153733
33.440000000,-0.009453247,0.027872011,0.993120760
33.445000000,-0.007249226,-0.030930475,1.019371330
33.450000000,-0.041866459,-0.043815972,1.006710049
33.455000000,0.059831498,-0.014116439,1.011975045
33.460000000,0.033611416,-0.011729534,1.009251223
33.465000000,-0.071015597,-0.007675990,1.004874159
33.470000000,-0.023152104,0.017859014,0.997444152
33.475000000,0.025866015,-0.028380676,1.002880921
33.480000000,-0.040164579,-0.013610066,1.016817453
33.485000000,0.054072924,0.028534022,0.999058971
33.490000000,0.028696233,-0.023740277,1.021104546
33.495000000,-0.018201078,0.008190050,1.003338001
33.500000000,0.046654469,-0.018384099,1.002471096
33.505000000,-0.065590268,-0.023114575,1.008642883
33.510000000,-0.000033786,0.015567354,0.998329171
33.515000000,0.034291931,0.014474569,1.018762343
33.520000000,-0.033112115,-0.036624417,0.997761103
33.525000000,-0.011065684,-0.001021917,1.003551368
33.530000000,0.018181678,0.057790954,1.007053786
33.535000000,0.027917995,-0.087549423,1.018315834
33.540000000,-0.036398588,-0.002339262,1.006675821
33.545000000,0.013190722,0.078787402,0.997115401
33.550000000,-0.056559462,-0.023331988,1.015545830
33.555000000,-0.025319085,-0.020257511,0.994713680
33.560000000,0.105741082,-0.032335981,1.013111680
33.565000000,-0.029004530,-0.006232296,1.009591945
33.570000000,-0.014950151,0.038050396,1.001191457
33.575000000,0.032299842,0.044786736,1.004117235
33.580000000,0.016067615,-0.047240576,1.004885675
33.585000000,0.024125453,-0.061471187,1.013309720
33.590000000,0.018793862,0.054116003,1.005161517
33.595000000,0.040404966,0.007083955,1.016816672
33.600000000,-0.017968471,-0.064044620,0.996718211
33.605000000,-0.003377006,-0.037450159,1.001325161
33.610000000,0.018223916,0.013346171,1.012597039
33.615000000,0.010021993,0.052211213,1.001762651
33.620000000,0.012302634,-0.003850437,1.003880294
33.625000000,-0.062952985,0.027796726,1.001220331
33.630000000,0.032730768,-0.031998098,1.021339970
33.635000000,0.055661892,-0.128985953,1.007153240
33.640000000,-0.099591405,0.007822494,1.002292538
33.645000000,-0.052051138,-0.009124551,1.013842364
33.650000000,0.016063589,0.023037729,0.999067497
33.655000000,0.005484825,-0.006241426,1.008818687
33.660000000,0.027372764,-0.026559384,1.013685993
33.665000000,0.050583006,0.068059084,1.010293636
33.670000000,-0.009460171,-0.084943363,1.003753084
33.675000000,-0.005209228,0.003960811,1.004262805
33.680000000,0.072601479,0.015370095,1.015339466
33.685000000,-0.019979466,-0.022420300,1.006099360
33.690000000,-0.029772593,0.003987964,1.010971710
33.695000000,0.010614520,-0.049800868,1.006825535
33.700000000,-0.041364590,-0.000090584,0.997458507
33.705000000,-0.009862444,-0.117891291,1.013418957
33.710000000,0.014225922,-0.016904906,1.000392945
33.715000000,-0.013210997,0.006672242,1.004573677
33.720000000,-0.034586887,-0.026810171,1.013921653
33.725000000,-0.059879158,0.063371227,1.008630059
33.730000000,-0.019930452,-0.043394878,1.007676909
33.735000000,0.060632983,-0.042350150,1.003560608
33.740000000,-0.009526102,-0.030012349,1.008587388
33.745000000,-0.010556306,-0.001338283,0.996115891
33.750000000,0.013471901,-0.019757784,1.005950303
33.755000000,-0.037203975,0.015944768,0.998479404
33.760000000,0.040933593,0.038637773,1.007909091
33.765000000,0.000910629,-0.017664193,1.023735364
33.770000000,-0.011418173,0.011978740,0.986316537
33.775000000,0.010683509,-0.007548037,1.017669716
33.780000000,-0.051025365,-0.009768233,1.006117997
33.785000000,0.017076854,-0.039685431,0.993115584
33.790000000,0.029054154,0.020524010,1.019902574
33.795000000,-0.024333798,-0.019397915,1.001136437
33.800000000,-0.005744323,-0.047697736,1.018949291
33.805000000,0.025693039,0.022184815,1.002777960
33.810000000,0.003750024,-0.006534742,0.997610202
33.815000000,0.006741611,0.004352779,1.019231453
33.820000000,0.031513195,-0.024855001,0.997250039
33.825000000,-0.041314064,0.018458797,1.009597638
33.830000000,-0.030885508,-0.008437161,1.012933399
33.835000000,0.045265306,-0.024125729,0.994856003
33.840000000,-0.026757533,0.016075082,1.018382199
33.845000000,-0.017449047,0.003331196,1.011293672
33.850000000,0.051825930,-0.012392765,0.998344341
33.855000000,-0.009396068,-0.015342926,1.023927330
33.860000000,0.028472880,-0.015003805,0.999252590
33.865000000,0.017493636,-0.049930671,0.993219679
33.870000000,-0.030492653,0.055943051,1.010425117
33.875000000,0.023612828,-0.047796965,1.001926599
33.880000000,-0.005568162,-0.057036942,1.013517157
33.885000000,0.010199187,0.034774097,0.993455494
33.890000000,0.016224514,-0.052843057,0.997718159
33.895000000,-0.000791078,0.037364029,1.013299646
33.900000000,0.040450948,-0.009048649,1.007884214
33.905000000,0.014107213,0.005169087,1.018960804
33.910000000,-0.041054353,-0.006728875,1.005291219
33.915000000,-0.019584251,-0.038168215,1.004131226
33.920000000,-0.015844519,0.020270084,1.011154280
33.925000000,-0.056444363,-0.025217399,0.996518312
33.930000000,0.045266350,0.009143419,1.011198552
33.935000000,0.012416201,-0.011593582,1.010975862
33.940000000,-0.087856848,-0.025030262,1.000224311
33.945000000,0.043902293,-0.032268122,1.006948897
33.950000000,-0.010768154,0.034050842,1.008129713
33.955000000,-0.029953617,-0.002961922,1.007399006
33.960000000,0.090589991,-0.054921611,1.004697272
33.965000000,-0.011250086,-0.003312612,1.010209057
33.970000000,-0.011389813,-0.028042097,1.014256183
33.975000000,0.029468082,0.031984225,1.003826725
33.980000000,-0.011735877,-0.061762487,1.004090432
33.985000000,-0.002915511,-0.006275546,1.011197500
33.990000000,-0.030746828,-0.008672827,1.004539704
33.995000000,0.006419740,-0.077536269,1.005318746
34.000000000,-0.011108114,0.052113168,1.017297634
34.005000000,-0.018305001,-0.010739984,1.001510762
34.010000000,0.077003851,0.020837660,1.000199475
34.015000000,0.023765329,-0.024419435,1.009740532
34.020000000,-0.023171690,-0.024308148,1.008668268
34.025000000,0.045166091,0.013571525,1.012957301
34.030000000,0.031668375,-0.010828423,1.009854408
34.035000000,-0.026630501,0.041110100,1.014909867
34.040000000,-0.022171219,-0.016078649,1.003362818
34.045000000,-0.055072560,0.031728650,1.007313017
34.050000000,-0.001931565,-0.071161063,1.015707717
34.055000000,0.054409951,-0.063600829,0.999719540
34.060000000,-0.029254636,0.052001110,1.004901539
34.065000000,0.009237501,0.026289800,1.013237134
34.070000000,-0.007335372,0.043002003,1.004025734
34.075000000,-0.011276972,-0.048518666,1.003222621
34.080000000,0.015543977,0.022434606,1.015136802
34.085000000,-0.028020853,0.009982223,0.999775278
34.090000000,0.025958510,-0.061594255,1.001854934
34.095000000,-0.046068556,0.005254688,1.007124466
34.100000000,0.001599928,-0.013108872,1.007574362
34.105000000,0.066129582,-0.062237669,1.013469495
34.110000000,-0.050722615,-0.056415825,0.993631402
34.115000000,-0.029077127,0.020299306,1.008571879
34.120000000,-0.017219259,-0.022985283,1.002250719
34.125000000,0.024362906,0.024666883,1.002738510
34.130000000,0.000419398,-0.004491889,1.009924952
34.135000000,-0.040155510,-0.066582920,0.995764230
34.140000000,0.008567508,-0.010537280,1.017177852
34.145000000,-0.014034132,-0.038769494,1.015462780
34.150000000,0.003624581,0.003928200,1.003774872
34.155000000,-0.029263665,-0.052363617,0.996392633
34.160000000,0.041109083,0.018351194,1.007455544
34.165000000,0.039542088,0.038213000,1.007730672
34.170000000,-0.070350624,-0.034655726,1.000755703
34.175000000,0.006546400,0.010699801,1.001386769
34.180000000,0.024539497,-0.055404694,1.003047258
34.185000000,-0.018336611,0.012507824,1.009697908
34.190000000,-0.073318573,0.033274651,0.996157907
34.195000000,0.097684463,-0.005272993,1.021199914
34.200000000,0.063779237,-0.097475180,1.014572956
34.205000000,-0.143693896,-0.079459843,0.996597683
34.210000000,0.042883798,0.069473626,1.008056767
34.215000000,0.034374977,0.021821651,1.000406161
34.220000000,0.010029378,0.028370364,1.015722289
34.225000000,0.042519845,-0.049394052,1.007703195
34.230000000,-0.002471218,-0.030060027,1.003106021
34.235000000,0.029280983,0.017159619,1.006569460
34.240000000,-0.010153970,-0.026890011,1.003757582
34.245000000,0.026098495,0.032948820,1.018231106
34.250000000,-0.022509199,-0.022899013,1.005024807
34.255000000,-0.029704291,0.006796517,0.997934450
34.260000000,0.037208789,-0.012409560,1.014980474
34.265000000,0.011231579,-0.051676152,1.007893855
34.270000000,-0.005215298,0.018523126,1.005386789
34.275000000,0.005419926,-0.008168854,1.013482421
34.280000000,-0.012383937,0.012684099,0.992180976
34.285000000,-0.007528926,0.061840840,1.005798080
34.290000000,0.029189829,-0.021648936,1.014533553
34.295000000,-0.027919167,-0.044677033,1.002409857
34.300000000,0.013218020,0.002420673,1.005362158
34.305000000,-0.021335715,-0.034296474,0.999441122
34.310000000,0.001056579,-0.008835466,1.014954852
34.315000000,0.047270975,-0.006446793,1.015339697
34.320000000,-0.025413589,0.043973371,1.005585009
34.325000000,0.028649351,0.028896567,1.002633015
34.330000000,-0.039139289,-0.050238910,1.018954598
34.335000000,0.023607486,-0.010564288,1.012239739
34.340000000,0.002234181,-0.053715652,0.996162256
34.345000000,-0.036499927,-0.008635795,1.020294689
34.350000000,0.047304672,0.022574154,0.999228535
34.355000000,-0.042547839,0.004473489,1.007993795
34.360000000,0.027038224,-0.039115213,1.020074207
34.365000000,-0.006855805,-0.006442337,0.991580936
34.370000000,-0.053494771,0.060368011,1.010532547
34.375000000,-0.003772347,-0.031833338,1.014482318
34.380000000,0.004493968,0.040684981,1.002261353
34.385000000,-0.030150846,-0.050308777,1.001272155
34.390000000,-0.001330130,-0.115494694,1.011440026
34.395000000,0.050632666,0.040792135,1.013479678
34.400000000,-0.079976477,-0.015748291,0.996122366
34.405000000,0.052208458,-0.023884740,1.003877920
34.410000000,0.018821927,-0.013021487,1.012711056
34.415000000,-0.075057185,-0.016463124,1.003372365
34.420000000,0.069887748,-0.017892189,1.012019716
34.425000000,-0.024951207,-0.080431327,1.009788803
34.430000000,-0.006669632,-0.016868677,0.998166868
34.435000000,0.012241671,0.000641918,1.006158320
34.440000000,-0.034023697,-0.062119479,1.004080901
34.445000000,0.009150452,0.049356252,1.002329523
34.450000000,-0.000429466,0.038358048,0.999206076
34.455000000,0.053999921,-0.043619371,1.009354145
34.460000000,0.045080182,0.016861498,1.005441295
34.465000000,-0.036842262,-0.055212926,1.005784790
34.470000000,0.019948388,-0.006239943,1.010182122
34.475000000,-0.017775713,0.045406208,0.994881612
34.480000000,-0.070024162,-0.059823891,1.017592660
34.485000000,0.026814571,-0.003360646,1.014866375
34.490000000,-0.025554853,0.019077564,0.988392033
34.495000000,-0.037655488,-0.034563880,0.997839817
34.500000000,0.045212381,0.007255777,1.012942281
34.505000000,0.037381126,-0.035947407,1.006550053
34.510000000,0.028713001,-0.027557288,1.006289338
34.515000000,0.065665015,0.036278995,1.022595628
34.520000000,0.011760203,-0.041594393,1.010971548
34.525000000,-0.056860826,0.060599057,0.998992940
34.530000000,0.000925674,-0.018357863,1.003625756
34.535000000,-0.028382705,-0.114478592,1.012163625
34.540000000,0.013679317,0.085083741,1.008077866
34.545000000,0.038283538,-0.003692797,1.007440400
34.550000000,-0.025903169,-0.011600826,1.006206213
34.555000000,0.007134831,0.026219742,0.996886189
34.560000000,-0.016883743,-0.027176392,1.007023312
34.565000000,-0.038464365,0.006164044,1.003297910
34.570000000,0.017909620,-0.004961926,1.012070658
34.575000000,0.073088225,-0.024117820,1.019670944
34.580000000,-0.011574571,-0.049335808,1.002675294
34.585000000,-0.046232015,0.019811355,1.005261941
34.590000000,0.001038899,0.033268272,1.005807592
34.595000000,-0.036618041,0.014893504,1.005333053
34.600000000,-0.048337716,-0.003863736,1.006236997
34.605000000,0.011039616,-0.007001972,1.002539611
34.610000000,0.029972743,-0.059737663,0.997503397
34.615000000,-0.002092797,-0.068251573,1.010246097
34.620000000,-0.007552474,0.071069099,1.014770156
34.625000000,-0.002777432,0.022095031,0.998072722
34.630000000,0.036397041,0.000125405,1.014228459
34.635000000,-0.041728334,-0.060945773,1.015068469
34.640000000,-0.012021251,-0.066680671,1.001543095
34.645000000,0.043355606,-0.015469015,1.010612833
34.650000000,-0.026449009,-0.026446733,1.007850007
34.655000000,0.007657894,0.062223743,1.005630162
34.660000000,-0.015913145,-0.043335346,1.009085315
34.665000000,0.035363351,-0.023539588,1.011253017
34.670000000,-0.049634216,-0.006518383,1.000086378
34.675000000,0.010851445,-0.022189251,0.997311825
34.680000000,0.080535683,0.057460936,1.014703252
34.685000000,-0.080344048,-0.018193869,1.009360738
34.690000000,0.054521246,-0.006848522,1.005936505
34.695000000,-0.013305273,-0.060388970,1.007297396
34.700000000,-0.003487863,-0.015071855,1.010445146
34.705000000,0.063299950,0.023477301,1.018191462
34.710000000,-0.042975131,-0.049029541,1.003226425
34.715000000,0.043660028,0.044152005,1.015029294
34.720000000,0.013912375,-0.006304293,1.001978882
34.725000000,-0.065294370,-0.080291216,0.999539550
34.730000000,-0.040558287,-0.012125810,1.013808381
34.735000000,0.035778502,0.009696730,0.998247652
34.740000000,0.007782841,-0.008338932,1.014930630
34.745000000,0.031725572,-0.007950289,1.001434472
34.750000000,0.053502515,-0.051871531,1.000217841
34.755000000,-0.017231840,-0.000500010,1.008833834
34.760000000,-0.014439486,0.042556734,1.008011943
34.765000000,0.011554337,-0.072384966,1.015893500
34.770000000,0.078158643,0.007242664,0.999634445
34.775000000,-0.054160222,-0.012396003,1.002518482
34.780000000,-0.038183059,-0.029529926,0.999526756
34.785000000,0.034716238,0.102469386,1.014660919
34.790000000,-0.083333594,-0.055760076,1.007477877
34.795000000,-0.030213589,-0.045566897,0.991898643
34.800000000,0.005423706,0.035315959,1.008063229
34.805000000,0.008373238,-0.069145097,1.007385629
34.810000000,0.021249071,0.030553440,1.009392228
34.815000000,0.039036510,0.019255405,1.003007638
34.820000000,0.039108431,-0.048496182,1.018623986
34.825000000,-0.013789044,0.023618289,1.012207969
34.830000000,-0.025109686,-0.034138204,1.002357253
34.835000000,-0.035246142,0.013024327,1.001203417
34.840000000,-0.025773526,0.080683059,0.992913890
34.845000000,0.023128305,-0.055944750,1.014029860
34.850000000,0.014535511,-0.049554073,1.005367668
34.855000000,-0.030829692,-0.007984941,1.007258238
34.860000000,-0.017583382,-0.041400283,1.002065470
34.865000000,-0.035939648,-0.024363803,1.005715580
34.870000000,0.001624683,-0.004393376,1.022338797
34.875000000,0.014708400,0.026783271,1.002288742
34.880000000,-0.035163858,-0.001145986,1.007215779
34.885000000,-0.004421326,0.017607320,1.008093666
34.890000000,0.000585323,-0.005445682,1.008509351
34.895000000,0.001766094,-0.015171178,1.011179260
34.900000000,0.053603694,0.022138323,1.004205931
34.905000000,0.018660643,-0.081091378,1.000940179
34.910000000,-0.076139409,0.016512333,1.006738121
34.915000000,0.047270107,0.027848713,1.008202124
34.920000000,0.041973116,-0.029753522,1.005181006
34.925000000,-0.080757932,0.028259610,1.015157698
34.930000000,0.008230433,-0.095018085,1.003735517
34.935000000,-0.030082586,-0.019781665,1.010746591
34.940000000,0.008869695,0.030879360,1.010386019
34.945000000,0.080991344,-0.032024857,0.997171127
34.950000000,0.006455743,0.019247515,1.010237405
34.955000000,0.026600134,-0.030735480,1.006898166
34.960000000,0.015805508,-0.055466450,1.003420077
34.965000000,-0.010391097,0.020503630,1.000916364
34.970000000,0.036157716,0.024074125,1.009412268
34.975000000,0.015526065,-0.054934584,1.006587315
34.980000000,-0.009590641,-0.012573632,0.999445223
34.985000000,-0.007409081,-0.024188260,1.008462812
34.990000000,-0.035357478,-0.008930031,0.997183736
34.995000000,0.016695915,0.042416931,1.014881480
35.000000000,0.010046152,-0.062227193,1.017031996
35.005000000,0.012348004,-0.013036079,0.993120500
35.010000000,0.013744272,0.002999632,1.008641573
35.015000000,-0.077201017,-0.002843508,1.009455802
35.020000000,-0.027982969,-0.008612142,1.010203507
35.025000000,-0.023244134,-0.072139173,1.008377011
35.030000000,-0.013871230,-0.012622768,0.997327429
35.035000000,0.058303218,0.011569578,1.010825450
35.040000000,0.021835086,0.039825330,1.004657987
35.045000000,0.010295144,-0.017517006,1.004856444
35.050000000,0.015195433,-0.042835930,1.017070126
35.055000000,-0.056167683,0.034652990,1.015480239
35.060000000,-0.017551190,-0.024301308,1.009168109
35.065000000,0.045385155,0.007367924,1.004458875
35.070000000,-0.000030750,0.025998862,1.003771892
35.075000000,0.013642459,-0.038609375,1.014863336
35.080000000,0.004042042,0.028063814,1.010967221
35.085000000,0.017225496,0.027079471,0.988323626
35.090000000,-0.009845861,-0.067277398,1.016789105
35.095000000,-0.015200504,-0.017770343,1.019709609
35.100000000,0.025885264,0.038663213,0.997067890
35.105000000,-0.028705082,-0.025417691,1.012674118
35.110000000,0.023314050,-0.041318727,0.998795915
35.115000000,-0.007300338,-0.028926482,1.001255883
35.120000000,0.003823688,0.006318951,1.013432754
35.125000000,0.054841870,0.023512923,1.009408291
35.130000000,-0.014254045,-0.004379390,1.015597904
35.135000000,-0.046698591,-0.033743503,1.003201322
35.140000000,-0.007088757,-0.082643328,0.999165717
35.145000000,-0.002113083,0.031768138,1.013033683
35.150000000,-0.066203584,0.022154198,1.004245339
35.155000000,0.056811418,-0.030311833,0.997491819
35.160000000,0.000523053,0.068512255,1.010759393
35.165000000,-0.012536359,-0.019862778,0.997106781
35.170000000,0.061291493,-0.012610222,1.007504503
35.175000000,-0.062581308,-0.016100393,1.006908689
35.180000000,0.021259405,-0.051987208,0.997902674
35.185000000,-0.035112188,-0.038717262,1.016197364
35.190000000,-0.013745040,-0.015210566,0.999120703
35.195000000,0.053365828,0.100066876,1.007355314
35.200000000,-0.056321570,-0.029173286,1.010272126
35.205000000,0.031247556,-0.041135864,1.004618991
35.210000000,0.000611620,-0.026978249,1.008119713
35.215000000,-0.012560780,-0.073404903,1.003475888
35.220000000,0.059286433,0.040667335,1.023374010
35.225000000,-0.055781638,-0.002351399,1.003991275
35.230000000,-0.050117033,-0.045383579,0.993962118
35.235000000,0.059964083,-0.058747088,1.021236314
35.240000000,-0.026249544,0.039856550,1.019532232
35.245000000,-0.033880700,0.040003090,0.997821175
35.250000000,0.016501038,-0.063347324,1.000406046
35.255000000,-0.001374456,-0.004188425,1.007964962
35.260000000,-0.017287801,-0.013639833,0.999051978
35.265000000,-0.026745678,-0.046333890,1.010367288
35.270000000,0.073111966,-0.025328245,1.000295042
35.275000000,-0.025191712,0.060967471,1.005327606
35.280000000,0.018849035,0.038466340,1.016048941
35.285000000,0.092125408,-0.010967542,1.001380230
35.290000000,-0.117048168,-0.012347163,1.013029736
35.295000000,0.005245654,-0.044306335,1.007227148
35.300000000,0.031082663,-0.011315782,0.993845138
35.305000000,-0.039269960,0.042777856,1.003638839
35.310000000,0.017764000,0.000191471,1.005465240
35.315000000,-0.014362831,-0.083518148,1.001224864
35.320000000,0.056832896,0.071427847,1.012132292
35.325000000,-0.006496882,0.010629902,1.001392223
35.330000000,-0.042069422,-0.131871150,0.993813380
35.335000000,0.066688340,0.021620208,1.019721144
35.340000000,0.013770847,0.021482418,1.008942474
35.345000000,-0.013851457,-0.010526327,1.006076163
35.350000000,0.008244625,-0.009984715,1.014461604
35.355000000,-0.024659465,-0.039268687,0.996982750
35.360000000,-0.012996894,-0.060026583,1.011026219
35.365000000,-0.017683085,-0.014083528,1.002824863
35.370000000,-0.017737499,0.005257886,0.998553864
35.375000000,0.035753320,-0.021699518,1.021689176
35.380000000,0.070991171,0.000193916,1.005160232
35.385000000,0.012080433,-0.012528294,1.010672033
35.390000000,-0.037183889,0.043132019,1.012239938
35.395000000,0.044740744,-0.019084834,1.001487432
35.400000000,0.011658433,-0.050468007,1.017819997
35.405000000,-0.086773933,-0.022167736,0.997864896
35.410000000,-0.012534414,-0.033473984,1.004872813
35.415000000,0.066556964,0.038056285,1.024054944
35.420000000,-0.023021147,0.024189707,1.002659925
35.425000000,-0.019701568,-0.014992877,1.005545220
35.430000000,0.062843149,-0.041821448,1.018227845
35.435000000,-0.056046209,0.019702759,1.003836942
35.440000000,-0.030495542,0.018900208,1.009096486
35.445000000,-0.010221567,-0.052819691,1.017254849
35.450000000,-0.038252490,0.024329350,1.000917360
35.455000000,0.079800079,0.024962421,1.013115392
35.460000000,0.035493168,-0.034177473,1.010007794
35.465000000,-0.038338692,-0.017156912,1.003493640
35.470000000,-0.019623442,0.012971142,1.010880277
35.475000000,0.023032899,-0.011652045,0.998588701
35.480000000,-0.036515689,-0.003270035,1.008708035
35.485000000,0.031729683,0.011873692,1.001304853
35.490000000,0.101644115,0.028527333,1.004208426
35.495000000,-0.078191565,0.007530835,1.011678191
35.500000000,-0.022349479,-0.097036277,1.003924335
35.505000000,-0.021157057,-0.006554688,0.993809102
35.510000000,-0.058423217,0.037725175,0.989513961
35.515000000,0.019846544,-0.045682094,1.011167915
35.520000000,-0.004261606,0.031443014,1.001408825
35.525000000,0.016109514,-0.034052460,1.007126762
35.530000000,0.008370429,-0.091711958,1.013009210
35.535000000,0.044239498,0.012509354,1.001243657
35.540000000,0.000882440,-0.025535723,1.014311941
35.545000000,-0.017419257,0.021605784,1.002582477
35.550000000,0.033714608,0.016660659,1.008696358
35.555000000,-0.060761344,-0.060930985,1.007983657
35.560000000,-0.068041610,-0.003801043,0.997627325
35.565000000,0.028235277,-0.058049430,1.012195134
35.570000000,0.036871047,-0.006254874,1.011490806
35.575000000,-0.055863019,0.040313200,1.000739220
35.580000000,0.035379581,-0.051160637,0.995378716
35.585000000,0.032659677,-0.034460055,1.011973689
35.590000000,-0.060239471,-0.011696652,1.009584496
35.595000000,0.060966264,-0.003704305,0.998830783
35.600000000,0.000264685,0.076863405,1.016521423
35.605000000,-0.007699110,0.024239688,1.016157523
35.610000000,-0.004374502,-0.103903148,1.000069794
35.615000000,-0.027100118,0.018359785,1.001863294
35.620000000,0.097620804,-0.008813067,1.015480997
35.625000000,-0.024645500,-0.039256954,1.008133943
35.630000000,-0.079233906,0.044022310,0.994735597
35.635000000,0.032879916,-0.002316914,1.020311350
35.640000000,-0.013061627,0.029905886,1.016970885
35.645000000,-0.049271534,-0.036035950,0.990214437
35.650000000,0.056145327,-0.006870422,1.005233980
35.655000000,0.018918709,0.001307986,1.001657922
35.660000000,-0.070483483,-0.062893058,1.009254923
35.665000000,0.044485570,0.010489640,1.024843533
35.670000000,0.025186921,-0.014273461,1.008503054
35.675000000,0.025539850,0.009661025,1.006192378
35.680000000,0.057002826,0.014472448,0.997359607
35.685000000,-0.032681331,-0.045719336,0.998622471
35.690000000,0.007839333,-0.070168706,1.008242437
35.695000000,-0.012838671,-0.025454883,1.010726088
35.700000000,-0.013239767,0.028314696,1.009194271
35.705000000,0.042746538,0.000038831,1.000217017
35.710000000,-0.010690943,-0.026979477,1.010923064
35.715000000,0.002162807,-0.015026991,1.006952613
35.720000000,0.007621363,-0.024030296,1.005025189
35.725000000,-0.058429359,-0.049297410,1.010793249
35.730000000,0.006917254,0.045421478,1.003809983
35.735000000,0.059337043,0.046488754,1.005565534
35.740000000,-0.025501259,0.001528299,1.013435720
35.745000000,0.016042649,-0.056686937,1.012503218
35.750000000,0.032643262,-0.053255453,1.007696681
35.755000000,0.000730360,0.039334234,1.013291646
35.760000000,0.029601196,-0.007952549,1.014570466
35.765000000,-0.048531788,0.033401507,1.004634463
35.770000000,-0.026751669,-0.017576961,0.999865308
35.775000000,-0.002998993,-0.012101427,1.006151745
35.780000000,-0.044974023,0.023541979,1.005897154
35.785000000,0.012924698,-0.064378854,1.010953796
35.790000000,0.001626538,0.015014801,1.007855069
35.795000000,-0.036386906,0.010516866,1.000141305
35.800000000,-0.019176942,-0.007714523,1.006604865
35.805000000,-0.001854957,-0.077654301,1.004914362
35.810000000,0.001750745,-0.030555260,1.010418237
35.815000000,0.003318573,0.068385757,1.009681463
35.820000000,-0.022542175,-0.041009919,1.004634928
35.825000000,0.010480462,0.014133963,1.010216056
35.830000000,0.037134857,-0.020314475,0.998968202
35.835000000,-0.058523838,-0.056734272,1.009293358
35.840000000,-0.015998599,0.034166513,1.013065543
35.845000000,0.055810605,-0.005725297,1.000862301
35.850000000,0.021335264,-0.019013936,1.008388508
35.855000000,0.047196352,-0.015388478,1.007076398
35.860000000,0.022892436,0.003375344,0.994836311
35.865000000,-0.037574202,0.005449714,1.008269064
35.870000000,-0.058044397,-0.023244802,1.005887830
35.875000000,-0.036731084,0.000147472,0.992809647
35.880000000,0.027528140,-0.028355321,1.020193227
35.885000000,0.025949035,-0.007716615,1.011808618
35.890000000,0.023234278,0.014106880,0.993386501
35.895000000,0.029521019,-0.043954012,1.009148635
35.900000000,-0.038921350,-0.040999668,0.999968630
35.905000000,0.004995951,-0.020499901,1.005059548
35.910000000,0.028307942,0.034259706,1.010740171
35.915000000,-0.037348277,0.014272789,0.998472953
35.920000000,0.010644399,-0.017978209,1.004425914
35.925000000,0.006406411,-0.050980887,1.018130599
35.930000000,0.017394468,-0.028114054,1.008300748
35.935000000,0.026076961,0.082799613,1.007965446
35.940000000,0.000273030,-0.036204858,1.014235312
35.945000000,-0.011647136,-0.009719908,1.007392534
35.950000000,-0.058644582,-0.001578171,1.003608735
35.955000000,0.033449136,-0.071006529,1.003168484
35.960000000,0.012539572,0.013169297,1.018634815
35.965000000,-0.038642255,-0.048821741,1.001726824
35.970000000,0.024315793,0.043939317,1.008119536
35.975000000,-0.018789645,0.027967870,1.023060214
35.980000000,0.031734241,-0.035361307,0.981487634
35.985000000,0.025754668,-0.001311202,1.002652168
35.990000000,-0.012055370,-0.049018062,1.014373367
35.995000000,0.039984281,0.060369582,1.007360464
36.000000000,-0.016394021,-0.029665540,1.006546283
36.005000000,-0.000807313,-0.014546826,1.011255378
36.010000000,0.007808056,0.024921823,1.020558385
36.015000000,-0.051437333,-0.107176211,0.984641057
36.020000000,0.001527913,0.021234904,1.014499699
36.025000000,-0.040068137,0.024792876,1.023527077
36.030000000,-0.019072629,-0.045441067,0.995940799
36.035000000,0.121225598,-0.003472086,1.013331191
36.040000000,-0.038582853,-0.007599189,0.999698144
36.045000000,-0.053100716,-0.039966833,1.007584359
36.050000000,0.084565949,-0.022189492,1.005366757
36.055000000,-0.052328060,-0.024443033,0.997443127
36.060000000,-0.043893334,-0.051726189,1.018616971
36.065000000,0.022741070,0.015187736,1.008051986
36.070000000,0.004038046,-0.032642642,1.004485104
36.075000000,0.006905505,-0.022132761,1.010813559
36.080000000,-0.015249023,0.020671240,1.003044732
36.085000000,0.041750935,-0.011305108,1.004521262
36.090000000,-0.003432907,0.048045015,1.003547770
36.095000000,-0.074028186,0.009026908,1.005570311
36.100000000,0.022255326,-0.006692241,1.004530951
36.105000000,0.024696247,-0.033034656,0.999015282
36.110000000,-0.040755927,-0.011972273,1.004642013
36.115000000,-0.007547775,0.040531058,1.009262991
36.120000000,-0.002020005,-0.026817671,1.012847464
36.125000000,0.000062174,0.006660621,1.008689823
36.130000000,0.051497856,-0.005987985,1.004976786
36.135000000,0.023360202,-0.022591553,1.008000369
36.140000000,-0.018164137,-0.051581697,1.010511675
36.145000000,0.005532498,-0.019573613,1.019545803
36.150000000,0.006865235,0.060314021,1.001486219
36.155000000,-0.052569788,-0.032947714,0.989455928
36.160000000,-0.053689828,-0.001499259,1.008570880
36.165000000,0.040275194,-0.030060412,1.008861694
36.170000000,0.036337906,-0.021241504,0.999500438
36.175000000,0.005205918,0.071485112,1.010454042
36.180000000,0.019355076,-0.033535263,1.014184565
36.185000000,0.025367504,0.000424477,1.003188276
36.190000000,0.028837558,0.035394913,1.006348398
36.195000000,-0.039654806,-0.039044577,1.011511830
36.200000000,0.019048495,-0.001575759,1.012691005
36.205000000,0.038236596,0.016795519,1.005354832
36.210000000,-0.092491530,-0.074973651,0.999587695
36.215000000,-0.015407526,-0.026070738,1.004627746
36.220000000,0.010980900,0.009948344,1.001241050
36.225000000,-0.035151001,-0.048562569,1.012329194
36.230000000,0.002408439,0.006393369,1.011514077
36.235000000,0.037464714,-0.030595749,1.001200083
36.240000000,0.052842767,-0.008438328,1.011565761
36.245000000,-0.019749860,0.045948896,1.011607572
36.250000000,-0.011184223,-0.015266935,1.000371368
36.255000000,0.035660068,-0.036148711,1.007727605
36.260000000,0.016054953,-0.027424778,1.014616864
36.265000000,-0.033504698,-0.007452751,0.994639954
36.270000000,-0.015423565,-0.029695194,1.009941832
36.275000000,-0.000304378,0.001760975,1.020847236
36.280000000,-0.013372648,-0.034357787,1.001024190
36.285000000,0.045479827,-0.024577330,1.007530486
36.290000000,-0.031873447,0.038235616,1.015866893
36.295000000,0.023512782,-0.036860140,1.002718941
36.300000000,0.064329437,-0.013116956,1.003071319
36.305000000,-0.086400719,-0.017638115,1.020108807
36.310000000,-0.040026671,-0.009986222,0.998959130
36.315000000,0.029552159,0.014087639,0.991120612
36.320000000,0.039900339,-0.040002596,1.003401323
36.325000000,-0.012736893,-0.010787832,1.007635481
36.330000000,-0.010790649,-0.002783261,1.023588503
36.335000000,-0.041723944,-0.015526979,1.009929113
36.340000000,-0.062354759,0.001250645,0.995949764
36.345000000,0.063763011,0.009352821,1.008093649
36.350000000,-0.016884928,-0.029608535,0.999161986
36.355000000,-0.017610941,0.017822682,0.995051245
36.360000000,0.032838368,0.062650166,1.022200340
36.365000000,-0.000145791,-0.068790278,1.002167821
36.370000000,0.032135677,-0.065392431,0.990099149
36.375000000,-0.035365800,0.026206274,1.010626865
36.380000000,-0.013434072,-0.011472841,1.009357024
36.385000000,0.004349547,-0.031646012,1.006034152
36.390000000,-0.047627812,-0.001795946,1.004393803
36.395000000,0.030741730,-0.034916449,1.007664933
36.400000000,0.059062468,-0.016671802,0.998302892
36.405000000,-0.014712358,0.012227196,1.003932963
36.410000000,-0.007043879,-0.003416731,1.016162072
36.415000000,0.016855173,0.029827902,1.009565796
36.420000000,-0.028103727,-0.014024699,1.001784747
36.425000000,-0.002626421,0.001292893,0.999234692
36.430000000,0.009284180,-0.000879685,1.016900874
36.435000000,-0.034219703,-0.040664875,1.007062864
36.440000000,0.017105312,0.062546063,1.003948530
36.445000000,0.044911549,0.027893692,1.014514376
36.450000000,0.038510267,-0.025482900,1.007735548
36.455000000,0.039698195,-0.029912052,1.008605898
36.460000000,-0.041799040,-0.047130438,1.014469373
36.465000000,0.008723803,0.032768229,1.014672684
36.470000000,0.003472845,-0.005906009,0.999751816
36.475000000,-0.079193174,-0.063922057,1.010657406
36.480000000,0.054303048,0.013900240,1.004974367
36.485000000,0.017882897,-0.021510321,1.009871924
36.490000000,-0.064650693,-0.046517443,1.009614758
36.495000000,-0.001693347,0.057798505,1.000213375
36.500000000,-0.014815338,-0.009384879,1.021897647
36.505000000,0.013679689,-0.041841201,1.001952834
36.510000000,0.049267684,-0.011230786,1.012949976
36.515000000,0.024341086,-0.059189625,1.011119326
36.520000000,-0.005908306,0.017358789,0.998105423
36.525000000,-0.014795337,0.004575194,1.012233598
36.530000000,-0.013058769,-0.088947263,1.000048782
36.535000000,0.009417679,-0.029388697,1.005812139
36.540000000,0.011765706,0.092795880,1.002613257
36.545000000,-0.038814944,0.004211684,1.001242525
36.550000000,0.005432390,-0.071946224,1.004398934
36.555000000,0.030423322,-0.016989568,1.007328412
36.560000000,-0.039611140,-0.040230052,1.013169641
36.565000000,0.009086943,0.031174780,1.014545379
36.570000000,0.025564300,0.004642716,1.010262982
36.575000000,-0.001749164,0.000940379,1.002716231
36.580000000,0.014830988,-0.016292732,1.005420208
36.585000000,-0.037570231,-0.073765598,0.997900675
36.590000000,0.023835186,0.023785295,1.007293202
36.595000000,-0.008783252,0.007066216,1.007948141
36.600000000,-0.066378733,0.024367376,1.002961172
36.605000000,0.023887498,-0.003396861,1.010239659
36.610000000,-0.045222718,0.003166356,1.007559298
36.615000000,0.003689767,-0.014227372,1.009707348
36.620000000,0.037367235,-0.029812557,1.003696418
36.625000000,0.014267967,0.015491209,1.002110153
36.630000000,0.067737809,-0.047867853,1.009242944
36.635000000,-0.034778862,0.041855744,1.007825813
36.640000000,-0.058374974,-0.039275995,0.994141635
36.645000000,-0.005910017,-0.028783437,1.009556681
36.650000000,-0.029951862,-0.007838308,1.017188562
36.655000000,-0.035633359,-0.104530217,1.001344292
36.660000000,0.065239624,0.043561095,1.010944165
36.665000000,0.047005484,0.010431528,1.005874937
36.670000000,-0.024001211,-0.004659688,1.011132382
36.675000000,0.032263735,0.020095397,1.001407911
36.680000000,-0.041207864,0.007381558,1.000027943
36.685000000,-0.020903270,0.001906101,1.005349339
36.690000000,0.013749576,-0.020253859,0.995761582
36.695000000,-0.008891248,-0.026311744,1.020874327
36.700000000,0.059422917,0.000140171,1.004674031
36.705000000,0.019806769,0.062886674,0.997784713
36.710000000,0.015702370,-0.025761351,1.009673213
36.715000000,0.012358349,0.016050809,1.006189506
36.720000000,-0.016550410,-0.019591678,1.009662943
36.725000000,0.025115001,-0.033648930,1.003773458
36.730000000,-0.001744953,0.012620164,1.015493691
36.735000000,0.016148612,-0.044974608,1.002587007
36.740000000,0.014801961,0.012150934,0.997593252
36.745000000,-0.037392832,-0.052560721,1.006853818
36.750000000,0.017216566,-0.016735198,0.999875394
36.755000000,-0.035108875,-0.025438029,1.017053501
36.760000000,-0.044592948,-0.015114289,1.016093262
36.765000000,0.008979767,0.019004508,1.010052965
36.770000000,-0.009030293,-0.021644309,1.007681223
36.775000000,0.038376806,0.002252759,1.007216978
36.780000000,0.016946067,-0.109046990,1.015065923
36.785000000,0.023320612,-0.010417210,1.001092929
36.790000000,-0.032598178,0.010801118,1.002565528
36.795000000,-0.023587629,0.001937435,0.999084775
36.800000000,0.027182106,0.019510635,0.998225071
36.805000000,-0.105072538,-0.103754391,1.025650159
36.810000000,-0.012038125,0.013713021,1.010846129
36.815000000,0.041342075,0.010998510,1.012965154
36.820000000,0.014486540,-0.041402155,1.009721211
36.825000000,-0.006553212,0.012322692,1.001470488
36.830000000,-0.024061415,-0.005804172,1.008938606
36.835000000,0.050236580,-0.047257214,0.995415412
36.840000000,-0.021145600,-0.014102727,1.012821590
36.845000000,-0.010300160,0.051698293,1.008969814
36.850000000,0.004008270,0.013026257,1.003775925
36.855000000,0.015306979,-0.007117374,1.009124100
36.860000000,0.012977899,-0.003943690,1.011029114
36.865000000,-0.023796957,0.022826648,1.015299554
36.870000000,0.028857663,0.011390928,0.999271686
36.875000000,-0.033771294,-0.029750394,1.001770686
36.880000000,-0.012178997,-0.023343741,0.993676687
36.885000000,0.015491706,0.006668183,1.016825529
36.890000000,-0.008435631,0.010226122,1.016329323
36.895000000,-0.002787568,-0.019852514,0.987317872
36.900000000,-0.032268143,0.003945278,1.008764118
36.905000000,0.020483906,0.008305496,0.996438131
36.910000000,0.020349854,-0.013697443,1.001423643
36.915000000,-0.010139760,-0.023801397,1.011570329
36.920000000,0.021633683,0.013359373,1.010186961
36.925000000,0.018252103,-0.032084481,1.012084769
36.930000000,0.013142335,-0.032885023,1.005985511
36.935000000,0.025449908,0.068006889,1.014663178
36.940000000,-0.057444522,-0.016889073,1.002155996
36.945000000,-0.022167305,-0.044973602,1.010176873
36.950000000,0.049374067,-0.016735438,1.003105682
36.955000000,-0.044553657,-0.035573536,1.004463963
36.960000000,0.009854116,-0.010958940,1.013355064
36.965000000,0.022948237,-0.040998327,1.006004586
36.970000000,0.007709798,-0.053572629,1.012113420
36.975000000,0.066386321,-0.012978303,1.001926210
36.980000000,-0.021575211,0.019606771,1.012335856
36.985000000,-0.041857407,0.024358956,0.999699098
36.990000000,0.000952673,0.002366269,0.998326576
36.995000000,0.014320722,-0.044899399,1.019542043
37.000000000,0.007120338,-0.028614044,1.009755597
37.005000000,-0.025263973,0.012171106,1.015009882
37.010000000,-0.000328473,-0.019571719,0.995190489
37.015000000,0.026319622,-0.027449995,0.990975328
37.020000000,-0.008910451,-0.009980108,1.010477045
37.025000000,0.006241957,-0.011278163,1.006236462
37.030000000,0.060766252,0.012035251,1.002528541
37.035000000,0.008467265,0.043540145,1.004588669
37.040000000,-0.047605611,-0.020895540,1.004036774
37.045000000,-0.012661711,-0.044614839,1.008019594
37.050000000,0.004184515,0.022961426,1.020142946
37.055000000,0.007758322,-0.000977636,1.009317838
37.060000000,-0.012462517,-0.002462424,1.005969419
37.065000000,-0.012347822,0.030202675,1.006026875
37.070000000,0.020455463,-0.040972950,1.000623392
37.075000000,-0.006797826,-0.068713257,1.011474126
37.080000000,0.004163181,-0.012401924,1.003086295
37.085000000,0.003644687,0.021290194,1.009745327
37.090000000,-0.006451796,-0.001285678,1.012662361
37.095000000,-0.010349825,-0.023319374,1.003415985
37.100000000,-0.040076696,-0.006266634,1.008361272
37.105000000,0.035341157,-0.034157900,1.003123042
37.110000000,0.004416365,-0.013478359,1.005312612
37.115000000,-0.007659065,0.037332741,1.009444088
37.120000000,-0.030042501,-0.002125345,1.005650203
37.125000000,-0.063156949,-0.036798428,1.010313112
37.130000000,0.051259462,-0.033605005,1.011960879
37.135000000,-0.033423320,0.001553418,0.994814169
37.140000000,0.029924114,0.019683578,1.006999411
37.145000000,0.031000893,0.008326697,1.019650498
37.150000000,-0.085229855,-0.004845638,0.991958969
37.155000000,0.076236829,-0.051575515,1.010020576
37.160000000,0.008653668,-0.061180390,1.016163693
37.165000000,-0.046212850,0.026254289,0.997847949
37.170000000,0.006584201,0.027304102,1.004127075
37.175000000,-0.023881519,-0.057360826,1.008344939
37.180000000,0.033666250,-0.040105374,1.014359658
37.185000000,0.035734260,-0.012450692,1.001520473
37.190000000,-0.034071923,0.012994994,1.003717431
37.195000000,-0.015041214,0.015166345,1.008798552
37.200000000,0.034623011,-0.022882388,1.004959634
37.205000000,-0.037812504,-0.039591301,1.003558169
37.210000000,-0.000915439,0.014391121,0.999971434
37.215000000,0.023405642,0.060049757,1.011865652
37.220000000,-0.015715366,-0.005572837,1.008338351
37.225000000,0.047314968,-0.055027493,1.009377963
37.230000000,-0.003606334,-0.063730801,1.017542783
37.235000000,-0.017528604,-0.015559689,1.016231569
37.240000000,-0.001699383,-0.006901762,1.004436986
37.245000000,-0.028764937,0.023777515,0.997223913
37.250000000,0.022639783,0.031624702,1.010389327
37.255000000,0.007784520,-0.005988558,1.002799025
37.260000000,-0.003555240,0.050615263,1.011079779
37.265000000,0.048565034,-0.081206453,1.019647083
37.270000000,-0.010697176,-0.030140709,0.999134470
37.275000000,-0.026927078,0.059307095,0.999269944
37.280000000,0.042871388,-0.089003177,1.011795505
37.285000000,-0.005041491,-0.008679158,1.016243302
37.290000000,-0.020780638,0.037665461,1.003086438
37.295000000,-0.001859935,0.017425300,1.006603816
37.300000000,-0.014357636,-0.034087386,1.003455101
37.305000000,0.026870143,-0.061913630,1.002354684
37.310000000,-0.004407779,-0.006443401,1.009964086
37.315000000,-0.022223603,0.001410433,0.998640526
37.320000000,0.034433750,0.064646414,1.015245047
37.325000000,0.004232983,-0.031100662,1.004258746
37.330000000,-0.023861617,-0.061158090,0.999395141
37.335000000,0.015257491,0.017782040,1.010988600
37.340000000,0.014067410,-0.044960236,0.991128296
37.345000000,0.033542901,0.064780290,1.016161979
37.350000000,0.010044760,0.036097851,1.012972099
37.355000000,-0.052921413,-0.084518837,0.993468968
37.360000000,0.033109845,0.011000190,1.010774649
37.365000000,0.034001872,-0.047098397,1.010762261
37.370000000,-0.039515788,-0.021180169,1.006328311
37.375000000,0.027665625,-0.010277772,1.006688889
37.380000000,0.030000401,-0.042336727,1.010718483
37.385000000,-0.003698440,0.056379488,1.003361721
37.390000000,-0.002946719,-0.035685842,1.008354590
37.395000000,-0.035578377,-0.042041841,1.008414348
37.400000000,0.004874985,-0.027682167,0.993974157
37.405000000,0.002763982,-0.003254011,1.013163461
37.410000000,-0.068372285,0.025852337,1.009707864
37.415000000,-0.007927817,-0.034479770,1.000126066
37.420000000,0.029705306,0.033690643,1.000377448
37.425000000,-0.021810836,-0.039132484,1.009473045
37.430000000,-0.006314669,-0.040815153,1.021401010
37.435000000,0.007601315,0.020630416,0.995193058
37.440000000,-0.025254777,0.016835318,1.006232651
37.445000000,-0.004020834,0.023092493,1.024076247
37.450000000,0.030564274,-0.021373287,0.995584431
37.455000000,0.017755621,0.018237852,1.003390093
37.460000000,-0.013285596,-0.017661036,1.010205032
37.465000000,-0.032619088,-0.052144999,1.001032732
37.470000000,-0.001275773,0.002790858,1.007979979
37.475000000,0.019569181,0.027745624,1.002615225
37.480000000,-0.047325622,-0.042164958,1.008268143
37.485000000,-0.047066362,-0.055528168,1.009424032
37.490000000,0.060264519,0.000597215,0.999388965
37.495000000,0.025607164,-0.029610890,1.006562261
37.500000000,-0.015287666,0.001937186,1.012128654
37.505000000,-0.024521937,0.002475218,1.005423050
37.510000000,-0.056303487,-0.027554624,1.001166985
37.515000000,0.053563177,-0.009393431,1.013159292
37.520000000,0.032995068,-0.036198130,1.017016994
37.525000000,-0.041613645,-0.064855093,1.006756121
37.530000000,0.012893753,0.019814150,1.009239565
37.535000000,0.004955199,-0.005629434,1.009875357
37.540000000,-0.031728106,-0.045120783,1.007706977
37.545000000,-0.020457880,0.035549734,1.005180877
37.550000000,-0.009057571,-0.038279245,1.003465278
37.555000000,-0.013389497,0.012625984,1.009204426
37.560000000,0.046873944,0.046569737,1.016540510
37.565000000,0.044189340,-0.000720419,1.006201822
37.570000000,0.035598193,0.031272682,0.999614321
37.575000000,0.046176626,-0.022731013,1.015890906
37.580000000,-0.018032492,-0.027754581,1.014543160
37.585000000,-0.013871349,-0.029633029,1.005611792
37.590000000,0.010791698,-0.000615695,1.003750694
37.595000000,0.004378724,0.008693548,0.996539514
37.600000000,-0.029700994,0.020207204,0.999780830
37.605000000,0.032787861,0.007139429,1.009416386
37.610000000,-0.005569815,-0.048241123,1.014243584
37.615000000,-0.027547705,-0.009174233,1.005301121
37.620000000,0.072457009,-0.012167244,1.005116611
37.625000000,0.005776851,-0.016197605,1.016035235
37.630000000,0.044927432,-0.009444312,0.997212132
37.635000000,-0.017203958,0.034161165,1.002922834
37.640000000,-0.058506943,0.004942097,1.014523347
37.645000000,0.000204171,-0.025601888,0.995185391
37.650000000,0.006687767,-0.010543344,1.000738041
37.655000000,0.044778077,-0.064073448,0.997200630
37.660000000,-0.054475953,0.016725631,1.001952881
37.665000000,0.026962037,0.035546334,1.019503108
37.670000000,-0.007437266,-0.033070419,0.999097122
37.675000000,-0.075570353,-0.031564722,1.009233815
37.680000000,0.052854581,-0.012251136,1.010928982
37.685000000,0.017533525,0.014667526,0.996967128
37.690000000,0.011536889,-0.007084804,1.015407317
37.695000000,-0.017779623,-0.049062597,1.002872074
37.700000000,0.039975108,-0.022098890,1.001173437
37.705000000,-0.006856173,0.030199692,1.014278159
37.710000000,-0.103751652,-0.021451961,1.007850697
37.715000000,0.048958859,-0.024619740,1.019117286
37.720000000,0.032457143,0.034622676,1.014445166
37.725000000,-0.030545755,-0.038540160,0.986066179
37.730000000,0.008226423,-0.058936182,0.995638986
37.735000000,-0.016319353,0.047022382,1.018641769
37.740000000,-0.033511890,-0.042480213,1.016318869
37.745000000,-0.001018665,-0.037429031,1.004186657
37.750000000,-0.062474093,0.027947766,1.002572709
37.755000000,-0.081589065,-0.049697465,1.007701033
37.760000000,0.060881059,0.046817881,1.007493262
37.765000000,0.007191486,-0.031605732,1.015490180
37.770000000,0.012766422,-0.056523169,0.998507354
37.775000000,0.104415165,-0.015870867,1.004536415
37.780000000,-0.038346427,-0.051776060,1.012910555
37.785000000,-0.005013517,0.052481789,1.002191620
37.790000000,0.032327444,-0.058034973,1.016959922
37.795000000,-0.067720931,0.003612180,0.999783783
37.800000000,0.028924504,0.042863857,1.009831169
37.805000000,0.041527550,-0.069082219,1.015637460
37.810000000,-0.002052756,0.045466756,1.001477734
37.815000000,-0.016579239,-0.019456153,1.010482151
37.820000000,-0.000710466,-0.075700330,1.004663250
37.825000000,0.008937429,0.006780262,1.011194140
37.830000000,-0.102285541,0.008717514,1.006130750
37.835000000,0.046652216,0.017233804,1.003898650
37.840000000,0.081854440,0.012765311,1.001547013
37.845000000,-0.065663118,-0.067167691,1.009000276
37.850000000,0.051928176,-0.010998159,1.001364339
37.855000000,-0.030045331,0.055353129,1.000989148
37.860000000,-0.071072572,-0.014251761,1.018762828
37.865000000,0.096303307,0.027557123,1.000626964
37.870000000,-0.017472137,-0.006366878,1.017115818
37.875000000,-0.029568735,-0.027438893,1.002051456
37.880000000,0.045861869,0.026936812,1.003850090
37.885000000,-0.009907984,-0.048088609,1.015131037
37.890000000,0.009999831,-0.002581483,0.989836279
37.895000000,-0.048576837,0.036736999,1.016916032
37.900000000,0.024044775,-0.061728517,1.007019940
37.905000000,0.048411664,-0.017220079,0.999705734
37.910000000,-0.053981113,0.012361818,1.006955319
37.915000000,0.013349303,0.014482010,1.009732848
37.920000000,-0.032966485,0.052491885,1.010586277
37.925000000,0.029608916,-0.044105351,0.995479066
37.930000000,0.062195364,-0.063496072,1.003808063
37.935000000,-0.057088018,-0.041742160,1.010263281
37.940000000,0.021544203,-0.012838993,1.017629122
37.945000000,0.052909318,0.011827610,1.007602695
37.950000000,-0.055314913,0.004543979,0.998527825
37.955000000,-0.037755727,0.054587082,0.999171980
37.960000000,0.058751926,-0.054464043,1.005607746
37.965000000,-0.010686845,-0.062336884,1.004869418
37.970000000,-0.021953904,0.026922662,0.999747809
37.975000000,-0.029125319,-0.020577444,1.021439053
37.980000000,0.012684877,0.034438165,0.999313260
37.985000000,0.049630904,-0.016861085,1.003487794
37.990000000,-0.009783868,-0.075405233,1.012161236
37.995000000,0.064019589,0.019491099,1.009998023
38.000000000,-0.056366940,-0.026520648,1.015880009
38.005000000,-0.051174266,-0.056131766,1.004313299
38.010000000,0.034803259,0.008776224,1.013641442
38.015000000,-0.026298458,0.031246404,1.002171409
38.020000000,0.005443519,0.000482071,1.002542922
38.025000000,-0.014632306,-0.048959476,1.016446217
38.030000000,0.043378306,-0.025038681,1.003210108
38.035000000,0.009129570,-0.030095221,1.007490201
38.040000000,-0.052033204,0.021597633,1.022695732
38.045000000,0.041816610,0.007487898,0.999664647
38.050000000,0.044167320,-0.045667460,0.995531366
38.055000000,-0.012989516,0.019605576,1.021081437
38.060000000,0.006968034,-0.039883787,0.996353059
38.065000000,-0.026647874,-0.011506042,1.007537380
38.070000000,-0.016475910,0.009373621,1.005670591
38.075000000,-0.041752827,-0.016198276,1.001977284
38.080000000,-0.066912571,0.015819345,1.020461950
38.085000000,0.123701430,-0.017359337,1.000195448
38.090000000,-0.030543341,0.016176674,1.013992405
38.095000000,-0.030362147,-0.026378469,1.010034190
38.100000000,0.080249459,-0.024892915,1.001778266
38.105000000,-0.063016669,-0.009523313,1.000109261
38.110000000,0.047378204,0.012496197,1.001702040
38.115000000,-0.007296771,0.019234242,1.010343648
38.120000000,-0.046230833,-0.040357783,0.999957766
38.125000000,-0.010191251,-0.012811195,1.015913251
38.130000000,0.009607041,-0.056578730,0.999577464
38.135000000,-0.010095601,-0.000999173,1.000837512
38.140000000,-0.034069035,-0.003865696,1.026089752
38.145000000,0.036754304,-0.014044833,1.001286558
38.150000000,-0.037917255,0.050842263,0.998059378
38.155000000,0.038602079,0.014678085,1.004747272
38.160000000,-0.007627479,0.016513746,1.002322888
38.165000000,-0.032373983,-0.081165436,1.007915155
38.170000000,-0.007166885,-0.067664914,1.003932304
38.175000000,-0.021489046,-0.010685184,1.013926940
38.180000000,0.034832894,-0.012099724,1.010101774
38.185000000,-0.020378542,0.038048725,0.997045877
38.190000000,0.093158847,0.035613478,1.011943911
38.195000000,0.000934603,-0.025606887,1.008956187
38.200000000,-0.015865268,-0.057000956,1.000967536
38.205000000,0.075708336,0.025952051,1.009742004
38.210000000,-0.041250875,-0.043855375,1.010473410
38.215000000,0.024820175,-0.000534966,1.004366876
38.220000000,0.016309500,0.035514152,1.014193677
38.225000000,-0.021295140,-0.049739570,1.015325980
38.230000000,0.021848294,0.032937267,1.002218585
38.235000000,-0.029367046,-0.006047286,1.006456942
38.240000000,-0.056204104,0.008748343,1.002151779
38.245000000,0.019928378,-0.024648906,1.005611002
38.250000000,-0.020177608,-0.018052655,1.009801678
38.255000000,0.021123540,0.045813003,1.002193402
38.260000000,0.058610229,-0.046638797,1.003074769
38.265000000,-0.048670421,0.030678128,1.005815988
38.270000000,0.031828128,0.005939373,1.013933549
38.275000000,0.015253368,-0.037767368,1.007465016
38.280000000,-0.004719111,-0.019624204,1.010676826
38.285000000,0.010678040,-0.018511502,1.008081792
38.290000000,-0.012870727,-0.012294106,1.005798319
38.295000000,-0.036656890,-0.071294307,1.005060541
38.300000000,-0.048161132,0.021985250,1.004516938
38.305000000,0.036580148,-0.007803815,1.015428404
38.310000000,-0.053683914,-0.035359519,0.998792325
38.315000000,-0.031312377,-0.007208766,1.012594252
38.320000000,0.066772158,-0.052294336,1.019147297
38.325000000,-0.026016250,0.029261772,0.997277608
38.330000000,-0.017389705,-0.033959700,1.006469605
38.335000000,0.045075665,-0.043198047,1.010506536
38.340000000,-0.021758097,0.052564328,0.999761773
38.345000000,-0.023153703,0.015820378,1.008667458
38.350000000,-0.006739115,-0.017279719,1.011899128
38.355000000,-0.000162966,-0.040260218,0.992882819
38.360000000,0.048163584,-0.016643836,1.015339946
38.365000000,-0.022474744,-0.013364654,1.009677496
38.370000000,0.055598211,-0.008765082,0.999829174
38.375000000,0.008725450,-0.008349843,1.013919701
38.380000000,-0.045474604,-0.024474287,1.007605848
38.385000000,0.040903896,0.018561277,1.009656994
38.390000000,-0.028772032,0.009751746,0.996556691
38.395000000,0.009498558,-0.009898125,1.006500034
38.400000000,-0.029670302,-0.022519291,1.009518830
38.405000000,0.015282075,-0.032468986,1.001204729
38.410000000,0.020834505,0.008250666,1.003682313
38.415000000,-0.037960505,-0.021083696,1.007427459
38.420000000,0.040263402,-0.036634783,1.013835135
38.425000000,0.022230909,0.036880789,1.005491374
38.430000000,-0.005128258,-0.023102668,1.012418922
38.435000000,-0.013083130,0.002834837,1.005613152
38.440000000,0.057452612,0.045101019,1.015802674
38.445000000,-0.028725628,-0.040213367,1.008849537
38.450000000,-0.034757344,-0.009604915,0.993405266
38.455000000,0.045821895,-0.060499754,1.002946860
38.460000000,-0.011512141,-0.035317389,1.003869271
38.465000000,0.002702110,0.001982896,1.013580671
38.470000000,-0.029993514,-0.050818399,0.999810064
38.475000000,-0.032053356,0.028290173,1.011800890
38.480000000,-0.034316886,0.019526761,1.011183563
38.485000000,0.010799044,-0.021993934,1.008706282
38.490000000,0.014057195,-0.024850814,1.016491533
38.495000000,0.033311162,0.017795486,0.986368645
38.500000000,0.023452407,-0.009043152,1.004561279
38.505000000,-0.030436020,-0.017679537,1.008622036
38.510000000,0.030129010,0.021773017,1.006599285
38.515000000,-0.043973051,-0.041561995,1.005658131
38.520000000,0.020050806,0.013328264,0.996184131
38.525000000,0.004167353,-0.006365197,1.011917716
38.530000000,-0.036172537,-0.031009651,1.012599035
38.535000000,0.046349157,0.036912323,1.011241511
38.540000000,-0.014255223,0.029716642,0.997229444
38.545000000,0.013539912,-0.007662983,1.001557922
38.550000000,0.005200030,-0.033330540,1.015844791
38.555000000,-0.013152114,0.013138138,1.012303771
38.560000000,-0.014668116,0.019182443,1.003277172
38.565000000,0.010584141,-0.003648151,1.007448924
38.570000000,0.013718836,-0.043113368,1.007792885
38.575000000,-0.032047232,0.007220644,1.005798569
38.580000000,-0.019702040,0.001316944,1.017573174
38.585000000,-0.001198324,-0.062726585,0.994341657
38.590000000,0.064465876,0.004622191,1.000636382
38.595000000,0.004689831,-0.011863667,1.014149473
38.600000000,-0.013679734,0.027577203,1.006949069
38.605000000,0.024185407,0.003023399,1.010594776
38.610000000,-0.045948092,-0.047893232,1.009199800
38.615000000,-0.022439264,-0.031209612,1.014709480
38.620000000,0.006422892,-0.071755245,0.994481195
38.625000000,-0.027682896,0.017653897,1.001766142
38.630000000,0.026120578,0.022267271,1.022536946
38.635000000,0.024741883,-0.042815407,1.008089090
38.640000000,0.003326863,-0.014510856,1.006780093
38.645000000,0.036881223,-0.015202104,1.006405205
38.650000000,-0.040319568,-0.028093920,1.007005996
38.655000000,0.003572060,-0.014384614,1.009154199
38.660000000,-0.007971710,-0.004016099,1.007148802
38.665000000,-0.029847962,-0.002967824,0.996620529
38.670000000,0.060973627,-0.027222797,1.007643582
38.675000000,-0.015442432,-0.032744740,1.013698144
38.680000000,-0.046715650,0.012326720,1.003745393
38.685000000,-0.019755845,-0.029233127,1.012950765
38.690000000,0.033422425,-0.005911182,1.007193845
38.695000000,-0.024323150,0.009514234,1.003444375
38.700000000,-0.028292533,-0.011160437,1.009066715
38.705000000,0.038062711,0.019832982,1.007091406
38.710000000,-0.015773622,-0.070533610,1.009921113
38.715000000,0.038371269,-0.016736542,1.002825918
38.720000000,0.014770643,-0.002581945,1.002862013
38.725000000,-0.025591776,-0.062451881,1.010714991
38.730000000,0.001037396,0.045988741,1.011287268
38.735000000,0.009283954,0.007826475,1.006464839
38.740000000,-0.007713628,-0.014924180,0.992631557
38.745000000,0.003869321,0.020353182,1.003085001
38.750000000,-0.023799858,-0.029427803,1.008285602
38.755000000,-0.032178350,-0.009061349,0.996262809
38.760000000,0.046046110,-0.035818154,1.009849089
38.765000000,-0.055015617,-0.028361114,1.010286223
38.770000000,0.021326059,0.046905630,1.011172639
38.775000000,0.024036771,0.010389049,1.002610282
38.780000000,-0.006784652,0.005414353,0.994649548
38.785000000,0.051527603,-0.023964109,1.026950851
38.790000000,-0.041719461,-0.021068776,1.007613069
38.795000000,0.079061754,0.046912182,0.993266326
38.800000000,-0.026139719,-0.038912198,1.011824569
38.805000000,-0.021083719,-0.005860726,1.005838718
38.810000000,0.090711382,-0.001480513,1.006872096
38.815000000,-0.039336327,-0.059657458,1.013505180
38.820000000,0.017661993,0.043132299,1.011397423
38.825000000,-0.046399100,-0.010105294,1.000033219
38.830000000,-0.013788436,0.014945388,0.997872635
38.835000000,0.027339365,0.034037807,1.000181518
38.840000000,-0.003418031,-0.051265097,1.005629532
38.845000000,0.040645341,0.019766606,1.015012040
38.850000000,-0.041456481,-0.021933234,1.019764648
38.855000000,0.018881542,0.007355605,1.009219809
38.860000000,0.025776893,0.022265735,0.999439476
38.865000000,0.004954744,-0.051768773,1.012753619
38.870000000,-0.032638063,0.023388006,1.006927774
38.875000000,-0.037552572,-0.072365659,1.010846619
38.880000000,0.095587295,-0.036021562,1.005792448
38.885000000,-0.029673657,0.087040325,0.999504827
38.890000000,0.002267456,-0.045173984,1.010425979
38.895000000,0.059771557,-0.044257529,0.995118059
38.900000000,-0.050820777,0.008350774,1.013402337
38.905000000,-0.001501299,-0.014465912,1.017610081
38.910000000,-0.072817229,-0.026836087,1.005409474
38.915000000,-0.046516039,-0.044281753,1.003973507
38.920000000,0.013490527,0.003213765,0.998473677
38.925000000,0.000336301,0.009038012,1.018822277
38.930000000,0.029348456,-0.001260346,0.994310852
38.935000000,-0.018744848,0.021904936,1.000802168
38.940000000,-0.010886080,-0.035676012,1.016779654
38.945000000,-0.025904404,-0.029690169,1.005825636
38.950000000,-0.018289914,0.004638800,1.017012230
38.955000000,-0.027498820,-0.053677149,0.999211066
38.960000000,-0.017558770,-0.021454464,1.008008679
38.965000000,0.013479615,-0.010855227,1.001923284
38.970000000,-0.011289500,-0.012526275,1.003926641
38.975000000,0.015270606,-0.015015197,1.013353644
38.980000000,0.010527889,-0.053192358,1.001524635
38.985000000,0.042884793,0.019553086,1.011671680
38.990000000,0.005188758,-0.032192290,0.998815664
38.995000000,-0.004371442,-0.031550535,1.017640344
39.000000000,0.009403530,0.027119068,1.004216215
39.005000000,-0.018144765,-0.079137965,0.993478956
39.010000000,-0.009805945,-0.023899317,1.021020375
39.015000000,-0.000051668,0.037199477,1.001403333
39.020000000,0.076996041,-0.012293371,1.012767195
39.025000000,-0.023492632,-0.015280220,1.012530265
39.030000000,-0.008436120,-0.009271646,1.001897911
39.035000000,0.048575941,0.003808055,0.997458694
39.040000000,0.008495389,0.004598366,0.988976992
39.045000000,0.005926191,-0.035294773,1.013674285
39.050000000,-0.070058115,-0.052549829,1.009098954
39.055000000,0.002746271,0.056400612,1.000160823
39.060000000,0.012556678,0.040006918,1.015539063
39.065000000,-0.002758898,-0.006668124,1.014834541
39.070000000,0.010159256,0.030648733,0.997122313
39.075000000,0.056531326,-0.043888544,1.011484798
39.080000000,-0.000520735,0.030899930,1.020274977
39.085000000,-0.094753517,0.013787909,1.004410027
39.090000000,0.041982819,-0.035138053,1.005283575
39.095000000,-0.010316667,0.037538441,1.010860465
39.100000000,-0.006998332,-0.057238198,1.003628924
39.105000000,0.009209905,0.021677937,1.005768653
39.110000000,-0.014844354,0.066395741,1.004744654
39.115000000,0.023090209,-0.060082565,1.002361686
39.120000000,0.005591675,-0.073888960,1.023839786
39.125000000,0.033002891,-0.013535383,1.002463020
39.130000000,-0.036434699,0.010812794,0.990867873
39.135000000,-0.031610896,0.009782387,1.013627820
39.140000000,0.010989186,0.066753942,1.004559271
39.145000000,0.063102361,-0.039884669,1.020923833
39.150000000,-0.020290813,-0.028435509,1.008766198
39.155000000,-0.004269594,0.019560627,1.000447488
39.160000000,0.064008885,-0.076801442,1.010960035
39.165000000,-0.070610819,-0.015097427,1.001795895
39.170000000,0.044176622,0.016043334,1.000960817
39.175000000,-0.047855098,0.009934848,0.999175248
39.180000000,-0.033692769,-0.058614007,1.008486562
39.185000000,0.046610589,-0.047064002,1.002477346
39.190000000,-0.054547377,-0.030345266,1.010977106
39.195000000,0.067537817,-0.059362094,1.013819910
39.200000000,0.006890616,0.019057726,1.000581556
39.205000000,0.012568186,-0.035674491,1.006858149
39.210000000,0.013370172,0.015327268,1.000143804
39.215000000,-0.024408579,0.002693246,1.003691151
39.220000000,-0.021734594,-0.068788608,1.009451602
39.225000000,-0.014112737,0.022636248,1.015333171
39.230000000,0.041405603,-0.009534243,1.003811255
39.235000000,-0.059697168,-0.018405455,0.998194637
39.240000000,0.048941571,0.033898776,1.014242908
39.245000000,0.025205496,0.005784921,1.003079669
39.250000000,-0.055554612,-0.043266311,1.001275407
39.255000000,0.048941920,-0.046111186,1.017753282
39.260000000,-0.018644677,-0.000911787,1.014146375
39.265000000,-0.011546847,0.053637145,0.996532308
39.270000000,-0.009953546,0.006394427,1.011169738
39.275000000,0.002234044,0.022149621,1.017876963
39.280000000,0.048442481,0.007943907,0.995370677
39.285000000,-0.016913851,-0.096346740,1.002972371
39.290000000,-0.006290858,-0.005673987,1.011493342
39.295000000,0.004482612,0.015202646,1.003703997
39.300000000,-0.038505161,0.012009887,1.005439902
39.305000000,-0.021856590,0.004432017,1.008059381
39.310000000,-0.023628784,-0.010327030,1.004296543
39.315000000,-0.044043677,0.027434398,1.007656306
39.320000000,0.022591134,-0.028482374,1.006034021
39.325000000,0.052013333,-0.034214713,1.016924610
39.330000000,-0.017268517,0.004870294,1.015959474
39.335000000,-0.036351229,0.012380028,0.995336110
39.340000000,-0.007621213,-0.082064392,1.012580729
39.345000000,-0.004230105,-0.011027494,1.005352105
39.350000000,-0.013927254,0.035038504,0.997038161
39.355000000,-0.012999598,-0.043716780,1.011690050
39.360000000,0.039431826,-0.000802075,1.007169246
39.365000000,0.005074684,0.004907757,1.019342958
39.370000000,-0.033509807,0.037582644,1.016636874
39.375000000,0.049765294,-0.101726068,0.999558514
39.380000000,-0.000059879,-0.083166765,1.006747524
39.385000000,-0.016337483,0.037352518,1.003804194
39.390000000,0.017043080,0.016259248,1.012990543
39.395000000,-0.018437399,0.043871829,1.006786176
39.400000000,0.005637977,-0.025306007,0.987765421
39.405000000,0.012243883,-0.011391197,1.012353058
39.410000000,0.002105507,-0.055132247,1.006914661
39.415000000,-0.001761384,0.007950798,0.996340402
39.420000000,0.040627750,-0.009677907,1.021029869
39.425000000,0.034419730,-0.093831649,1.000182902
39.430000000,-0.020213142,0.045306505,0.996040265
39.435000000,0.030590740,-0.026147879,1.011102651
39.440000000,-0.026082638,-0.008176007,1.009682762
39.445000000,-0.027123954,0.022336796,1.017651316
39.450000000,0.081923946,-0.021914258,1.011291547
39.455000000,-0.042266285,0.014417030,1.005668144
39.460000000,-0.034312704,0.014581768,0.998605317
39.465000000,0.084621014,-0.009445621,0.997006726
39.470000000,-0.036454387,-0.038833751,1.007219588
39.475000000,-0.018207836,0.013627301,1.003988251
39.480000000,0.034506186,0.003585448,1.008416475
39.485000000,-0.011015839,0.000172540,1.017668701
39.490000000,0.011527275,-0.003957822,0.999170886
39.495000000,0.006177854,0.006547792,1.005729944
39.500000000,0.028638905,-0.001034837,1.018116213
39.505000000,-0.004321208,-0.038282369,0.994910293
39.510000000,-0.044880629,-0.015322570,1.006603592
39.515000000,-0.019633538,0.015804856,1.010904499
39.520000000,-0.008218885,0.038181487,1.002063950
39.525000000,-0.004509828,-0.049922606,1.010376573
39.530000000,0.003403128,-0.060527415,1.000463970
39.535000000,0.047809347,-0.039686910,1.016907579
39.540000000,-0.025061013,0.010067864,1.003037766
39.545000000,-0.022093463,0.002762521,0.999983240
39.550000000,0.047202353,-0.039061588,1.024020336
39.555000000,-0.068432582,0.029049385,1.002076821
39.560000000,-0.039923611,-0.025306890,0.999739644
39.565000000,0.045224966,0.029348845,1.003274731
39.570000000,-0.002701780,-0.015330245,1.006951938
39.575000000,0.017812155,-0.072828629,1.014247574
39.580000000,0.027077995,-0.015476080,1.005325402
39.585000000,0.006786608,-0.006775762,1.011892313
39.590000000,-0.005223877,0.061180915,1.001150179
39.595000000,-0.015997287,-0.035938258,1.004258491
39.600000000,-0.023398366,0.001782479,1.010619744
39.605000000,-0.068312442,0.018381055,0.992472031
39.610000000,-0.044459849,-0.030886699,1.005827797
39.615000000,0.044889513,-0.005292222,1.017360146
39.620000000,0.072194386,-0.057614384,1.007197586
39.625000000,-0.015545649,0.024707328,1.004133727
39.630000000,-0.013123940,0.003079978,1.015790337
39.635000000,0.034989563,-0.008081651,1.011198211
39.640000000,-0.021121773,0.012609640,1.003793075
39.645000000,-0.003145081,-0.060558740,1.012316839
39.650000000,0.017344834,-0.022384551,1.004663069
39.655000000,0.045029471,-0.002996108,1.010909721
39.660000000,-0.005314844,0.012467010,1.009995936
39.665000000,-0.002133204,0.019213782,1.002807716
39.670000000,0.067673557,-0.044607648,1.011250958
39.675000000,-0.068321878,-0.018230762,0.997509915
39.680000000,-0.051151310,0.025924322,1.000237278
39.685000000,-0.000487346,-0.006605889,1.009451328
39.690000000,-0.044005668,-0.023446304,1.001516204
39.695000000,-0.029293318,-0.071226814,1.010742281
39.700000000,-0.005669755,0.006178178,1.005366733
39.705000000,0.006088574,0.035981352,1.002140198
39.710000000,0.021133333,-0.045419822,1.021621863
39.715000000,0.039933540,0.037832977,1.002197998
39.720000000,-0.027080270,-0.036382428,0.995536715
39.725000000,0.024702563,-0.066831602,1.018674454
39.730000000,-0.021560698,0.003671316,1.002361045
39.735000000,-0.061542947,-0.006693472,0.995591719
39.740000000,0.049181125,0.022628356,1.011953278
39.745000000,-0.016994087,-0.011610515,1.006952465
39.750000000,0.021902611,0.000243281,1.009281453
39.755000000,0.050595633,-0.016288786,1.008450629
39.760000000,-0.006374634,-0.035089968,0.997578549
39.765000000,-0.008742325,-0.010744148,1.007936780
39.770000000,0.000230929,-0.006939704,1.003514731
39.775000000,0.012160114,0.013836614,1.003586882
39.780000000,0.000180132,0.001554007,1.011004982
39.785000000,-0.007862267,-0.007409146,1.004594004
39.790000000,0.014431820,-0.035548147,1.016542654
39.795000000,0.068205238,0.016301679,1.006602275
39.800000000,-0.041077783,0.006708965,1.009960588
39.805000000,-0.014306442,-0.034830502,1.014886290
39.810000000,0.032970858,0.020776100,1.011388936
39.815000000,-0.088014309,-0.010729329,1.011370280
39.820000000,0.029313017,0.002902000,1.000617364
39.825000000,0.066773171,-0.025830939,1.016741912
39.830000000,-0.053729072,-0.063322834,1.000224764
39.835000000,0.000330026,-0.016294550,1.002841913
39.840000000,0.066740955,-0.023100335,1.008616084
39.845000000,-0.026028046,0.002042594,0.993399876
39.850000000,-0.001630683,-0.021196796,1.009496811
39.855000000,0.056368436,-0.011174248,1.003032914
39.860000000,-0.013084085,0.033013847,1.003517328
39.865000000,0.016829444,-0.019250827,1.009932975
39.870000000,0.009354832,-0.006683124,1.008901031
39.875000000,-0.004312059,-0.000383224,1.009018851
39.880000000,-0.014752869,-0.009804065,1.012473772
39.885000000,-0.044976729,0.000211625,1.008236942
39.890000000,-0.004551654,-0.004712114,1.006987545
39.895000000,0.030640776,0.003930134,1.011680862
39.900000000,-0.005872385,-0.013480870,0.996299171
39.905000000,-0.059286918,-0.010254450,1.005860371
39.910000000,0.030284843,-0.023254924,1.003086394
39.915000000,0.009319766,0.025511021,0.998751853
39.920000000,-0.038078162,0.021317620,1.003284274
39.925000000,0.023540668,-0.066291604,1.006951410
39.930000000,-0.014203496,-0.008877855,1.021961697
39.935000000,0.022587384,-0.000475628,0.996063457
39.940000000,0.009185728,0.013076886,1.011012461
39.945000000,-0.041215196,0.055099117,1.013721520
39.950000000,0.012018153,-0.028132020,0.995788530
39.955000000,0.010544191,-0.056810297,1.010579368
39.960000000,0.000233838,-0.000598298,1.000477509
39.965000000,-0.027312073,-0.021022478,1.010082986
39.970000000,-0.009211070,0.010389310,1.014792476
39.975000000,0.015302393,0.028732259,1.011759559
39.980000000,-0.033239980,-0.092084671,1.009896194
39.985000000,-0.038157772,-0.021998920,1.005557777
39.990000000,0.018622809,-0.027014337,1.011519177
39.995000000,0.066542659,-0.022035018,1.011294113
40.000000000,-0.036920555,0.033632882,1.000679080
40.005000000,0.048018126,-0.065333579,1.006903168
40.010000000,0.013726982,0.029886361,1.013129862
40.015000000,-0.190935769,-0.016959058,0.989649127
40.020000000,0.050818329,-0.017996803,1.007699069
40.025000000,0.039821623,0.023108383,1.014631562
40.030000000,-0.033412390,-0.071777472,1.003094140
40.035000000,0.040110798,0.003191521,1.005893167
40.040000000,-0.002245963,-0.010311014,1.002671745
40.045000000,0.055688730,-0.004312048,1.015071516
40.050000000,-0.034343122,-0.021524999,0.998236116
40.055000000,-0.001121480,0.008954109,1.004984921
40.060000000,0.031008598,0.005618313,1.017979922
40.065000000,0.002147190,-0.052753830,1.000207493
40.070000000,-0.008796110,0.010722395,1.015152121
40.075000000,-0.001839781,-0.044505959,1.011460315
40.080000000,0.017549576,0.027418941,1.001026488
40.085000000,-0.087790138,0.030302970,0.994990601
40.090000000,0.061394300,-0.036902899,1.001116886
40.095000000,-0.002198800,-0.004272785,1.008329831
40.100000000,-0.001037331,-0.010896160,1.008381325
40.105000000,0.114573624,-0.007748396,1.018197713
40.110000000,-0.057829175,-0.035340675,0.991580032
40.115000000,0.018573941,0.007247033,0.997006396
40.120000000,0.000924344,-0.006323122,1.012767738
40.125000000,-0.038115193,0.010984088,0.995290099
40.130000000,0.010715472,0.012948077,1.015823904
40.135000000,-0.019425108,-0.018855792,1.015669322
40.140000000,-0.016514278,-0.016215289,1.005002760
40.145000000,0.028998747,-0.030258230,1.008226087
40.150000000,0.040848740,0.013075148,1.001239587
40.155000000,0.005008113,-0.041663273,1.009485285
40.160000000,0.045821297,-0.001996492,1.006260747
40.165000000,-0.031889667,0.008153885,1.009627311
40.170000000,-0.032579393,-0.025311162,1.017303573
40.175000000,-0.006544805,0.034392058,1.010690469
40.180000000,-0.037872111,-0.025587044,1.010696655
40.185000000,-0.022040028,-0.003166067,0.999249766
40.190000000,-0.020449120,0.008804505,1.002343922
40.195000000,0.021857450,-0.016121781,1.011605679
40.200000000,0.050346901,-0.008326673,1.009555198
40.205000000,0.038682345,-0.016725834,1.004968679
40.210000000,-0.051572957,-0.009675328,1.002991870
40.215000000,0.049571031,-0.023887594,1.006310363
40.220000000,0.029644612,0.019339920,1.007219907
40.225000000,-0.096034409,-0.013545295,1.009766179
40.230000000,-0.014105399,-0.049289774,1.012632012
40.235000000,-0.022765755,0.032678246,1.012668959
40.240000000,0.038166902,-0.025598869,1.007269469
40.245000000,0.030285644,-0.033897248,1.004483385
40.250000000,-0.002368206,0.023945860,1.003011273
40.255000000,0.003072759,-0.056536811,1.004052186
40.260000000,-0.009278263,0.003781904,1.008766251
40.265000000,0.024530174,0.005707682,1.009351204
40.270000000,0.018603137,-0.045578269,1.009967975
40.275000000,0.043697502,0.030497210,1.004275172
40.280000000,-0.015693379,-0.003658749,0.998556414
40.285000000,-0.024631122,-0.033481842,1.003443733
40.290000000,-0.009097581,-0.000600243,1.009924296
40.295000000,-0.065659894,-0.024350240,1.016656768
40.300000000,-0.003436110,-0.061310142,0.999443125
40.305000000,0.086723172,0.004816526,1.000095884
40.310000000,-0.016359223,0.013739482,1.019060680
40.315000000,-0.051355794,-0.005857929,0.990484865
40.320000000,0.037979594,-0.006967944,1.006795540
40.325000000,0.008665126,-0.039642670,1.025692443
40.330000000,-0.012758591,0.033141649,0.988302268
40.335000000,-0.075207836,-0.017808197,1.005203403
40.340000000,0.018611950,0.000201090,1.007463646
40.345000000,0.038096893,0.031753818,1.001579953
40.350000000,-0.050451153,-0.026474549,1.011090567
40.355000000,0.054163775,0.003605074,1.001506892
40.360000000,-0.035223321,-0.024814996,1.015118252
40.365000000,-0.046276982,-0.054713291,1.010180291
40.370000000,0.035887682,-0.047793713,0.998926305
40.375000000,-0.009758267,0.030650589,0.998375620
40.380000000,-0.037766146,-0.024977840,1.005864104
40.385000000,-0.020997921,-0.014838349,1.016959753
40.390000000,0.024976950,0.029172165,1.009738635
40.395000000,0.006017863,-0.064179976,1.002888602
40.400000000,0.015998981,0.006332936,1.009882850
40.405000000,0.047883230,0.005474028,1.014354637
40.410000000,0.030530938,0.014726580,0.994080122
40.415000000,-0.003067184,-0.000925978,1.011500146
40.420000000,0.001678925,-0.001103890,1.014201913
40.425000000,-0.036686717,0.007346463,0.994082758
40.430000000,-0.014643529,-0.005373793,1.014142395
40.435000000,0.027694728,0.026801436,1.005047614
40.440000000,-0.030453689,-0.058161118,1.009432474
40.445000000,0.039574274,0.005171565,1.020519984
40.450000000,0.024949517,-0.039852128,1.003343222
40.455000000,-0.048073997,-0.048496001,1.009442927
40.460000000,0.018205707,0.015749537,1.006212872
40.465000000,0.047089257,-0.024523359,0.994361515
40.470000000,-0.019479781,0.038392463,1.007421759
40.475000000,-0.043818687,-0.024705087,1.010050687
40.480000000,0.013939189,-0.045153768,0.996825271
40.485000000,0.012858994,0.007825130,1.006061167
40.490000000,-0.018313599,0.004690501,1.016370565
40.495000000,-0.009818717,-0.019447702,1.016126941
40.500000000,0.016413375,-0.010159963,1.008936033
40.505000000,0.013062358,-0.036577535,0.994222209
40.510000000,0.021463721,-0.023673276,1.002530084
40.515000000,-0.028034740,0.044726409,1.014234483
40.520000000,-0.030768958,-0.011388032,1.011320840
40.525000000,0.015607063,0.006417132,1.017809917
40.530000000,-0.004473949,-0.019493068,1.005409394
40.535000000,0.026589820,-0.010844778,0.991486021
40.540000000,-0.001995384,0.004842896,1.015830873
40.545000000,-0.004971579,-0.006860682,1.012462442
40.550000000,0.031743819,0.031424730,1.003411988
40.555000000,0.003477401,-0.053940065,1.007409355
40.560000000,-0.014949307,-0.027660441,1.002672758
40.565000000,0.040367468,0.002193844,1.009713860
40.570000000,0.005732669,-0.010837710,1.008501072
40.575000000,-0.062704097,-0.033428356,1.005836679
40.580000000,0.027218457,-0.018382008,1.002159441
40.585000000,-0.057978592,0.042923828,1.010556155
40.590000000,0.008087274,0.002875142,1.002340930
40.595000000,0.056568508,-0.039516522,1.012504956
40.600000000,-0.050285881,-0.001595354,1.015072446
40.605000000,0.067622008,0.017595373,0.999292772
40.610000000,-0.013121798,-0.053062351,1.014159881
40.615000000,-0.028897458,0.000409143,0.992582222
40.620000000,0.037535850,-0.004605405,1.000481613
40.625000000,-0.009732569,-0.044747701,1.012825287
40.630000000,0.008326667,-0.066742448,1.000356050
40.635000000,-0.008242453,-0.041906988,1.015337331
40.640000000,-0.025442992,0.027852399,0.997455388
40.645000000,0.018299584,-0.021379441,0.997992923
40.650000000,0.003732871,0.062857100,1.007130468
40.655000000,-0.061878547,-0.037134735,1.000651894
40.660000000,0.014947294,-0.031455954,1.001803613
40.665000000,0.017855970,0.066625791,1.008168009
40.670000000,0.029080147,-0.074467443,1.004567253
40.675000000,0.026990574,-0.044759498,1.004637192
40.680000000,-0.058730168,-0.037403866,1.016161188
40.685000000,0.020432482,0.010624656,1.002043984
40.690000000,-0.028833413,0.035173444,1.013857325
40.695000000,-0.026411111,0.035818228,1.011012995
40.700000000,0.032184239,0.014009061,1.000733535
40.705000000,-0.075920717,-0.046725763,1.013102445
40.710000000,0.001271933,-0.002012467,1.009853227
40.715000000,0.078565333,-0.012050945,1.011676672
40.720000000,-0.036802260,0.011662241,0.995026453
40.725000000,-0.024605048,-0.018962894,1.005160667
40.730000000,0.030734211,0.006725522,1.012447602
40.735000000,-0.007105491,0.005844221,0.999626370
40.740000000,0.023318655,-0.030117398,1.016233134
40.745000000,-0.036109792,-0.019243064,1.006751834
40.750000000,-0.019679574,-0.025331431,1.006889920
40.755000000,0.059625565,0.030321061,1.012599243
40.760000000,-0.035757491,-0.019163973,0.995743517
40.765000000,0.010600020,-0.022319949,1.009793250
40.770000000,0.049635641,0.019338235,1.010206467
40.775000000,-0.004255185,0.037148124,0.995489385
40.780000000,0.005150134,-0.022749969,1.006649661
40.785000000,-0.021520520,0.001897040,1.002950889
40.790000000,-0.005380941,0.005024527,1.014082436
40.795000000,0.007779976,-0.107212888,1.017142808
40.800000000,-0.006851283,0.012310767,1.003580888
40.805000000,-0.029223587,-0.027739924,1.010600905
40.810000000,-0.003323562,0.000470313,1.015090783
40.815000000,0.076271185,0.050999183,1.011382304
40.820000000,-0.008099017,-0.034459404,0.999419686
40.825000000,-0.008579940,0.018364955,0.998187253
40.830000000,0.030893743,-0.077761490,1.008362274
40.835000000,-0.025116882,-0.060941605,1.025227692
40.840000000,-0.006397111,-0.015413126,1.014237881
40.845000000,-0.009622371,-0.008657209,0.997836394
40.850000000,0.056688341,0.020695947,1.006894251
40.855000000,-0.009855488,-0.017775932,0.999100132
40.860000000,-0.028782506,0.007629671,1.006226467
40.865000000,0.011674510,-0.027776361,1.000908286
40.870000000,-0.059879755,-0.015286728,1.002510087
40.875000000,0.067621554,0.014310471,1.013990067
40.880000000,-0.040080460,-0.015975473,1.008805511
40.885000000,-0.063128988,-0.004662327,1.009978105
40.890000000,0.078283694,-0.022340836,0.995064668
40.895000000,-0.009783568,-0.017606194,1.006074294
40.900000000,-0.005088783,0.016788066,1.006883409
40.905000000,-0.005943136,-0.047988206,1.005548793
40.910000000,0.008318325,-0.010442893,1.016912802
40.915000000,-0.000088126,0.010280043,1.006899167
40.920000000,-0.030220056,-0.053024249,1.010805778
40.925000000,0.010270953,0.039420419,1.003423601
40.930000000,0.020235598,0.000148599,1.000363425
40.935000000,0.006484917,-0.007950719,1.004860515
40.940000000,0.039528041,0.004458783,1.012395484
40.945000000,0.021012250,-0.054741056,1.008360346
40.950000000,-0.075346788,0.004508443,0.997409127
40.955000000,0.025142911,-0.029012383,1.010751001
40.960000000,0.025029576,0.000683216,0.998610706
40.965000000,-0.044473739,-0.024784157,1.001830867
40.970000000,0.013406671,-0.033593208,1.022931396
40.975000000,0.040294288,0.042438416,0.999591319
40.980000000,-0.008266029,-0.037002635,0.994898901
40.985000000,-0.038285215,0.017374228,1.006663120
40.990000000,0.049024755,0.009354890,1.004577698
40.995000000,-0.036323471,-0.041344374,1.022654851
41.000000000,0.013799493,-0.011752071,1.016300524
41.005000000,0.018723769,-0.037925543,0.992465636
41.010000000,-0.118505377,0.029885311,1.003768291
41.015000000,0.067929772,0.016199291,1.007828688
41.020000000,0.017991219,-0.035199250,0.999436358
41.025000000,-0.039662488,-0.014682184,1.014033552
41.030000000,0.067734696,0.008988060,1.016574900
41.035000000,-0.016409936,0.060798514,0.995528218
41.040000000,0.022070919,0.017996072,1.008139417
41.045000000,-0.021813077,-0.013319986,1.007263592
41.050000000,-0.035188568,-0.013429909,0.993965952
41.055000000,0.040280504,-0.042860355,1.010322560
41.060000000,-0.085215810,-0.012181142,1.004422893
41.065000000,0.004609110,0.017397340,1.014684318
41.070000000,0.071762490,0.011368886,1.013843916
41.075000000,-0.018692446,-0.009567472,0.993626610
41.080000000,-0.012458336,0.004613171,1.009206397
41.085000000,-0.027350479,-0.035392394,1.011151165
41.090000000,0.011737598,-0.054189647,1.004260901
41.095000000,-0.039604046,0.023813240,1.012172518
41.100000000,0.044012649,-0.017033588,1.009632781
41.105000000,0.045002509,-0.030192103,1.001093001
41.110000000,-0.061217809,-0.023313728,1.015538414
41.115000000,0.051826858,-0.040236214,1.007616069
41.120000000,-0.051856820,0.014015092,0.999916260
41.125000000,0.018663600,-0.015194735,1.013713515
41.130000000,0.055690752,0.026846208,1.003501998
41.135000000,-0.062783416,0.025966924,1.003426392
41.140000000,0.032790948,-0.117020700,1.010512081
41.145000000,-0.032313439,-0.061157560,1.012833836
41.150000000,-0.005158988,0.039979122,1.007985109
41.155000000,0.054895311,-0.013383734,1.008306944
41.160000000,-0.019407487,-0.054997515,1.011204971
41.165000000,-0.040093935,-0.009909977,1.004069503
41.170000000,-0.004602490,0.008903772,1.005995014
41.175000000,0.020225145,-0.010558154,1.000821280
41.180000000,0.003365243,0.006295517,1.012682586
41.185000000,0.003745039,-0.019677185,1.016795265
41.190000000,0.000654154,-0.006591217,1.002609772
41.195000000,0.028651154,0.001096524,1.012334193
41.200000000,0.005304597,-0.047928094,1.009469029
41.205000000,0.020286340,0.003446260,1.000528682
41.210000000,0.021034259,0.019415837,1.011342574
41.215000000,-0.045558782,-0.020159820,1.008299555
41.220000000,-0.010144485,-0.028526967,0.994381466
41.225000000,0.046713766,0.012347520,1.001208351
41.230000000,0.044229701,0.041209806,1.013647022
41.235000000,-0.014743311,0.014452497,1.007323111
41.240000000,0.003513289,0.003106322,1.002558733
41.245000000,0.013274719,-0.046759591,1.007744743
41.250000000,-0.045356447,-0.024689053,1.012263129
41.255000000,-0.010244154,-0.011298996,1.011634120
41.260000000,-0.007468272,-0.035338634,1.002655773
41.265000000,-0.031411248,0.036012533,0.998506354
41.270000000,0.022921628,0.028217852,1.000588451
41.275000000,-0.009941810,0.009794709,1.005760071
41.280000000,-0.073697383,-0.013764800,1.016813813
41.285000000,0.009577996,-0.056658761,1.009803895
41.290000000,0.059606604,-0.002519224,1.006085623
41.295000000,0.027560539,0.021537621,1.007459203
41.300000000,-0.011866832,-0.014923818,0.994818988
41.305000000,-0.033031294,-0.024275669,1.005518632
41.310000000,0.007528008,-0.049723909,1.000406446
41.315000000,-0.024778001,-0.026794029,0.997220921
41.320000000,-0.043956613,0.017374645,1.013724541
41.325000000,0.076114951,0.004306400,1.004188322
41.330000000,-0.033289789,0.000051552,1.011678170
41.335000000,-0.071401187,-0.063217378,1.010633799
41.340000000,0.108641207,-0.000521731,1.007950147
41.345000000,-0.035015782,0.035356847,1.012893066
41.350000000,0.005973719,-0.057445019,0.999668107
41.355000000,0.062911814,-0.039341443,1.012903706
41.360000000,-0.064841579,-0.031821520,1.004930978
41.365000000,0.031511250,0.032139972,1.003198576
41.370000000,-0.021915206,-0.013673810,1.012984778
41.375000000,-0.001163539,-0.003543261,0.996130114
41.380000000,0.004879027,0.012996222,1.010291592
41.385000000,-0.037650403,-0.057189709,1.006168860
41.390000000,0.035115810,0.044702489,1.013050493
41.395000000,0.017195385,-0.021121861,1.018487747
41.400000000,0.046018527,-0.003868156,0.995829400
41.405000000,-0.017537822,-0.008459723,1.008687183
41.410000000,0.001149995,-0.033381031,1.013558063
41.415000000,0.008441270,0.034520757,1.009240226
41.420000000,-0.028438074,-0.008126237,1.008171643
41.425000000,0.041727941,0.022087225,1.007128411
41.430000000,-0.045916224,-0.138960849,1.002625865
41.435000000,-0.020949614,-0.007207832,1.007906551
41.440000000,0.029399884,0.124870066,1.010751730
41.445000000,-0.046798559,-0.036880730,1.001778916
41.450000000,0.016608883,0.016912161,1.013250013
41.455000000,0.039188970,-0.044885660,1.000338106
41.460000000,-0.011692405,-0.044417464,1.001213313
41.465000000,0.031084104,-0.030525952,1.010863786
41.470000000,-0.015404542,0.013471611,1.006297158
41.475000000,0.017787085,0.041084930,1.012962526
41.480000000,0.052263015,-0.012068521,0.996404224
41.485000000,-0.086086990,0.000582357,1.013340932
41.490000000,0.027136573,-0.045027838,1.014488816
41.495000000,0.053243558,0.025743589,0.999631026
41.500000000,-0.059228701,-0.010906447,1.013945147
41.505000000,-0.005985036,-0.029925136,0.994473413
41.510000000,-0.001927572,-0.012792976,1.008933977
41.515000000,0.006568002,-0.044289080,1.021023838
41.520000000,0.005638309,-0.025555262,0.995554775
41.525000000,-0.014283350,0.008362129,1.005473109
41.530000000,-0.008877350,0.057067032,1.012374250
41.535000000,-0.008566346,-0.081067412,1.001623088
41.540000000,-0.006972048,0.024504249,1.008904735
41.545000000,0.021547271,0.054281900,1.004394766
41.550000000,0.004521385,-0.073953798,1.001894998
41.555000000,-0.018611008,-0.048745658,1.012326311
41.560000000,-0.031096196,-0.071439442,1.013349044
41.565000000,-0.025899624,0.018936873,1.002210773
41.570000000,0.054593351,-0.015819939,1.000713671
41.575000000,-0.000043117,0.026118123,1.011310091
41.580000000,-0.015933870,0.026300606,1.005484548
41.585000000,-0.040451398,-0.039590996,1.007839807
41.590000000,-0.036427970,-0.004862027,1.003523139
41.595000000,0.040435108,-0.018759783,1.000749070
41.600000000,0.013266573,0.056116400,1.012495009
41.605000000,0.087883385,-0.054368437,1.008734350
41.610000000,-0.025371778,0.001941514,1.010900325
41.615000000,-0.010149587,0.016231227,0.995759232
41.620000000,0.019946604,-0.108074311,1.005547506
41.625000000,-0.103593085,0.018327494,1.024503374
41.630000000,0.029152274,-0.046116903,1.001419991
41.635000000,-0.056668627,-0.026111765,1.001323805
41.640000000,-0.009290553,0.059987929,1.010671535
41.645000000,0.071266364,0.005816321,1.000614282
41.650000000,-0.048372451,0.032892693,1.000982808
41.655000000,0.038997545,-0.031316535,1.019621874
41.660000000,0.043400350,-0.079025789,1.011731247
41.665000000,0.005519955,0.017915110,0.994693418
41.670000000,0.012079700,-0.032854814,0.996444753
41.675000000,0.040767419,-0.020750509,1.002253701
41.680000000,-0.011723468,0.056411441,1.011138790
41.685000000,-0.007077491,-0.074225854,1.014011937
41.690000000,0.044480335,-0.029861533,1.012706088
41.695000000,-0.015642307,0.028028734,1.002651350
41.700000000,0.000025858,-0.024351059,1.010011428
41.705000000,-0.039208563,0.006105208,1.005830803
41.710000000,0.016630604,0.054171502,1.001887714
41.715000000,0.041066320,0.015319083,1.014735784
41.720000000,-0.062159622,-0.040500430,0.999329854
41.725000000,-0.016513152,-0.004890745,1.015132493
41.730000000,0.043484627,-0.031655965,1.008543048
41.735000000,-0.010756434,0.014103134,0.990707032
41.740000000,-0.028967223,-0.011454316,1.013533379
41.745000000,0.047390498,-0.023424753,1.004204508
41.750000000,-0.028536643,0.032592890,1.003800217
41.755000000,-0.015078214,-0.030489471,1.020226736
41.760000000,0.043379913,-0.013576374,1.006658643
41.765000000,-0.054949768,-0.012884421,1.006492669
41.770000000,-0.035459727,-0.017861551,1.008109124
41.775000000,0.053737080,-0.070429012,0.991959120
41.780000000,0.022971174,-0.013894450,1.010439650
41.785000000,-0.063857593,0.062407034,1.015427984
41.790000000,0.018946266,0.043694025,0.993538396
41.795000000,0.029171257,0.013087613,1.011026206
41.800000000,0.042450355,-0.072017466,1.013458224
41.805000000,0.047245769,-0.009763238,0.999276561
41.810000000,-0.047782230,-0.054720542,0.996222789
41.815000000,0.004445825,0.026264640,1.017902384
41.820000000,-0.017647253,0.085069262,1.017920262
41.825000000,-0.017142114,-0.042880452,0.985315982
41.830000000,-0.062101999,-0.050936123,1.010609366
41.835000000,-0.018887943,-0.091704708,1.013614848
41.840000000,0.044359678,0.044208465,1.006504428
41.845000000,-0.048622988,0.023817707,1.016974422
41.850000000,0.047581573,-0.047090864,0.998114710
41.855000000,0.003249247,0.027466173,1.011285587
41.860000000,-0.007923917,-0.068904864,1.017199898
41.865000000,0.009940943,-0.023946572,1.005093484
41.870000000,-0.047755123,0.023334019,0.996679392
41.875000000,-0.001801279,-0.048191251,1.001912346
41.880000000,-0.031880245,-0.026102467,1.016738799
41.885000000,0.021878190,-0.007515440,1.005043923
41.890000000,-0.000710997,-0.007011556,1.006597423
41.895000000,0.005129154,0.032193099,1.009076751
41.900000000,0.070484958,-0.019536705,1.004705131
41.905000000,-0.009966913,-0.015533708,1.005015205
41.910000000,0.015618079,0.015537787,1.006984384
41.915000000,-0.001829486,-0.065464966,1.016195260
41.920000000,-0.081231900,-0.035979913,1.002607578
41.925000000,0.012781412,0.044711759,1.007879454
41.930000000,0.061152554,-0.003615645,1.012129944
41.935000000,0.004003793,-0.057220411,0.994939969
41.940000000,-0.024425359,0.008786348,1.004693513
41.945000000,-0.043456874,-0.019172788,1.014584636
41.950000000,0.070896133,-0.008258114,1.006587169
41.955000000,0.025947389,-0.001034515,1.008292512
41.960000000,-0.076352100,-0.048959520,1.019068156
41.965000000,0.048097062,0.032374208,1.003794390
41.970000000,-0.005684401,-0.016600549,0.997113866
41.975000000,-0.011262407,-0.015921717,1.012559137
41.980000000,0.041759900,0.010803740,1.001950210
41.985000000,-0.006087669,-0.000145244,1.005852036
41.990000000,0.022575069,-0.007490940,1.010456407
41.995000000,-0.053943251,0.017244806,1.002562548
42.000000000,-0.005310773,0.019447518,1.006487023
42.005000000,0.041334103,-0.085484224,1.008753487
42.010000000,-0.068200878,0.030661463,1.009741033
42.015000000,0.076090076,0.017900870,1.007932759
42.020000000,0.043766878,-0.039976182,1.005812035
42.025000000,-0.080333196,0.013412171,1.005324345
42.030000000,0.033578655,-0.002707191,1.005439107
42.035000000,-0.021627542,-0.002257149,1.004162090
42.040000000,0.037404653,-0.060563989,0.996534523
42.045000000,0.005003711,-0.004550190,1.009384205
42.050000000,-0.108776365,0.031998310,1.006597178
42.055000000,0.042699698,0.012996582,1.005200810
42.060000000,0.025876733,0.003515488,1.017006424
42.065000000,-0.005206697,-0.000974185,0.993994142
42.070000000,-0.008106076,-0.041289738,1.005740986
42.075000000,0.008842216,-0.030934108,1.009410111
42.080000000,-0.015256099,0.006916671,0.992667083
42.085000000,-0.034127660,-0.046538209,1.007034537
42.090000000,0.072381062,0.040335219,1.011393173
42.095000000,-0.014540015,-0.006084142,1.011463921
42.100000000,0.004074223,-0.001050508,1.003534300
42.105000000,0.011174427,-0.006727567,1.001537414
42.110000000,-0.083525794,-0.081503651,1.003856281
42.115000000,0.032966127,0.095616024,1.001187092
42.120000000,0.055157836,-0.028325990,1.008635615
42.125000000,-0.006835902,-0.114231726,1.007782071
42.130000000,0.009494814,0.020515724,1.014451765
42.135000000,-0.028344949,-0.021277595,1.017041136
42.140000000,-0.027110162,-0.036900574,1.004281522
42.145000000,0.025927466,-0.009554185,1.008405335
42.150000000,0.005212598,0.010713610,1.006391180
42.155000000,0.002460532,0.001699508,0.998365848
42.160000000,-0.026941042,-0.027433484,1.012810789
42.165000000,-0.016076323,0.017101371,1.008238539
42.170000000,0.031552570,0.004150111,1.008088261
42.175000000,-0.013325557,-0.041011241,1.009751846
42.180000000,-0.032196971,-0.006011612,0.998868435
42.185000000,0.004758594,-0.033974051,1.010456603
42.190000000,0.010032771,0.011265600,1.004078876
42.195000000,-0.024886869,-0.019994342,1.016727481
42.200000000,0.016715189,-0.060363962,1.019468195
42.205000000,0.012798204,0.030773800,1.000112650
42.210000000,0.041881117,-0.043371726,1.007316825
42.215000000,0.053552930,-0.038360986,1.003124440
42.220000000,-0.016937981,0.018157626,1.013908015
42.225000000,-0.021655793,0.033455006,1.002451876
42.230000000,-0.044156769,0.019531687,1.010404362
42.235000000,-0.005087775,-0.037261466,1.014610105
42.240000000,-0.022755778,-0.026764625,0.988543513
42.245000000,0.041995884,-0.022522895,1.014667469
42.250000000,0.039241148,-0.006436284,1.005459288
42.255000000,-0.015035438,0.035529009,1.001151560
42.260000000,0.055893026,0.041439831,1.013889440
42.265000000,-0.062383760,-0.014009956,1.005450045
42.270000000,-0.034459132,-0.006145678,1.008105660
42.275000000,0.023272626,-0.063259774,1.006768703
42.280000000,-0.033732102,-0.009289918,1.010710211
42.285000000,-0.059271708,0.048716839,0.997559569
42.290000000,0.022157122,-0.033056697,1.003562971
42.295000000,0.041600102,0.039437435,1.004297107
42.300000000,-0.027576272,-0.065960549,1.001124917
42.305000000,0.085300146,-0.038127125,1.025201951
42.310000000,-0.014570771,-0.000056394,1.010545298
42.315000000,-0.044116492,-0.007086150,0.999328578
42.320000000,0.032670803,0.089002740,1.004469909
42.325000000,0.021932543,-0.031569228,1.002881729
42.330000000,-0.007316732,-0.013684982,1.012025748
42.335000000,-0.037266381,-0.078683023,1.001552943
42.340000000,0.013050494,-0.052773483,0.996719049
42.345000000,-0.054620568,0.026228425,1.013308986
42.350000000,0.021169029,0.008825731,1.011085734
42.355000000,-0.011313836,0.029969491,1.001083165
42.360000000,-0.009459767,-0.080863945,1.000126537
42.365000000,0.076142840,-0.019345954,1.012179456
42.370000000,0.028446941,-0.026615544,1.008148402
42.375000000,0.038177780,0.034405332,0.998127839
42.380000000,-0.061809784,-0.004378360,1.012976492
42.385000000,0.017711048,-0.081381133,0.997808956
42.390000000,-0.001682322,0.052477751,1.009216887
42.395000000,-0.013271842,-0.069466926,1.012928949
42.400000000,-0.005112746,0.000231453,0.989511757
42.405000000,-0.036334345,0.008202393,1.010936744
42.410000000,0.076518998,-0.028318407,1.009201941
42.415000000,-0.081614865,0.039991969,1.006068536
42.420000000,0.048828069,-0.039874903,1.010236425
42.425000000,0.072859695,0.034810283,1.012667279
42.430000000,-0.099050595,-0.024143314,1.006385100
42.435000000,0.018244154,-0.053945047,0.997493325
42.440000000,-0.029509955,-0.019104636,1.011545945
42.445000000,-0.025088094,0.006367917,1.002207544
42.450000000,-0.013213010,0.047820778,1.006126703
42.455000000,-0.023609524,-0.052468471,1.006994342
42.460000000,0.013483680,-0.001511554,1.010740365
42.465000000,0.031147465,-0.006481471,1.009949715
42.470000000,0.034639122,-0.002671870,1.004222747
42.475000000,0.007746935,0.063880612,1.009199794
42.480000000,0.023571763,-0.026535889,1.004759728
42.485000000,-0.018133278,-0.014803380,1.009311672
42.490000000,-0.043292696,-0.007436851,1.001584947
42.495000000,0.006882705,-0.039600093,1.010683576
42.500000000,0.044538266,-0.011585582,1.009740731
42.505000000,-0.000166408,0.008159936,1.004628855
42.510000000,-0.018220207,-0.020516358,1.019384429
42.515000000,0.014246307,-0.004929226,1.005959537
42.520000000,0.008425715,0.021637674,1.002365190
42.525000000,-0.026345538,-0.042518446,1.011241747
42.530000000,0.004523241,0.015324802,1.007514835
42.535000000,0.024515402,0.007348109,1.000950430
42.540000000,-0.072420068,-0.064600001,1.018635524
42.545000000,0.007042882,-0.048985832,1.004186592
42.550000000,0.038759831,-0.050281166,0.999583693
42.555000000,-0.015466913,0.032901999,1.015421112
42.560000000,0.039022379,0.031653921,0.995700649
42.565000000,-0.001974190,-0.007313919,1.008568732
42.570000000,-0.000163046,-0.006417388,1.005478342
42.575000000,0.006221872,-0.016829198,1.009714807
42.580000000,-0.000576376,0.008462852,1.015841397
42.585000000,0.011457595,-0.047071211,1.002441759
42.590000000,-0.015130276,0.013077892,1.016684398
42.595000000,0.006100386,0.034396387,1.004356729
42.600000000,0.017253798,-0.044201403,1.003913774
42.605000000,0.047315068,-0.016457292,1.001420658
42.610000000,-0.022634147,-0.050523439,1.003889135
42.615000000,-0.109025800,-0.003353929,1.013106759
42.620000000,0.027098869,0.005233537,0.997522490
42.625000000,0.006124689,-0.046252009,1.004737104
42.630000000,-0.055746292,0.028143627,1.009927250
42.635000000,0.060744133,-0.031389692,1.005998607
42.640000000,0.012082685,-0.037744071,1.008525831
42.645000000,-0.029773514,0.002546459,1.012922331
42.650000000,-0.032653197,-0.012844661,1.010668326
42.655000000,-0.027913497,0.042711182,1.001022389
42.660000000,0.032354243,-0.044549205,1.011401411
42.665000000,0.008385390,-0.062791087,1.008707205
42.670000000,0.016471337,0.028033286,0.992658075
42.675000000,-0.034042834,0.002640572,1.013007185
42.680000000,-0.045180169,0.002330823,1.013558600
42.685000000,0.009484573,0.025721889,0.993182380
42.690000000,0.000027206,-0.009605598,1.006438533
42.695000000,0.053245819,-0.017092533,1.004102484
42.700000000,0.022167988,0.027344047,1.011749490
42.705000000,0.000208070,-0.058187252,1.006200015
42.710000000,0.081475274,-0.042595731,0.998977206
42.715000000,-0.014232197,0.019541537,1.011937654
42.720000000,-0.097547012,-0.028023290,1.000359360
42.725000000,0.009965400,0.055398460,1.011986603
42.730000000,-0.008533039,0.019124087,1.003410937
42.735000000,-0.015587293,-0.038325586,1.007791104
42.740000000,0.038413688,-0.036956584,1.007670558
42.745000000,-0.026355213,-0.025793147,0.999215663
42.750000000,0.027383317,0.064107921,1.015761207
42.755000000,0.043465554,-0.017410053,0.987273302
42.760000000,0.011357641,0.008801263,1.010917412
42.765000000,-0.005090096,0.003918529,1.020441007
42.770000000,-0.053110150,-0.101801599,0.990116190
42.775000000,0.048718197,0.029153648,1.008230401
42.780000000,0.024853908,-0.007965757,1.011196154
42.785000000,-0.036349841,-0.036824190,1.003573911
42.790000000,0.055731366,0.039106175,1.012203435
42.795000000,0.012300723,-0.063163325,1.023542532
42.800000000,-0.033042906,-0.065308912,1.005677158
42.805000000,0.000168204,-0.016762163,1.003826797
42.810000000,-0.049212440,0.008398494,1.005031741
42.815000000,-0.010950890,0.000893913,1.010504312
42.820000000,0.043761967,0.003786021,1.020516450
42.825000000,-0.007548420,-0.019971191,0.995674814
42.830000000,0.046347970,-0.090074040,1.007355248
42.835000000,0.020938085,0.018425331,1.005241857
42.840000000,-0.078144918,-0.029089498,0.997468172
42.845000000,-0.021304609,-0.001995051,1.009600628
42.850000000,0.043473756,0.073027642,0.995503385
42.855000000,0.016693926,-0.026297437,1.014323503
42.860000000,-0.026523410,0.013253696,1.018356290
42.865000000,0.002559012,-0.077791579,0.997880700
42.870000000,-0.006155729,-0.029082543,1.012963542
42.875000000,-0.034294663,0.025814219,1.008349315
42.880000000,-0.031019534,-0.011570884,1.000431062
42.885000000,0.017423687,0.072216289,1.024422116
42.890000000,0.058244264,-0.025321607,1.001237026
42.895000000,-0.038897452,0.005794445,0.997570198
42.900000000,-0.033906997,-0.020977173,1.013476090
42.905000000,-0.009386357,-0.094673117,1.001533273
42.910000000,-0.009794814,0.067639912,1.015893885
42.915000000,0.048480776,0.082773401,1.004970319
42.920000000,-0.016824355,-0.065412212,1.001096420
42.925000000,-0.012336482,-0.043341347,1.008383593
42.930000000,0.034104306,0.005152573,1.009440906
42.935000000,-0.000325895,-0.021205003,1.022878330
42.940000000,-0.002486693,0.068414794,1.005177052
42.945000000,0.018046220,-0.026103548,0.996475944
42.950000000,0.011629718,-0.050775731,1.008525056
42.955000000,-0.025904828,0.009735839,1.005088716
42.960000000,0.001140532,-0.040954693,1.000208940
42.965000000,0.016522902,0.023389251,1.013981115
42.970000000,-0.008648186,0.007908361,1.010621190
42.975000000,-0.006608247,-0.007590911,0.993734764
42.980000000,-0.019476038,-0.037612618,1.007784942
42.985000000,-0.016451894,-0.046801811,1.006007405
42.990000000,0.004496156,-0.030335267,1.004885719
42.995000000,0.005053777,0.012421329,1.007153674
43.000000000,-0.003504161,0.015134828,1.001162016
43.005000000,-0.018722710,-0.072785033,1.005072240
43.010000000,0.007640483,0.038879448,1.013290431
43.015000000,0.035441180,-0.019717762,1.013257013
43.020000000,0.032435687,-0.050522517,1.004680317
43.025000000,0.028019005,0.071079100,1.001744562
43.030000000,-0.036882583,-0.035731926,1.004519069
43.035000000,-0.032341532,-0.029135607,1.001401055
43.040000000,-0.004858204,0.001399919,1.003552177
43.045000000,-0.018864862,-0.098786344,1.014261948
43.050000000,0.006174909,-0.006694173,0.998258559
43.055000000,-0.007100156,0.050552286,1.005381847
43.060000000,0.041691953,-0.050844318,1.017070317
43.065000000,0.060050791,0.059014915,0.997985144
43.070000000,-0.007236470,0.054660845,1.007601427
43.075000000,-0.021746889,-0.076888076,1.007072564
43.080000000,0.038470138,-0.044950533,1.003681380
43.085000000,0.000915888,0.003561638,1.011310677
43.090000000,-0.076986260,0.019556480,0.997110720
43.095000000,0.076484250,-0.035323951,1.005419138
43.100000000,0.013651737,-0.008912701,1.011814895
43.105000000,-0.100589663,-0.048517361,1.004181934
43.110000000,0.006215504,-0.069791112,1.009558379
43.115000000,-0.015538760,0.057303742,1.005150070
43.120000000,0.007756304,0.026367417,1.009758760
43.125000000,0.026299488,-0.060857919,1.013761083
43.130000000,-0.013239335,-0.018834145,1.009304664
43.135000000,0.000757414,0.007750659,1.019728436
43.140000000,0.017394790,-0.057278562,1.014935926
43.145000000,-0.002918336,0.012994918,0.998499879
43.150000000,-0.003241585,0.006677585,1.004070951
43.155000000,-0.016873380,0.000592316,1.006433438
43.160000000,-0.035756271,0.054354786,0.998479295
43.165000000,0.024362798,-0.046587525,1.010400853
43.170000000,0.024194702,-0.010440759,1.015376989
43.175000000,0.029573327,-0.013290851,0.998629885
43.180000000,-0.043494010,-0.034899967,1.007163443
43.185000000,-0.031186119,-0.006114273,1.010370816
43.190000000,0.076972889,-0.000105630,1.009566293
43.195000000,-0.010085137,-0.005187124,1.006059153
43.200000000,0.002811013,-0.013376528,0.996472449
43.205000000,0.001981745,0.067732304,1.006720596
43.210000000,-0.003808524,-0.016314899,1.011683120
43.215000000,0.037936351,-0.012891380,1.005934937
43.220000000,-0.001728934,-0.006601298,1.000691363
43.225000000,-0.027257443,-0.046407104,1.012519264
43.230000000,-0.026362816,0.035887609,1.005364078
43.235000000,0.050552250,-0.034819457,0.994566590
43.240000000,-0.002128800,0.027562965,1.007962953
43.245000000,-0.069212020,0.027698819,1.005477120
43.250000000,0.011676551,-0.021795999,1.008501859
43.255000000,0.039528599,0.011769064,1.002033190
43.260000000,0.001049224,-0.085334961,1.005979950
43.265000000,-0.026879985,-0.017246129,1.009132398
43.270000000,-0.004617709,-0.003700792,1.006873060
43.275000000,-0.011486819,-0.017025388,1.011259916
43.280000000,0.017015682,0.033949963,1.002768697
43.285000000,0.028755196,-0.045708472,1.004148074
43.290000000,-0.027376511,0.007302767,0.999731474
43.295000000,0.029436035,-0.015741154,1.008731864
43.300000000,0.049296381,-0.066755903,1.012229395
43.305000000,-0.051995065,0.074083171,1.005628849
43.310000000,-0.041362203,0.011339246,1.013474704
43.315000000,0.016964803,-0.057044982,1.011508320
43.320000000,-0.020716822,0.005474182,1.014270316
43.325000000,-0.051348445,-0.059180172,0.998594516
43.330000000,-0.011894818,-0.043685970,1.004984484
43.335000000,0.041326676,0.003389859,1.007491001
43.340000000,0.026455337,0.003453002,0.998990922
43.345000000,-0.023803405,0.002759654,1.011958284
43.350000000,-0.034897831,-0.009693979,1.005753320
43.355000000,0.000756012,-0.014797261,1.007280359
43.360000000,-0.005465195,-0.064667019,1.002936464
43.365000000,-0.005902400,0.005985854,1.011680586
43.370000000,0.052410730,0.016930773,1.008278296
43.375000000,0.020960688,-0.032980058,1.007310102
43.380000000,-0.010391565,-0.013056341,1.015796312
43.385000000,0.006509422,-0.044084150,1.004935336
43.390000000,-0.016081813,0.018414850,1.007796104
43.395000000,0.012009680,-0.005926810,1.004553279
43.400000000,0.051398563,0.018657689,1.006069350
43.405000000,-0.024174532,0.029942988,1.002979318
43.410000000,-0.000755953,-0.068175973,1.012979840
43.415000000,0.053580138,0.034536157,1.007910339
43.420000000,-0.018134073,-0.010176333,0.997424644
43.425000000,-0.006961881,-0.038671072,1.007745690
43.430000000,-0.001233997,-0.014294172,1.003045077
43.435000000,0.027049273,-0.037251207,1.011481430
43.440000000,-0.010245493,0.063012359,1.007667045
43.445000000,-0.030298108,0.009734704,1.009666726
43.450000000,0.058590975,-0.036980799,1.014815900
43.455000000,-0.020217528,-0.035383763,0.999594266
43.460000000,-0.021588429,-0.049178528,1.004207215
43.465000000,0.019306424,-0.023965530,1.002250209
43.470000000,-0.036531249,0.006558105,1.004718714
43.475000000,-0.043958394,0.034333119,1.001829573
43.480000000,0.028313031,-0.032175447,1.009117901
43.485000000,-0.005899027,-0.008046980,1.012929215
43.490000000,-0.040024872,0.020225983,1.004017320
43.495000000,0.015067249,-0.023633886,1.007471107
43.500000000,-0.034807973,-0.015816076,0.999729759
43.505000000,0.047669690,0.021942546,1.002353914
43.510000000,0.046792218,0.030661396,1.013746107
43.515000000,0.024553048,-0.035283022,1.014565355
43.520000000,0.026645693,-0.030975709,1.005309799
43.525000000,-0.032977500,0.020285275,1.010122905
43.530000000,0.007557171,0.039909467,1.005754016
43.535000000,-0.068650049,-0.025455259,1.000701772
43.540000000,0.013080608,-0.085937175,1.009944829
43.545000000,-0.013976273,-0.015759443,1.002790347
43.550000000,-0.054676948,-0.004019062,1.006385514
43.555000000,0.053629036,0.010870377,1.005568563
43.560000000,-0.024319739,0.016573946,1.012164650
43.565000000,-0.023553313,-0.064454833,1.005598613
43.570000000,-0.000461644,-0.032225823,1.002882239
43.575000000,0.061729783,0.036828005,1.017768299
43.580000000,0.021283910,0.015930865,0.998232538
43.585000000,-0.000874622,-0.002165386,1.005342046
43.590000000,0.020673671,-0.020759484,1.012873278
43.595000000,-0.034994542,-0.056808938,1.010482576
43.600000000,0.002058472,-0.018552840,1.013550085
43.605000000,-0.065037530,0.040171009,0.995085689
43.610000000,0.007436680,0.013134738,1.007816780
43.615000000,0.049423329,-0.031989431,1.005710539
43.620000000,-0.007274540,-0.028596711,1.005025748
43.625000000,0.037699927,0.001226987,1.019756182
43.630000000,0.028838900,-0.015467190,0.994882234
43.635000000,-0.020922857,0.000539885,0.998695219
43.640000000,-0.055172064,0.042560488,1.005855616
43.645000000,0.044490273,-0.054420534,1.002967825
43.650000000,-0.003955641,-0.010442039,1.016128437
43.655000000,-0.031527084,-0.002404422,1.006135183
43.660000000,0.047761672,-0.093237857,1.012767351
43.665000000,-0.011875623,0.061194331,1.014336770
43.670000000,-0.011397677,0.006382955,1.000017987
43.675000000,0.004634465,-0.019631643,1.010869224
43.680000000,-0.021966937,0.054696795,1.001775320
43.685000000,-0.020867691,-0.079613884,1.008790705
43.690000000,0.037803514,-0.024700894,1.012294930
43.695000000,0.004962878,0.009522996,1.001429437
43.700000000,-0.048158672,-0.018017621,1.006265620
43.705000000,0.037869208,0.007215138,1.001577639
43.710000000,0.015818223,-0.020556124,1.015471760
43.715000000,-0.020355252,-0.033253813,0.998589967
43.720000000,0.041155207,-0.024127370,1.000543222
43.725000000,-0.028963506,0.033809971,1.018009758
43.730000000,-0.000231241,-0.017140124,1.002722597
43.735000000,0.029868716,-0.035468101,1.015960156
43.740000000,-0.059614108,0.003702500,1.007784162
43.745000000,0.064871508,-0.033306419,1.018637129
43.750000000,-0.015345157,-0.036942406,1.007356720
43.755000000,-0.055185153,-0.031940893,0.993381368
43.760000000,0.063791616,0.004268763,1.010175751
43.765000000,-0.035736694,0.012388762,0.994792748
43.770000000,-0.018277812,0.034525736,1.015498009
43.775000000,-0.028246570,0.018624339,0.996371266
43.780000000,0.031578990,-0.026223340,0.998500250
43.785000000,0.012735173,-0.015046675,1.024098352
43.790000000,-0.034541425,-0.069192304,1.004779812
43.795000000,0.078588572,0.010637016,1.002144835
43.800000000,-0.057203469,0.016769067,1.007520905
43.805000000,-0.027158687,-0.030011148,1.016577175
43.810000000,0.056669224,0.062458329,1.001059870
43.815000000,0.013445904,-0.034517598,1.004683442
43.820000000,0.015592221,-0.034067916,1.006464380
43.825000000,-0.030577839,0.012182051,1.004933468
43.830000000,-0.019602719,-0.023259252,1.010788498
43.835000000,-0.003621162,-0.001038675,1.001826227
43.840000000,-0.031031020,-0.034423800,1.001527224
43.845000000,-0.039571224,-0.015387838,0.990021959
43.850000000,0.062594664,-0.008656967,1.018428753
43.855000000,0.011048616,-0.003558069,1.004571704
43.860000000,-0.047788502,-0.011394622,1.000351656
43.865000000,0.072532576,0.007315063,1.027590846
43.870000000,0.040110315,0.031645267,1.007962552
43.875000000,-0.020808809,-0.001477177,1.011072918
43.880000000,0.000875309,-0.018025757,0.987394015
43.885000000,0.017336831,-0.090288080,1.011034133
43.890000000,-0.049013983,-0.039619030,1.012487986
43.895000000,-0.043284224,0.004640043,0.994794368
43.900000000,0.051498032,0.017282859,1.023063870
43.905000000,0.048827757,0.013244237,1.008869008
43.910000000,-0.039441856,-0.043456706,1.024143839
43.915000000,-0.046408671,-0.020174020,1.010809713
43.920000000,0.037176423,-0.029581690,0.999113114
43.925000000,-0.000692595,0.010094580,0.998499633
43.930000000,0.011920745,-0.012108355,0.991893403
43.935000000,0.012235641,0.018281942,1.013122112
43.940000000,0.000910882,-0.010939696,1.013175903
43.945000000,0.007071075,-0.046889332,1.004030428
43.950000000,-0.056050773,0.053051958,0.998193183
43.955000000,0.000184752,-0.035916666,1.010727481
43.960000000,0.000893894,0.041336834,1.004712805
43.965000000,0.015539449,0.012633627,1.001785872
43.970000000,0.021326995,-0.033562360,1.013439925
43.975000000,-0.014380708,0.024857530,1.017310965
43.980000000,0.003381109,-0.049776108,1.005112828
43.985000000,-0.002678072,0.035659780,0.992148226
43.990000000,-0.006418940,-0.001128400,1.016838647
43.995000000,-0.058634528,0.003003383,0.999698046
44.000000000,0.004637176,-0.030810005,1.006499740
44.005000000,0.028137808,-0.057826644,1.013746804
44.010000000,-0.007877894,-0.020689480,0.995236619
44.015000000,0.026997293,-0.053806823,1.009210319
44.020000000,0.020625339,0.077002339,1.010356003
44.025000000,0.003505037,-0.025804204,1.021894218
44.030000000,-0.026830918,-0.031749567,1.004423142
44.035000000,0.008045864,0.009715857,0.996237178
44.040000000,0.017021983,-0.040966015,1.008925560
44.045000000,0.019324096,0.025487264,1.009306199
44.050000000,0.011247829,-0.045806068,1.006059438
44.055000000,-0.019563932,0.014747162,0.994606304
44.060000000,-0.023293678,-0.000415723,1.012886712
44.065000000,0.012691212,-0.025525028,1.012959414
44.070000000,0.053093720,0.023143371,1.004934301
44.075000000,-0.044650376,-0.027675219,1.001758228
44.080000000,-0.010422658,-0.058805368,1.008392154
44.085000000,-0.018392725,-0.068725403,1.008813939
44.090000000,-0.049236924,0.038128053,0.997632858
44.095000000,0.065887215,0.008811639,1.011975174
44.100000000,0.000768573,-0.024658840,1.001687326
44.105000000,0.003112882,-0.010313133,0.998932683
44.110000000,-0.007828818,-0.050772590,1.013944023
44.115000000,-0.023210541,-0.027499576,1.019270415
44.120000000,0.020569862,-0.009472464,1.011316317
44.125000000,-0.033814991,0.090168673,0.998143661
44.130000000,0.010687368,0.027397779,1.008305798
44.135000000,0.018730503,-0.057614941,1.002007503
44.140000000,-0.004970788,-0.028354936,1.007391790
44.145000000,-0.005256584,-0.010348963,1.012438508
44.150000000,-0.020470247,0.005287156,0.994203060
44.155000000,0.025599094,-0.051564817,1.019275011
44.160000000,0.027317077,0.032536289,1.012796535
44.165000000,-0.024215892,0.033680683,0.997598646
44.170000000,-0.056921567,-0.032961161,1.015553606
44.175000000,-0.025670979,-0.016573360,0.995473741
44.180000000,0.051436838,-0.059932493,1.002687644
44.185000000,0.051811738,-0.025818447,1.015457458
44.190000000,0.005049215,-0.012843166,1.005303421
44.195000000,0.014648377,0.043139973,1.013610996
44.200000000,0.007470731,0.063203288,0.997263767
44.205000000,-0.026310104,-0.068750051,1.000341303
44.210000000,-0.003991139,-0.051276799,1.015679268
44.215000000,0.051586856,0.033136703,1.011928641
44.220000000,-0.035721907,0.008831765,1.004355030
44.225000000,-0.024219361,0.039532050,1.001633545
44.230000000,0.079010167,-0.009015915,1.010181776
44.235000000,-0.072267330,-0.092404738,1.004678646
44.240000000,-0.006969622,0.008588545,1.008072714
44.245000000,0.078255497,-0.067658469,1.013222663
44.250000000,-0.092491380,-0.062296429,0.999339388
44.255000000,0.014673303,0.046900783,1.004166855
44.260000000,0.028507966,-0.013737455,1.014974465
44.265000000,-0.059585132,0.060311154,1.008017935
44.270000000,0.043715135,-0.007584627,1.000963276
44.275000000,-0.029080470,-0.074955613,0.993762151
44.280000000,-0.014627127,-0.020009480,1.012353173
44.285000000,0.047971404,-0.039884850,1.015331427
44.290000000,-0.061112240,0.001585369,0.994386263
44.295000000,0.023191668,-0.003416841,1.012500769
44.300000000,0.029934836,0.013320768,1.003210350
44.305000000,-0.015816659,0.024201560,0.999034944
44.310000000,0.050589089,0.022957482,1.010712169
44.315000000,-0.026771030,-0.021946361,1.009026191
44.320000000,-0.028546470,-0.098341267,1.011103136
44.325000000,-0.004408471,-0.010528200,0.996595116
44.330000000,-0.043034113,0.034404287,1.009105168
44.335000000,-0.021100600,0.037623556,1.005572463
44.340000000,0.006183025,0.033437471,1.001686911
44.345000000,0.022604175,-0.010653081,1.015597598
44.350000000,0.036222426,0.008564230,1.003020790
44.355000000,0.024736111,-0.013819207,1.015312723
44.360000000,0.011783022,-0.025068433,1.017326265
44.365000000,-0.014840945,-0.003755256,0.993790300
44.370000000,-0.035313643,-0.032622564,1.005338041
44.375000000,0.038116698,0.033171693,1.016677994
44.380000000,0.006066719,0.017001228,1.002584763
44.385000000,-0.005755978,-0.046575608,1.009799144
44.390000000,0.004666138,0.007014038,1.006200147
44.395000000,-0.029390306,-0.069801436,1.000453331
44.400000000,0.029711593,-0.015060224,1.012461479
44.405000000,-0.033969405,0.025979724,1.006526328
44.410000000,0.018609396,-0.045934459,1.005012504
44.415000000,0.037484250,0.023391379,1.009594352
44.420000000,-0.050363740,-0.045391641,1.007594165
44.425000000,0.007435744,-0.032340150,1.002436409
44.430000000,0.023204792,0.025333456,1.007901250
44.435000000,0.005551168,0.026007655,1.012262432
44.440000000,0.000284124,0.016080587,1.005538224
44.445000000,0.046561571,-0.059686243,1.004210993
44.450000000,-0.042217989,-0.035195734,1.007176744
44.455000000,0.003397652,-0.048496712,1.010208512
44.460000000,0.066974771,-0.000230953,1.007665108
44.465000000,-0.070468261,0.024491013,1.015868308
44.470000000,0.027429169,-0.059900813,0.992141780
44.475000000,-0.009204036,-0.031949039,1.001737128
44.480000000,-0.045508722,0.035461018,1.017235634
44.485000000,0.002719717,-0.006658474,0.990558388
44.490000000,-0.019150197,-0.089155761,1.017602427
44.495000000,0.071367015,0.011163652,1.004842525
44.500000000,0.007808681,0.013566874,1.006840216
44.505000000,-0.038821631,-0.019648401,1.013950819
44.510000000,0.004642501,0.014027978,0.998807626
44.515000000,0.013095128,-0.042337816,1.021327394
44.520000000,0.006210974,-0.003151864,0.994854544
44.525000000,-0.008840375,-0.012417503,1.006969841
44.530000000,-0.001432408,-0.000206720,1.008788406
44.535000000,-0.035974570,0.005843712,0.992496831
44.540000000,-0.039688461,-0.071404251,1.014612538
44.545000000,0.028846520,-0.048962929,1.007530788
44.550000000,0.021612602,0.034520498,1.011946222
44.555000000,-0.010595351,0.066645706,1.006735816
44.560000000,-0.004125256,-0.003155108,0.999045768
44.565000000,-0.038876771,0.000222160,1.005293890
44.570000000,0.039891037,-0.062885166,1.003655289
44.575000000,0.021706557,-0.067325939,0.999513996
44.580000000,-0.041703512,0.028776041,1.008803161
44.585000000,0.026048260,-0.023949684,1.018062600
44.590000000,-0.018277569,0.033767778,0.992907926
44.595000000,-0.007034489,0.035883522,1.004712357
44.600000000,-0.026142773,-0.055201504,1.010833949
44.605000000,-0.011262991,-0.022317587,1.004476126
44.610000000,0.075368503,0.018883228,1.008994247
44.615000000,-0.017627082,0.015017092,1.005466882
44.620000000,-0.015997728,0.053814791,1.015071522
44.625000000,0.014444017,0.018182775,0.998994006
44.630000000,-0.034989513,-0.061428492,1.007581737
44.635000000,0.044752917,0.021125262,1.013717606
44.640000000,0.042113228,-0.008421872,1.004490685
44.645000000,-0.042062852,-0.021384767,1.014566476
44.650000000,0.002426659,-0.006232396,0.999773988
44.655000000,-0.004882472,-0.070687390,1.012238410
44.660000000,-0.001010523,-0.016067581,1.009599818
44.665000000,-0.041239318,-0.011008616,1.001851378
44.670000000,-0.038620950,0.038266511,1.017130023
44.675000000,0.114374567,0.045242703,1.003305854
44.680000000,-0.014008307,-0.029080979,1.009027547
44.685000000,-0.023431522,-0.051284582,1.004313870
44.690000000,0.036099262,-0.023369877,1.011243558
44.695000000,-0.054951993,-0.010950418,1.011875665
44.700000000,0.037450739,-0.052483029,0.993059332
44.705000000,-0.011946035,-0.020378841,1.014591787
44.710000000,-0.038426800,0.015905088,1.011419672
44.715000000,0.046184103,0.035266924,1.005265713
44.720000000,-0.011015336,-0.046502635,1.006324503
44.725000000,-0.035720969,-0.009989032,1.004434087
44.730000000,0.042166395,0.021517557,1.010061410
44.735000000,0.041510142,-0.068860870,1.003848066
44.740000000,-0.049670279,0.029622545,1.006202417
44.745000000,0.005773485,-0.023144510,1.001583629
44.750000000,0.018542341,-0.030051583,1.000179419
44.755000000,-0.010725561,0.029560117,1.011525732
44.760000000,0.062461437,-0.006057879,1.002566530
44.765000000,-0.007234088,-0.003273300,1.012260773
44.770000000,-0.082060754,-0.028629705,1.013668029
44.775000000,0.033834028,0.039936186,0.993495785
44.780000000,0.057169579,-0.013731390,1.012939239
44.785000000,-0.030664372,-0.071826844,1.005267039
44.790000000,0.019089487,0.000126529,0.990634569
44.795000000,0.008008787,-0.021343891,1.014788457
44.800000000,-0.016784245,-0.029934563,1.006517786
44.805000000,-0.003637035,0.031363087,1.009600070
44.810000000,-0.068293197,0.025150950,1.013111593
44.815000000,0.011618389,0.002882162,1.006000683
44.820000000,0.041804661,0.027047812,1.004582278
44.825000000,-0.024686035,-0.023564898,1.003475921
44.830000000,0.022129560,-0.083629498,1.007999669
44.835000000,0.019784433,-0.088189555,1.003073101
44.840000000,-0.028215984,-0.006471199,1.003230460
44.845000000,-0.022264569,0.026764059,1.000756125
44.850000000,0.018836437,0.044534709,1.013893066
44.855000000,0.006417366,-0.019271543,1.017117744
44.860000000,-0.049421491,-0.095655872,1.001783123
44.865000000,-0.007404489,0.069070246,1.011966320
44.870000000,0.014324658,0.029246356,1.004391142
44.875000000,-0.045132023,-0.051903349,1.002634042
44.880000000,0.002062529,-0.021398753,1.007600970
44.885000000,0.026164162,-0.032382779,1.004458850
44.890000000,-0.027474566,-0.017204500,1.003707634
44.895000000,-0.009312532,-0.037094271,1.009699332
44.900000000,0.046212481,-0.008381522,1.011493821
44.905000000,0.063110414,-0.021837293,0.996921838
44.910000000,-0.021413046,-0.008023189,1.004433800
44.915000000,-0.027702873,0.001575548,1.010596886
44.920000000,0.007094876,0.013761809,1.005693396
44.925000000,-0.006328484,0.002354732,1.005704929
44.930000000,0.026887453,-0.030872343,1.012184390
44.935000000,-0.000702292,0.024366094,1.012990972
44.940000000,-0.007736043,-0.023762211,1.013939385
44.945000000,0.013516771,-0.023916359,1.010962514
44.950000000,0.003099341,0.016432681,1.002209812
44.955000000,-0.022597338,-0.018114023,1.008212078
44.960000000,-0.009555775,-0.063496849,1.010870550
44.965000000,0.022290773,-0.014253107,1.000401082
44.970000000,-0.023425943,0.045111175,1.001006637
44.975000000,0.005050718,0.008517955,1.020644701
44.980000000,-0.033279056,0.003118857,1.008154712
44.985000000,-0.062460688,-0.035903070,1.004722821
44.990000000,0.090396637,-0.010370352,1.007963234
44.995000000,0.009156371,0.014547689,0.997706989
45.000000000,-0.072289155,0.021420127,1.003828405
45.005000000,0.082574966,0.055057921,0.991449665
45.010000000,0.004198289,0.010212924,1.013605304
45.015000000,-0.030215357,-0.036963944,1.013504919
45.020000000,0.051674491,-0.019518310,0.993203213
45.025000000,-0.063587637,0.009159792,1.011042905
45.030000000,0.013461269,-0.004081801,1.004973728
45.035000000,0.012209416,-0.011035115,1.012129360
45.040000000,-0.036967411,-0.009639232,1.013212585
45.045000000,0.055388489,-0.011745920,1.001808414
45.050000000,-0.044001792,-0.018106195,0.998859275
45.055000000,-0.005676947,0.043201115,1.004356406
45.060000000,0.014927751,-0.057126893,1.005397234
45.065000000,-0.013213131,-0.053278220,1.008524020
45.070000000,0.029784710,0.076181406,1.017790387
45.075000000,-0.014923698,-0.052490430,0.986974448
45.080000000,0.017009965,0.016344031,1.015826923
45.085000000,0.015320987,-0.037416601,1.025544713
45.090000000,-0.006580652,-0.070434840,0.988446449
45.095000000,0.007432914,0.004820295,1.014588152
45.100000000,0.023924541,-0.069373696,1.008154856
45.105000000,0.003255275,0.007910051,0.992471620
45.110000000,-0.030707392,0.004400477,1.008254597
45.115000000,0.005143729,0.024306392,1.012552802
45.120000000,0.054479910,-0.010342912,1.011817155
45.125000000,-0.012028776,-0.014564901,1.015084683
45.130000000,-0.032454616,-0.020037536,1.006469093
45.135000000,0.033788104,-0.086270891,1.001785136
45.140000000,-0.045694968,-0.025739370,1.013002617
45.145000000,0.047258312,0.003880873,1.005450423
45.150000000,-0.000403103,0.032385855,1.004016566
45.155000000,-0.095326943,-0.016091319,1.002579344
45.160000000,0.040376814,0.013845184,1.001521223
45.165000000,-0.045767478,-0.071998015,1.006016993
45.170000000,-0.005603536,-0.032335839,1.001931031
45.175000000,0.010281775,0.056863161,1.013805577
45.180000000,0.001020870,-0.048167085,1.014095209
45.185000000,0.062123502,0.030867632,1.008546666
45.190000000,0.008610165,-0.038369698,1.014736627
45.195000000,-0.009761163,-0.039335133,1.002985833
45.200000000,-0.052529471,-0.038809873,1.005810188
45.205000000,0.001275342,-0.022602020,1.010200499
45.210000000,0.015874977,0.015668496,0.996506056
45.215000000,-0.011134103,-0.050285604,1.009417360
45.220000000,0.016672260,0.037640425,1.019091941
45.225000000,0.044385971,0.015722859,0.994125906
45.230000000,-0.020706079,-0.003646142,1.004703208
45.235000000,0.000622420,-0.024166328,1.026578089
45.240000000,-0.003521710,0.004486526,0.997315049
45.245000000,-0.089586580,-0.040145055,0.995616155
45.250000000,0.106030791,-0.026918191,1.019169591
45.255000000,-0.003041926,0.098492084,1.005139321
45.260000000,-0.051066284,-0.014578484,1.003522284
45.265000000,0.056923337,-0.027791006,1.009942415
45.270000000,-0.059332888,0.013114644,1.010208561
45.275000000,0.017677154,0.004231246,1.003634835
45.280000000,0.000998339,-0.064051892,1.001953469
45.285000000,0.031499317,0.029808902,1.013492739
45.290000000,-0.015962393,0.037579881,1.005810807
45.295000000,-0.053640241,-0.045728691,0.997882074
45.300000000,0.040014660,0.065386327,1.002068309
45.305000000,-0.016037037,-0.036510433,1.011226452
45.310000000,-0.021083366,0.003351584,1.005449244
45.315000000,-0.044641113,-0.007392220,1.004881796
45.320000000,0.065755024,-0.056102990,1.014103528
45.325000000,0.021446346,0.028355271,0.992307750
45.330000000,-0.066055317,-0.028775988,0.999219047
45.335000000,0.092137585,0.027099515,1.014825137
45.340000000,0.019504133,0.002347469,1.004912969
45.345000000,-0.071436109,-0.056266531,1.012971862
45.350000000,-0.005401403,-0.011789048,1.014996383
45.355000000,0.045444309,-0.019530729,1.009975836
45.360000000,-0.013128693,-0.052830809,1.000487152
45.365000000,-0.055446388,-0.045416175,0.990486779
45.370000000,0.025456627,0.023105354,1.006577681
45.375000000,0.035566031,0.060914641,1.022478610
45.380000000,-0.009704686,-0.031230773,1.009637193
45.385000000,-0.018247101,-0.056736174,1.003855618
45.390000000,-0.011697843,-0.027982960,1.009027405
45.395000000,0.018637368,-0.035210428,1.005554373
45.400000000,-0.026874608,0.024163079,1.011187590
45.405000000,-0.032839721,-0.017912447,1.004525386
45.410000000,0.066809400,0.013028962,1.002078239
45.415000000,0.008547360,-0.035266447,1.007061527
45.420000000,-0.034823769,-0.045673771,1.006210130
45.425000000,0.059978756,0.053927646,1.011561076
45.430000000,-0.023940420,-0.037820250,1.003078094
45.435000000,-0.073719132,0.017539177,1.011822102
45.440000000,0.068273317,-0.010290691,1.013999807
45.445000000,-0.030975342,-0.009457940,0.997703926
45.450000000,-0.013496310,0.007718198,1.013485113
45.455000000,0.079919171,-0.053892036,1.007174045
45.460000000,-0.053142309,0.007241965,1.010229072
45.465000000,0.063022742,-0.029145337,1.010748515
45.470000000,0.014905676,0.025401570,0.998844013
45.475000000,-0.068759211,0.021487063,1.011895794
45.480000000,0.051420736,-0.022438203,1.003012318
45.485000000,0.014670228,0.014973823,1.000045633
45.490000000,-0.058364263,-0.027226725,1.004631092
45.495000000,-0.011786814,-0.048501792,1.015082220
45.500000000,0.109718095,0.002248110,1.011703616
45.505000000,-0.042682984,-0.022181371,1.005457188
45.510000000,-0.008190791,-0.028737075,1.011905047
45.515000000,0.016068860,-0.006201116,1.002400153
45.520000000,-0.051191217,-0.067719120,1.008886618
45.525000000,0.116427396,0.083602673,1.006118357
45.530000000,0.013368243,0.022743574,1.007334581
45.535000000,0.003826758,-0.085469250,1.005086008
45.540000000,-0.036295830,0.044317952,0.998374651
45.545000000,-0.050855202,-0.029803577,1.008219103
45.550000000,-0.000845528,-0.021026554,1.009379493
45.555000000,-0.033945341,0.019599781,1.004876516
45.560000000,0.060889797,0.004400511,1.006257805
45.565000000,-0.029632825,-0.029008161,1.021340474
45.570000000,-0.008435262,-0.057390725,1.002302241
45.575000000,0.018282796,-0.010070366,0.998444681
45.580000000,0.014179868,-0.004951720,1.001738313
45.585000000,-0.002645511,-0.002209844,0.995731553
45.590000000,-0.068441120,-0.034332887,1.019186486
45.595000000,0.015230817,-0.017269238,0.996859248
45.600000000,-0.051827240,0.003963231,1.002720308
45.605000000,-0.006512865,-0.040970099,1.016660938
45.610000000,0.042951617,-0.032097880,1.000671775
45.615000000,-0.035804776,0.014374316,1.006590750
45.620000000,-0.002624748,-0.011469070,1.003879553
45.625000000,-0.003124358,0.000398635,1.008857304
45.630000000,-0.063521279,0.013457503,1.004985037
45.635000000,-0.022923098,-0.055265651,1.001939506
45.640000000,0.007199332,-0.020259301,1.009219209
45.645000000,0.007305408,0.023676256,1.015042042
45.650000000,0.096868186,0.027567125,1.019737459
45.655000000,-0.050382564,-0.035729302,1.008863912
45.660000000,-0.078125643,-0.035453704,1.003120336
45.665000000,0.078015221,0.032422100,1.008986825
45.670000000,-0.000392780,-0.032140223,1.012691110
45.675000000,-0.012086119,-0.009379448,1.014509586
45.680000000,0.025949814,0.026232617,1.014506508
45.685000000,0.002327901,-0.001027235,0.998495333
45.690000000,-0.018518494,0.041764647,0.995086032
45.695000000,-0.017993535,-0.013083444,1.005965425
45.700000000,0.025136955,-0.036921401,1.001947433
45.705000000,0.050590345,0.095747985,1.000707966
45.710000000,0.001370190,0.018290398,1.014057420
45.715000000,0.018707716,-0.066410816,1.008901771
45.720000000,0.027127915,-0.030234317,1.007263591
45.725000000,-0.042859592,-0.066207225,1.015412459
45.730000000,0.010140931,0.036127164,0.998034286
45.735000000,-0.001262678,0.064124496,1.005550370
45.740000000,0.012417867,-0.019225462,1.004006468
45.745000000,-0.004853362,-0.026561529,0.999823353
45.750000000,-0.026604631,-0.046330899,1.016031629
45.755000000,0.098224751,-0.043033356,1.000852717
45.760000000,-0.018796391,-0.001780213,0.998134853
45.765000000,-0.025790586,-0.000547796,1.003164470
45.770000000,0.054382724,-0.019537905,1.014580352
45.775000000,-0.056647973,-0.022967355,1.005975124
45.780000000,0.041026634,-0.030782601,1.007586647
45.785000000,0.022526860,-0.016782600,1.017507332
45.790000000,-0.075222812,-0.035158894,1.006418522
45.795000000,0.070328859,0.039095857,1.006798175
45.800000000,0.010334588,-0.018749924,0.998748073
45.805000000,-0.065520183,-0.064215964,1.011544785
45.810000000,0.011576016,0.033341060,1.009046573
45.815000000,-0.009680335,-0.066483101,1.005489110
45.820000000,0.014361897,0.004699355,1.001784210
45.825000000,0.041849435,-0.011540395,1.003182320
45.830000000,-0.001581513,-0.030847023,1.015252598
45.835000000,-0.037544282,0.071042533,0.997525979
45.840000000,-0.007039540,-0.030148172,1.012456534
45.845000000,-0.016723463,-0.014124900,1.005361604
45.850000000,-0.029124381,-0.038593905,0.997757181
45.855000000,0.030502092,-0.013470911,1.005979797
45.860000000,0.051738830,0.010713543,0.995318434
45.865000000,0.008455609,-0.035672316,1.014659541
45.870000000,-0.048249366,-0.011920181,1.020934035
45.875000000,-0.006795924,-0.025651487,1.010739793
45.880000000,-0.018874656,0.037371071,0.999925553
45.885000000,-0.003626736,0.012036428,1.002691470
45.890000000,0.004669643,-0.036237483,1.007516604
45.895000000,-0.020359847,-0.029772493,1.012670951
45.900000000,0.032939954,-0.029377904,1.008666238
45.905000000,-0.027784680,-0.014312301,1.010636361
45.910000000,0.003108540,-0.001790087,1.017450744
45.915000000,0.015016282,0.069960509,1.004232575
45.920000000,-0.006839303,0.011731908,1.010655630
45.925000000,-0.008999884,-0.054758065,1.004842871
45.930000000,-0.027425058,-0.010444485,1.009741974
45.935000000,0.007323262,-0.035523646,1.001799110
45.940000000,-0.030221757,0.008307495,0.990646954
45.945000000,0.027616867,0.025914721,1.015148684
45.950000000,-0.044469584,-0.036090253,1.012171826
45.955000000,0.009335277,-0.019212394,1.010466135
45.960000000,0.058968093,-0.051305746,1.012984310
45.965000000,-0.100702887,0.004683474,1.006928019
45.970000000,0.082808899,0.026886791,0.996891010
45.975000000,-0.013018459,-0.015156115,1.000027604
45.980000000,-0.121500233,0.024903925,1.000219069
45.985000000,0.085665940,-0.005475681,1.004682406
45.990000000,0.014298665,-0.010111147,1.018390523
45.995000000,-0.022365203,-0.020494454,1.003324974
46.000000000,0.037855944,-0.005081350,1.008606744
46.005000000,0.003465148,-0.041099562,1.007882921
46.010000000,0.029873501,-0.008118748,1.005993043
46.015000000,0.044693844,0.051941420,1.006303706
46.020000000,-0.039939865,-0.006926046,0.997634864
46.025000000,-0.016055256,0.031468439,1.016267670
46.030000000,-0.003826972,-0.069307799,0.999975576
46.035000000,-0.033529226,-0.011472713,0.996825047
46.040000000,0.019710097,0.008065130,1.011563841
46.045000000,0.007023013,-0.086304815,0.993566380
46.050000000,0.007160609,0.030244651,1.006168828
46.055000000,0.039336809,-0.011264701,1.020929833
46.060000000,-0.015825996,-0.012250836,1.005198934
46.065000000,-0.033079117,-0.027926281,0.996634509
46.070000000,0.048480214,-0.000387000,1.012039402
46.075000000,-0.029474583,-0.008007885,1.011189212
46.080000000,-0.002667537,-0.061481108,0.994841493
46.085000000,0.075695442,0.047434290,1.007951202
46.090000000,-0.041155106,-0.032200423,1.014447546
46.095000000,0.025533498,-0.021632715,1.011997838
46.100000000,0.008491652,0.021167120,1.010478953
46.105000000,-0.002247791,-0.024812520,0.997420693
46.110000000,0.031709724,-0.017263715,1.008984123
46.115000000,-0.059197756,-0.022122260,1.009544549
46.120000000,0.020724723,0.022492016,0.999994554
46.125000000,0.032640398,0.026338202,1.015335104
46.130000000,-0.047201868,0.013124183,1.009207316
46.135000000,-0.030653835,-0.034699521,1.001306803
46.140000000,0.078348829,-0.029201916,1.011770328
46.145000000,0.009930139,-0.035660798,0.999513799
46.150000000,-0.064851779,-0.032591115,1.007543209
46.155000000,0.028944369,0.054357703,1.019331985
46.160000000,-0.002097135,-0.010532369,1.004167901
46.165000000,-0.013924285,0.003542567,1.011474885
46.170000000,-0.038926353,0.012615991,1.002593825
46.175000000,0.009406086,-0.051548531,1.004562704
46.180000000,-0.021651195,0.020574266,1.019713238
46.185000000,-0.041338413,-0.037154894,1.005841954
46.190000000,0.095448263,-0.029165429,1.011351313
46.195000000,-0.027815436,0.022319703,1.002363313
46.200000000,-0.016699476,-0.043522014,1.012779329
46.205000000,0.080125139,-0.011478568,1.009224496
46.210000000,0.001591953,-0.043568215,1.006004696
46.215000000,-0.061409065,0.011616796,1.019757291
46.220000000,0.009224880,0.031463140,0.995214820
46.225000000,0.062964203,-0.079585635,1.004907120
46.230000000,-0.045180982,-0.014742184,0.998587455
46.235000000,-0.047834980,-0.017525176,1.002157558
46.240000000,0.003520600,-0.003422645,1.008022019
46.245000000,0.052372292,0.045460981,0.995695967
46.250000000,-0.006255677,-0.042508646,1.015135858
46.255000000,0.012776759,-0.056057930,1.002493062
46.260000000,0.008305896,0.009371493,1.002850579
46.265000000,-0.084847157,0.000707995,0.999677497
46.270000000,0.027924500,0.000490409,0.997013229
46.275000000,-0.030889018,0.030747811,1.016390912
46.280000000,-0.000979286,-0.011537957,1.014323661
46.285000000,0.009824634,-0.028830517,1.003698020
46.290000000,-0.029559935,-0.012188946,1.004722302
46.295000000,0.023115885,0.030409848,1.014251099
46.300000000,-0.051977580,0.000867544,1.000903331
46.305000000,0.068142402,-0.026971627,1.014372517
46.310000000,-0.012638194,-0.021981737,1.010700002
46.315000000,-0.024147530,-0.032585247,0.996331452
46.320000000,0.041993669,0.036347808,1.006010516
46.325000000,-0.090509407,-0.047163195,1.002005205
46.330000000,0.009271909,-0.017906979,1.003747230
46.335000000,-0.012824194,0.030335455,1.003878691
46.340000000,-0.010733570,-0.032241424,1.022571746
46.345000000,0.012290672,0.000821747,1.007802638
46.350000000,-0.023569296,-0.058491820,0.998302368
46.355000000,0.073901111,0.001787697,1.016065795
46.360000000,0.007956263,0.036222060,0.998417461
46.365000000,0.000449337,-0.011848960,1.001633935
46.370000000,0.050870045,-0.064602478,1.012339761
46.375000000,-0.040366669,-0.058952524,1.011253609
46.380000000,0.035807055,0.060806592,1.012839376
46.385000000,0.054966344,0.028319095,1.006948937
46.390000000,-0.035862748,0.036838750,1.004480166
46.395000000,0.050935682,-0.033450796,1.005726853
46.400000000,-0.022751341,-0.095122513,1.004300983
46.405000000,-0.035564345,0.014405118,1.005638367
46.410000000,0.048350183,0.025093231,1.004669376
46.415000000,-0.032103970,0.026609510,1.010830159
46.420000000,-0.011064730,-0.023922010,1.009593175
46.425000000,0.014075507,-0.041542078,0.996083502
46.430000000,0.035880191,0.002283490,1.014751014
46.435000000,-0.004026216,-0.053217618,1.012661146
46.440000000,-0.043925788,0.019855286,0.995954476
46.445000000,-0.015528327,0.062196230,1.009947681
46.450000000,-0.005083122,-0.070423776,1.015676414
46.455000000,0.049313208,0.016007327,1.011201157
46.460000000,0.001894927,0.007028267,1.003651982
46.465000000,0.020593592,-0.061472367,1.008272813
46.470000000,0.032324751,0.036029366,1.001130534
46.475000000,-0.002617823,-0.011498508,1.006796355
46.480000000,0.033050414,-0.009917957,1.011208754
46.485000000,-0.036296379,-0.028938910,1.002201819
46.490000000,-0.044123503,0.028409525,1.013501902
46.495000000,-0.002304933,0.027725150,1.002456479
46.500000000,-0.012515571,-0.081467730,0.999824429
46.505000000,-0.026089917,0.053344169,1.005177457
46.510000000,-0.020752899,-0.039384904,1.009326736
46.515000000,0.020355943,-0.093150710,1.015334282
46.520000000,0.002492540,0.022628527,1.007576528
46.525000000,-0.010457219,-0.004239787,1.006909854
46.530000000,-0.057653695,-0.001546334,0.999154455
46.535000000,-0.065164276,-0.007564328,1.003807064
46.540000000,0.077636729,-0.023905371,1.007501764
46.545000000,0.020814840,-0.057121566,1.015846633
46.550000000,-0.032013046,-0.034493163,1.016677397
46.555000000,0.052040804,-0.009921817,1.001791921
46.560000000,0.004925266,-0.011712022,1.004450345
46.565000000,-0.006980662,0.033348900,1.003044747
46.570000000,-0.016314178,0.036714080,0.996450331
46.575000000,0.037581392,-0.038372030,1.001406479
46.580000000,0.002445524,-0.058134320,1.008201735
46.585000000,-0.079433781,0.030735071,1.009350505
46.590000000,0.035608213,-0.000051238,1.014459764
46.595000000,0.009415333,-0.041085021,1.008982149
46.600000000,0.007030865,-0.012751628,0.997625074
46.605000000,0.021856440,-0.003034099,1.010940759
46.610000000,-0.028305575,0.030902232,1.013735235
46.615000000,0.002557687,0.024105188,1.001305276
46.620000000,-0.001063959,-0.034122385,1.007228943
46.625000000,0.001787279,-0.035431852,1.009570036
46.630000000,-0.005845045,-0.011804860,1.004055671
46.635000000,0.027587985,-0.033875086,0.999376855
46.640000000,0.021858012,0.005408897,1.007920446
46.645000000,-0.008076481,-0.044131909,1.015171457
46.650000000,-0.001174532,-0.003181866,1.001666360
46.655000000,-0.022376056,0.062932433,1.004921659
46.660000000,0.018447703,-0.055140216,1.013827231
46.665000000,0.026731130,0.004404174,1.012973315
46.670000000,-0.001713179,-0.016886433,1.010936500
46.675000000,0.008735443,-0.040776004,1.003715734
46.680000000,-0.025406601,-0.007089921,1.002600012
46.685000000,-0.019898509,-0.056946448,1.003938375
46.690000000,-0.001511482,0.032211183,1.012412271
46.695000000,-0.038146880,0.041623428,1.006017747
46.700000000,0.029354259,0.000879341,0.997398348
46.705000000,-0.022684073,-0.010940099,1.009684114
46.710000000,-0.018740151,-0.004259461,1.009551419
46.715000000,0.048517097,-0.037251134,1.010497554
46.720000000,-0.036475873,0.001728868,1.007379956
46.725000000,0.074115187,0.040678516,1.004471581
46.730000000,0.016819731,-0.057823257,1.002158421
46.735000000,-0.037969154,0.038074480,0.999543641
46.740000000,0.035871525,0.002667945,1.002063056
46.745000000,-0.024339696,-0.038402038,1.002427781
46.750000000,0.044879178,0.006197338,1.016106616
46.755000000,-0.026888131,-0.041210031,1.009897637
46.760000000,-0.036103843,0.030306663,1.004268819
46.765000000,0.007270610,-0.027966030,1.010618678
46.770000000,-0.022205815,-0.027043934,1.004109451
46.775000000,0.019498910,0.003895471,1.016982497
46.780000000,0.004783063,-0.008954458,1.001817138
46.785000000,0.010715320,0.034070400,0.990313383
46.790000000,-0.006072108,-0.047713400,1.013850425
46.795000000,0.003299846,-0.048756138,1.001042529
46.800000000,-0.056922169,-0.012384861,1.004141439
46.805000000,-0.013744369,-0.027319436,1.020930573
46.810000000,0.052962613,0.005529930,1.012467651
46.815000000,-0.043140481,0.032949233,1.007533700
46.820000000,0.004879998,0.010034727,0.998380925
46.825000000,0.001044175,-0.011731139,1.008622776
46.830000000,-0.015970343,-0.057170407,1.016213787
46.835000000,0.032259994,-0.029029803,1.009578740
46.840000000,0.020819852,0.032158326,0.998839490
46.845000000,0.007952783,-0.009337489,1.005654728
46.850000000,0.004173593,0.011548841,1.017267966
46.855000000,-0.012687584,-0.042409845,0.995682607
46.860000000,-0.029613336,-0.031602132,1.015206133
46.865000000,0.015006733,-0.004134554,1.018362018
46.870000000,0.022603529,-0.070029792,1.002234819
46.875000000,0.003293324,0.008208437,1.013680968
46.880000000,-0.050871088,-0.028685028,1.000800392
46.885000000,0.007086775,0.001065171,1.004935764
46.890000000,0.021723828,0.015795385,1.006586228
46.895000000,-0.064925435,-0.076689893,1.003197048
46.900000000,0.067123850,0.077186042,1.008703888
46.905000000,0.026289344,0.018850319,1.009768084
46.910000000,-0.017179912,-0.075685653,1.006225633
46.915000000,0.057496787,0.033202171,0.998767012
46.920000000,-0.057215113,-0.017974384,1.006590902
46.925000000,-0.008786990,0.017271312,1.001119677
46.930000000,0.025481440,-0.014753232,1.007956171
46.935000000,-0.046970235,-0.051247724,1.005633674
46.940000000,0.016574465,0.044445578,0.999577219
46.945000000,0.018188655,-0.065564458,1.015569584
46.950000000,-0.008766117,0.017128364,1.002915238
46.955000000,0.026860742,0.062496671,1.013699494
46.960000000,0.037336069,-0.025538546,1.015334056
46.965000000,-0.013228280,0.031422064,0.993238483
46.970000000,-0.047545935,-0.041891791,1.004747423
46.975000000,0.020483704,-0.024893734,1.011374422
46.980000000,0.028286196,-0.006258480,0.994839991
46.985000000,-0.006767679,-0.023453949,0.995639399
46.990000000,0.000470775,0.007302105,1.009200622
46.995000000,-0.037859783,-0.004037017,1.008016884
47.000000000,-0.012639359,-0.028617840,1.010281299
47.005000000,0.036829421,-0.027954635,1.010087151
47.010000000,-0.000926856,0.008185143,1.007727644
47.015000000,-0.003426972,-0.047584971,1.008085492
47.020000000,0.022984804,-0.015262225,1.003129391
47.025000000,-0.015363848,-0.009983085,1.008216328
47.030000000,-0.040726040,-0.002795608,1.001726092
47.035000000,0.003564987,-0.032162693,1.019487400
47.040000000,-0.043649003,-0.041751167,1.007780075
47.045000000,-0.019140080,0.050132052,0.996994142
47.050000000,0.084717095,-0.049926515,1.031387670
47.055000000,-0.009289435,0.007693607,0.994305739
47.060000000,-0.014961933,-0.037811171,1.006696120
47.065000000,0.030480295,-0.047645692,1.022496389
47.070000000,-0.022628734,0.055244960,0.988679730
47.075000000,-0.012187878,-0.054465387,1.006545132
47.080000000,-0.030638038,0.014094487,1.008283736
47.085000000,0.045591352,0.011184671,1.019010765
47.090000000,0.030117993,-0.027930524,1.007470732
47.095000000,-0.085236645,-0.050103555,0.990719662
47.100000000,0.015659872,0.025922203,1.013919571
47.105000000,0.015774224,0.067108592,1.000592051
47.110000000,-0.027394791,-0.044271339,1.008503899
47.115000000,0.010920568,0.023551121,1.015673010
47.120000000,0.010435879,-0.015014045,1.001910538
47.125000000,0.031731658,-0.031293760,1.006663895
47.130000000,0.000450508,-0.009624145,1.011587727
47.135000000,0.024362384,0.043153050,1.011728235
47.140000000,0.006745026,-0.004851683,1.008933640
47.145000000,-0.081430570,-0.059381085,1.005308283
47.150000000,0.027989735,0.046672067,1.002811525
47.155000000,0.000231935,-0.037700011,1.012612574
47.160000000,-0.025059274,-0.001131753,1.009714251
47.165000000,0.057334672,-0.014015723,0.999224156
47.170000000,-0.011928436,-0.035067881,1.005244006
47.175000000,0.053703421,0.010560863,1.007320272
47.180000000,-0.028212061,-0.008447470,0.997956237
47.185000000,-0.077984992,0.045792411,1.004368225
47.190000000,0.062870613,-0.006686781,1.009892206
47.195000000,-0.032732869,-0.038544934,1.003505218
47.200000000,-0.018718580,-0.052518538,1.016319758
47.205000000,-0.000027046,0.044967652,1.005809295
47.210000000,-0.003958015,0.019795099,1.005148876
47.215000000,0.017091110,-0.043765705,1.008954171
47.220000000,0.031169583,0.000256632,1.002034334
47.225000000,0.091348224,-0.069206262,1.014248326
47.230000000,-0.048639612,0.013331056,0.994146713
47.235000000,0.010458098,-0.007105692,1.003514292
47.240000000,0.042428530,-0.016549874,1.019624201
47.245000000,-0.078886817,-0.007028178,1.003452097
47.250000000,-0.003838191,-0.034273818,1.003765340
47.255000000,-0.026440583,-0.011187892,0.993397150
47.260000000,0.008715381,-0.061101369,1.007358333
47.265000000,0.021242712,0.029053736,1.017019467
47.270000000,-0.010219076,0.014027953,1.009045946
47.275000000,0.032611519,0.005845127,1.024257160
47.280000000,-0.004420669,-0.026448531,1.012319711
47.285000000,0.010966628,-0.058307044,0.993650730
47.290000000,-0.029380808,-0.019939570,1.009181694
47.295000000,-0.057768669,-0.040609862,1.004570911
47.300000000,-0.045841610,0.049084229,1.000503416
47.305000000,-0.021051285,-0.044126067,1.010071077
47.310000000,0.037681529,-0.037236694,1.002154829
47.315000000,0.027105176,0.007234872,1.007495745
47.320000000,0.092442469,-0.058703462,1.017966425
47.325000000,0.018427935,0.009164179,1.019774034
47.330000000,-0.038529899,-0.018922940,1.008856196
47.335000000,0.009946657,0.023904910,1.000016207
47.340000000,-0.060125233,0.014695809,0.993666952
47.345000000,0.008557846,0.003638017,0.998876075
47.350000000,-0.029517270,0.000726318,1.009478998
47.355000000,-0.002035559,-0.052270592,1.011577942
47.360000000,0.075129203,0.055071081,1.012401850
47.365000000,-0.039963224,-0.008159496,1.007525143
47.370000000,0.018078473,-0.042163649,1.003934694
47.375000000,0.019838585,0.036935729,1.003077075
47.380000000,-0.000859971,-0.042036520,1.012425897
47.385000000,0.003059664,-0.008414582,1.010762772
47.390000000,-0.016441576,0.021907065,0.994978034
47.395000000,-0.015735486,-0.008585710,1.009788332
47.400000000,-0.008299245,0.016037654,1.007108736
47.405000000,0.017608055,-0.058691844,1.003063599
47.410000000,-0.073492944,-0.039881204,1.009207659
47.415000000,0.041883044,0.005353621,1.006469257
47.420000000,0.070778488,-0.006245325,1.000472650
47.425000000,0.002605476,0.009809673,1.005513883
47.430000000,0.055326797,-0.031350189,1.018014434
47.435000000,-0.037353068,-0.008626922,0.995437400
47.440000000,-0.005454169,-0.019849349,1.009865630
47.445000000,-0.021730461,0.003824296,1.016038653
47.450000000,-0.071338303,0.010767944,0.989998926
47.455000000,-0.031867359,-0.032550269,1.008876411
47.460000000,-0.002823417,0.023140737,1.013995191
47.465000000,0.025742971,-0.002529146,1.013930765
47.470000000,-0.015163757,-0.014241553,1.010229343
47.475000000,-0.009287269,-0.029333434,0.995815659
47.480000000,-0.002941179,0.018885646,1.007649251
47.485000000,0.040440917,0.007172221,1.010258739
47.490000000,0.001622824,-0.029167306,1.004685231
47.495000000,-0.027991262,0.048969002,1.011812814
47.500000000,0.038542603,-0.055731797,1.012398858
47.505000000,0.005171843,-0.012570935,1.007170677
47.510000000,-0.001598199,0.001707072,1.002533219
47.515000000,-0.018932770,-0.051133809,1.000578601
47.520000000,-0.000472230,-0.015139655,1.013195139
47.525000000,0.026673055,-0.060435109,1.020745827
47.530000000,-0.009067589,0.039729755,1.003415268
47.535000000,-0.032562164,0.001447859,0.998145044
47.540000000,0.007328191,-0.028531318,1.004232965
47.545000000,0.034554856,0.030817225,1.001015640
47.550000000,-0.026379979,-0.022787910,1.008774014
47.555000000,0.018817060,0.026375258,1.014238993
47.560000000,0.027232913,0.014335457,1.008204136
47.565000000,-0.000631210,-0.021700817,1.000420232
47.570000000,0.058803402,-0.012002906,1.001603708
47.575000000,0.008384303,-0.043322974,1.011289010
47.580000000,-0.029924132,0.014378237,1.003065503
47.585000000,0.019691352,-0.003349393,1.002192351
47.590000000,-0.003118258,-0.060362733,1.014181811
47.595000000,-0.031346417,0.006424341,1.013984439
47.600000000,-0.015090570,-0.054612746,0.993858650
47.605000000,-0.048909800,0.011158566,0.994120767
47.610000000,-0.020940729,0.050737889,1.018943315
47.615000000,0.055663050,-0.075442953,1.006269774
47.620000000,0.012102622,-0.009001650,1.006011513
47.625000000,0.003157323,-0.016426141,1.021851062
47.630000000,0.018318197,0.009181123,1.007214548
47.635000000,-0.025435423,-0.037873283,0.998908415
47.640000000,0.021053390,-0.046040891,1.004864886
47.645000000,0.001491435,0.030123983,1.011771818
47.650000000,-0.055187310,-0.072694820,1.001568457
47.655000000,-0.009709798,0.013053825,1.006447718
47.660000000,0.005550517,0.026201257,1.015641472
47.665000000,0.047993177,-0.028338654,0.998834754
47.670000000,0.005762625,-0.059061594,0.999074370
47.675000000,-0.029127877,-0.036522211,1.002631816
47.680000000,-0.002705396,0.013294977,1.009652171
47.685000000,-0.045502779,-0.047198630,1.009514857
47.690000000,-0.016447445,0.009119538,1.000320975
47.695000000,-0.001323901,-0.040734621,1.005497431
47.700000000,0.025591915,0.000350664,1.008728486
47.705000000,0.014909463,0.010419492,1.008951595
47.710000000,-0.014872987,-0.030409829,1.006542895
47.715000000,0.041470678,0.068929979,1.003432903
47.720000000,-0.013104210,0.013936211,1.001385697
47.725000000,-0.037203566,0.010295599,1.005630034
47.730000000,0.016790764,0.001615904,1.005869516
47.735000000,0.005776832,-0.000429925,1.006536307
47.740000000,0.029314606,0.007425747,1.015080555
47.745000000,0.015513315,0.012571926,1.005327620
47.750000000,-0.024486893,0.013344166,1.008636196
47.755000000,0.032787647,-0.023329481,1.015887743
47.760000000,0.005364602,0.015028657,0.999804329
47.765000000,-0.027397699,-0.016322576,1.003217141
47.770000000,0.001971758,-0.005369003,1.007568042
47.775000000,-0.022072315,-0.011284646,1.006819220
47.780000000,0.036274043,-0.014661895,1.005193107
47.785000000,0.035695899,-0.028597596,1.008259102
47.790000000,-0.034744428,-0.041472629,1.017546400
47.795000000,0.004071224,0.043617286,1.010287761
47.800000000,0.004523553,-0.001263842,1.006124059
47.805000000,-0.041841518,-0.033124691,1.001212779
47.810000000,0.001465887,-0.027104883,1.013813213
47.815000000,0.059751038,0.001569966,1.011131221
47.820000000,0.023662930,0.031883047,0.996871205
47.825000000,-0.009973123,0.016405581,1.019204708
47.830000000,0.007494961,-0.002713609,1.010964912
47.835000000,-0.020973763,-0.014352689,1.003849129
47.840000000,-0.052214216,-0.052032951,1.012787016
47.845000000,0.021514236,-0.113384540,1.002185976
47.850000000,0.001186541,-0.016490601,1.002556241
47.855000000,-0.021617214,-0.002626906,1.003623892
47.860000000,0.017124164,0.032501268,1.015191609
47.865000000,-0.026748345,0.008127086,1.000880422
47.870000000,0.003419065,-0.086665223,0.983861838
47.875000000,-0.028236151,0.019770975,1.011207251
47.880000000,-0.020491819,-0.014565392,1.014769646
47.885000000,0.039798345,0.003299380,1.002688887
47.890000000,-0.022999985,-0.037064709,1.012946129
47.895000000,-0.003838241,-0.047117217,1.010261733
47.900000000,-0.029873406,0.049912383,1.001218451
47.905000000,-0.016139205,-0.060752108,1.008489190
47.910000000,0.040116134,-0.020229779,1.006549720
47.915000000,-0.018827266,-0.012430505,0.993640985
47.920000000,0.018990932,-0.010011367,1.005600195
47.925000000,0.019548126,0.007585693,1.013575737
47.930000000,-0.006429014,-0.033255181,1.005486614
47.935000000,0.045310574,0.015163724,1.017882896
47.940000000,-0.017496008,-0.036749063,1.001952660
47.945000000,-0.022477104,-0.007218497,1.001223113
47.950000000,0.001811593,0.034825788,1.015517484
47.955000000,-0.032268960,-0.023686086,0.995905086
47.960000000,0.007696327,-0.061618728,1.010450682
47.965000000,0.023283398,0.024485275,1.006586997
47.970000000,0.053835937,0.066772469,1.004016842
47.975000000,-0.000913355,-0.057526774,1.021852971
47.980000000,0.002301391,-0.017682233,0.996402516
47.985000000,0.036444146,-0.006116657,0.999305830
47.990000000,-0.008689556,-0.002809861,1.013435305
47.995000000,0.012502707,0.081737835,1.005747010
48.000000000,-0.046145627,0.024332427,1.010774989
48.005000000,0.030540215,-0.040046016,1.023779953
48.010000000,-0.006087795,-0.013444429,1.002635129
48.015000000,-0.053207464,0.023139895,0.989011609
48.020000000,0.039242732,-0.013238008,1.016743413
48.025000000,-0.029557886,-0.033196009,1.004597198
48.030000000,0.022191014,0.002202017,1.002464402
48.035000000,0.015228978,-0.000782278,1.014768098
48.040000000,0.000241239,-0.022164154,0.999504529
48.045000000,-0.017640504,-0.018765199,1.014050197
48.050000000,-0.006942613,-0.040625717,1.013748626
48.055000000,0.047273916,-0.010829917,0.993977824
48.060000000,-0.046167208,0.030820059,1.012215991
48.065000000,0.034204826,-0.024886993,1.007647694
48.070000000,0.007695875,-0.044373176,0.997475065
48.075000000,-0.024128570,-0.052572988,1.008040128
48.080000000,0.071306096,-0.029791148,1.003958619
48.085000000,-0.016698166,-0.009442023,1.012229560
48.090000000,-0.043014682,0.018722339,1.011622775
48.095000000,0.011249464,0.019456269,1.007956587
48.100000000,0.004329249,-0.037668307,1.009569114
48.105000000,-0.048051096,-0.042339954,1.002357103
48.110000000,-0.057472484,-0.033147239,1.003319475
48.115000000,0.008870075,0.053022145,1.002093031
48.120000000,0.028746204,-0.000015046,1.005175403
48.125000000,-0.046013132,-0.020188258,1.002949762
48.130000000,-0.018678624,-0.014389669,1.008814327
48.135000000,0.039368858,-0.053995579,1.004665640
48.140000000,0.008609763,0.029326227,1.004710178
48.145000000,0.022240123,-0.022789226,1.019420522
48.150000000,0.001264061,0.041359563,1.003436418
48.155000000,-0.039513600,-0.007179350,1.006726243
48.160000000,-0.000411241,-0.021438097,1.012618582
48.165000000,0.035488610,0.031167480,1.000032369
48.170000000,-0.017135356,-0.083654550,1.006504763
48.175000000,-0.004627258,0.004472432,1.014472480
48.180000000,0.019932241,-0.045284319,1.001048185
48.185000000,-0.021124386,0.009967229,1.007225194
48.190000000,0.002000832,0.010185922,1.008090323
48.195000000,0.033064744,-0.048608134,0.999446104
48.200000000,-0.020322389,0.047564339,1.015978887
48.205000000,0.009111462,-0.027923277,1.003938656
48.210000000,0.094547858,0.012918302,1.003710794
48.215000000,-0.059851913,-0.016576934,1.016243059
48.220000000,-0.010605598,0.006759955,1.007064688
48.225000000,0.063153418,0.012813928,1.001343333
48.230000000,-0.054158457,-0.012405082,0.998077470
48.235000000,-0.013479575,0.001509799,1.010081491
48.240000000,-0.028570851,-0.085854664,1.014165100
48.245000000,0.037704078,-0.004661618,1.011176886
48.250000000,-0.014262256,-0.009552191,1.005631790
48.255000000,-0.013288312,0.023945846,1.002567973
48.260000000,0.048809058,0.007095238,1.004476840
48.265000000,-0.050295938,-0.028189771,1.003141212
48.270000000,0.027594129,0.041766826,1.007416156
48.275000000,0.014394611,-0.033441403,1.015427261
48.280000000,-0.024921920,-0.021172207,1.011717771
48.285000000,-0.017620028,-0.019440233,1.006914095
48.290000000,-0.003003988,-0.032393905,1.003231162
48.295000000,-0.004907456,-0.016728164,0.997080843
48.300000000,-0.001672877,-0.016974672,1.016068399
48.305000000,-0.027501646,-0.019145624,1.004797474
48.310000000,-0.027938452,-0.037450833,1.001829350
48.315000000,0.064384938,-0.024664621,1.017757421
48.320000000,-0.051840011,0.032771361,0.996101106
48.325000000,0.018865490,0.010911954,1.011835733
48.330000000,0.014625143,-0.027559210,0.999801274
48.335000000,-0.008727821,0.025566093,1.003282477
48.340000000,0.068854165,-0.061843311,1.015064169
48.345000000,-0.049880214,0.005683190,0.995101909
48.350000000,0.049524104,-0.023849744,1.023615531
48.355000000,0.015108407,-0.070589985,1.003844639
48.360000000,-0.007459023,0.105343511,0.995388329
48.365000000,-0.002368365,-0.012029750,1.017292805
48.370000000,-0.024761755,0.004951709,0.999058699
48.375000000,0.052672422,-0.019616635,0.999461367
48.380000000,-0.007169750,-0.043576516,1.013094518
48.385000000,0.004474473,0.056531074,1.013269527
48.390000000,-0.032043232,-0.045560921,1.001400565
48.395000000,0.003403585,0.006237746,1.009650068
48.400000000,-0.037299354,0.004838305,1.006365881
48.405000000,-0.039023869,-0.021025092,0.996526201
48.410000000,0.074083365,-0.008134638,1.004576879
48.415000000,-0.035475203,-0.053651712,1.002255055
48.420000000,-0.008642441,-0.024281778,1.011383289
48.425000000,0.012797250,0.002076327,1.022206552
48.430000000,-0.021187244,-0.012535099,0.997399068
48.435000000,0.000743698,-0.049239906,1.000992211
48.440000000,0.003922323,0.030694453,1.010522530
48.445000000,-0.020201677,0.010999565,0.996958763
48.450000000,-0.016789828,-0.062407506,1.022974953
48.455000000,0.045342927,-0.010340207,1.001137174
48.460000000,0.031889108,-0.009283934,1.000731848
48.465000000,0.011386906,0.032773618,1.024124679
48.470000000,-0.020262027,-0.002803444,1.001258475
48.475000000,0.006073929,-0.022279700,1.005092417
48.480000000,-0.021012716,0.048666973,1.007716852
48.485000000,-0.045806641,-0.036698586,1.010779608
48.490000000,0.034499692,-0.045326954,0.992885555
48.495000000,-0.002317992,-0.024730122,1.003734617
48.500000000,0.007561896,0.001979044,1.018594781
48.505000000,0.048452318,0.048751436,1.002518598
48.510000000,0.043917897,-0.033182003,1.020270408
48.515000000,0.032314789,0.010482155,0.999787680
48.520000000,-0.023721844,-0.005825875,1.007442739
48.525000000,-0.024470145,-0.030328225,1.016227448
48.530000000,-0.008613194,0.014522609,0.998821440
48.535000000,-0.016952506,-0.037443970,1.013720230
48.540000000,0.012294361,0.016398285,1.006828092
48.545000000,0.008862367,-0.035177858,1.010823418
48.550000000,-0.015701748,-0.036928790,1.009388850
48.555000000,-0.022756551,0.040871900,1.002266525
48.560000000,-0.006397069,-0.015195255,1.006808591
48.565000000,0.013779754,0.002102803,1.005449926
48.570000000,-0.010710818,0.005390951,1.011231191
48.575000000,0.000954477,-0.035143294,1.006120578
48.580000000,-0.045340941,-0.071192923,1.004130110
48.585000000,-0.020190555,-0.017930773,1.015234858
48.590000000,0.023118896,0.026050767,1.012297295
48.595000000,-0.056809920,-0.031681806,1.000517591
48.600000000,0.013620367,0.008740580,1.004821260
48.605000000,0.039757310,0.016173702,0.998349671
48.610000000,0.009250947,-0.013852213,1.003456995
48.615000000,-0.014563313,-0.017544441,1.006390105
48.620000000,-0.008501202,-0.060394394,1.001159555
48.625000000,0.002865243,0.017425382,1.014333901
48.630000000,-0.035832943,0.002208796,1.020302551
48.635000000,0.049232672,-0.076341645,1.002119685
48.640000000,-0.054634047,0.025195347,0.985875153
48.645000000,-0.062084004,0.010489937,1.003751965
48.650000000,0.087788347,-0.008112228,1.016633970
48.655000000,-0.000338340,0.032026148,1.011655339
48.660000000,0.006874522,-0.027542464,0.998252485
48.665000000,0.010674900,-0.061147301,0.993553957
48.670000000,0.021451498,-0.026227977,1.005714347
48.675000000,0.035138245,0.004718861,1.005733366
48.680000000,-0.072712346,-0.001291380,1.007110603
48.685000000,0.010483468,0.024066367,1.005873501
48.690000000,0.038568257,0.003566147,1.011102431
48.695000000,-0.035207775,0.005634945,1.004208699
48.700000000,0.036140298,0.014530428,1.015260466
48.705000000,0.021732126,-0.010756053,1.019579176
48.710000000,-0.040239907,-0.008609186,0.994253316
48.715000000,0.007335863,-0.033316201,0.995816232
48.720000000,0.030945191,-0.064691080,1.000362062
48.725000000,-0.016532646,-0.022257200,1.014409823
48.730000000,0.019324891,0.083731770,1.015472958
48.735000000,0.062391324,-0.019720356,1.005063661
48.740000000,-0.023785109,-0.003121709,1.004529422
48.745000000,-0.032944668,0.023173187,1.010334108
48.750000000,0.048123830,-0.088370680,1.008679397
48.755000000,0.000786458,0.033888673,1.007898656
48.760000000,-0.053393824,-0.023108737,1.016993017
48.765000000,0.035219813,-0.054676462,0.996295054
48.770000000,0.033617357,0.002994016,1.013451838
48.775000000,-0.012401464,-0.007854831,1.006068708
48.780000000,-0.003233090,-0.012738909,0.994630638
48.785000000,-0.029218326,-0.044177292,1.025726826
48.790000000,0.004374940,0.011339709,1.006722096
48.795000000,-0.012234035,-0.011327617,1.000655916
48.800000000,0.027922988,0.005119211,1.011986176
48.805000000,0.027935673,-0.032015187,1.016676393
48.810000000,-0.011947916,0.009865919,1.001153949
48.815000000,0.043677866,0.025535755,1.001095629
48.820000000,-0.049278904,-0.077038916,1.011241510
48.825000000,0.001839044,0.046215179,1.004219513
48.830000000,-0.021565556,-0.009491253,1.008921534
48.835000000,-0.043869154,-0.046815654,1.001890641
48.840000000,0.091972990,0.006050248,1.013739113
48.845000000,-0.061385868,-0.015292326,1.003992372
48.850000000,0.017965233,0.047411585,1.002694746
48.855000000,0.022381606,0.000568726,1.009760371
48.860000000,-0.116245246,-0.043923270,0.994645693
48.865000000,0.047286840,-0.014580948,1.016436346
48.870000000,-0.036472489,-0.022724838,1.000640030
48.875000000,-0.012291311,0.015188529,1.010783785
48.880000000,0.080571779,0.024202528,1.012917952
48.885000000,-0.086843459,-0.067625647,0.995565238
48.890000000,0.023797098,-0.038965583,1.007499393
48.895000000,0.044007187,0.023040251,0.996214334
48.900000000,-0.083005318,-0.023325131,1.019560947
48.905000000,0.016012849,-0.017074372,1.024766531
48.910000000,-0.001108752,0.054768181,0.999947941
48.915000000,-0.038818474,-0.023558130,0.994968188
48.920000000,0.018040003,-0.082851931,1.006020020
48.925000000,0.035541453,0.052852342,1.012459559
48.930000000,-0.016836266,0.009605980,1.005865337
48.935000000,-0.036479189,-0.053637056,1.004574522
48.940000000,0.040931411,-0.015255180,1.000254811
48.945000000,-0.009277704,-0.007773848,1.008920133
48.950000000,-0.037593116,0.021294532,1.019165075
48.955000000,0.001003887,0.015705705,1.005967850
48.960000000,0.029489727,-0.015111383,0.998714801
48.965000000,-0.003321203,-0.035470789,1.003566508
48.970000000,-0.045870900,-0.022203383,0.999771187
48.975000000,0.013900692,-0.030680905,1.013370489
48.980000000,-0.018456522,0.028437934,1.009858255
48.985000000,0.061245784,0.003037273,0.999505343
48.990000000,0.084634900,-0.007625392,1.003480378
48.995000000,-0.061993193,-0.003503842,0.992366040
49.000000000,-0.037073282,-0.052091025,1.015568403
49.005000000,0.045740613,0.001095299,1.015552338
49.010000000,0.007456331,-0.058510028,1.002986388
49.015000000,-0.056759928,-0.008745996,1.017851592
49.020000000,0.062495209,-0.006310260,1.012036374
49.025000000,0.030103955,-0.000113465,1.006635565
49.030000000,-0.028442023,0.028407932,0.993408668
49.035000000,0.089980878,-0.025430244,1.004836941
49.040000000,0.013940422,0.031809571,1.011556518
49.045000000,-0.045713841,-0.090064371,0.994580605
49.050000000,0.004655337,-0.016357342,1.013981430
49.055000000,0.055123567,0.043730028,1.013562293
49.060000000,-0.020776629,-0.019695157,1.008951636
49.065000000,-0.060507431,0.032635816,1.017554992
49.070000000,0.037270804,-0.027039676,1.002326905
49.075000000,-0.028181030,-0.017068278,0.999361842
49.080000000,0.006983250,-0.002021168,1.001838281
49.085000000,0.067937819,0.025686066,1.010463262
49.090000000,-0.021824614,-0.037516361,1.017391340
49.095000000,0.005164688,-0.058426626,1.006670881
49.100000000,0.041364945,0.030009935,1.004016866
49.105000000,-0.007801501,0.011732035,1.003562649
49.110000000,-0.005944932,-0.031197784,1.005373638
49.115000000,-0.006352351,-0.009849132,1.003740749
49.120000000,-0.074875487,-0.013931430,1.000315495
49.125000000,-0.029197245,-0.046735455,1.010821775
49.130000000,0.030909473,0.013072560,1.013214826
49.135000000,-0.012285864,-0.060463496,1.010642825
49.140000000,0.011267157,0.014735496,1.006260348
49.145000000,-0.003464591,0.061770470,1.009743523
49.150000000,-0.011268721,-0.018779396,1.013033336
49.155000000,0.013556082,0.010321889,1.005335581
49.160000000,-0.038367809,-0.036820885,1.002613401
49.165000000,0.003359423,0.045402136,1.008751262
49.170000000,0.009305777,-0.037573461,1.003400044
49.175000000,-0.012254212,-0.039773994,0.998304750
49.180000000,-0.013950847,0.010549883,1.011887133
49.185000000,-0.038536580,-0.058243312,1.005193335
49.190000000,0.072045935,0.045111756,1.008696028
49.195000000,-0.001823036,-0.025723818,1.006036313
49.200000000,-0.050205895,-0.041756698,0.998881869
49.205000000,0.073007047,-0.025350479,1.014368278
49.210000000,-0.036372148,-0.012074939,1.003929029
49.215000000,-0.065120917,0.019396000,1.013133897
49.220000000,-0.002185233,-0.041736449,1.005664518
49.225000000,-0.011937753,-0.015583777,0.999717693
49.230000000,-0.008565701,-0.018430613,1.017256002
49.235000000,0.011707915,-0.031905336,1.007173070
49.240000000,0.030243027,0.002050257,1.007204654
49.245000000,0.000801201,0.048062513,0.995516345
49.250000000,-0.026152505,0.013567490,1.007962563
49.255000000,-0.016012486,-0.018073602,1.003710355
49.260000000,0.042682210,-0.002970934,0.996057396
49.265000000,-0.019386178,-0.023459313,1.018604869
49.270000000,0.002042789,-0.006697884,1.002346109
49.275000000,0.032340564,0.027498722,1.005612319
49.280000000,-0.062342530,-0.024200276,1.006417959
49.285000000,0.073097576,-0.064554981,1.013637012
49.290000000,0.040877121,0.023377545,1.015489146
49.295000000,-0.053510026,0.026818493,0.998780859
49.300000000,0.003460575,-0.026443731,1.010571959
49.305000000,-0.001614769,-0.018934315,0.997258944
49.310000000,0.031161832,-0.001108236,1.007531649
49.315000000,-0.033287456,-0.032994975,1.019104351
49.320000000,0.017760700,-0.029842746,0.996645484
49.325000000,0.027223693,-0.001673955,1.010732417
49.330000000,-0.040654093,-0.018544910,1.012658976
49.335000000,0.039350503,0.015198239,0.997075102
49.340000000,-0.004397532,-0.026687026,1.017962599
49.345000000,0.010074404,0.002146595,1.004683260
49.350000000,0.024083444,-0.007902569,1.002432049
49.355000000,-0.006249607,-0.059546021,1.020202952
49.360000000,0.008947105,0.033261473,1.000356835
49.365000000,-0.027599753,-0.004654230,1.010206404
49.370000000,0.008463395,-0.014786222,1.009649432
49.375000000,-0.007563394,0.010286039,0.993303363
49.380000000,-0.028316126,-0.021410210,1.003940423
49.385000000,0.022410045,-0.018200197,1.004897104
49.390000000,0.012662195,0.017193615,1.009769044
49.395000000,0.004008907,0.001501559,0.999772858
49.400000000,0.042026943,-0.037380953,1.001323218
49.405000000,-0.006464579,0.004701240,1.014433093
49.410000000,-0.017168268,-0.022278941,1.005889732
49.415000000,0.055562960,-0.051531989,1.017705228
49.420000000,-0.030973935,-0.012663917,1.007850635
49.425000000,-0.029126392,0.005953098,0.995112265
49.430000000,0.028110899,0.014054135,1.006504397
49.435000000,-0.012754704,0.002810670,1.006257032
49.440000000,0.036285106,-0.054644195,1.010300899
49.445000000,0.024943726,-0.028941116,1.005722489
49.450000000,0.008425305,0.004457291,1.005683407
49.455000000,-0.007242183,0.002002830,1.009009875
49.460000000,-0.051174324,0.026851738,1.007595959
49.465000000,-0.030674914,-0.016192718,1.015880954
49.470000000,-0.042140352,0.002269301,0.999724882
49.475000000,0.003042610,-0.047825896,1.009849763
49.480000000,0.034271724,-0.024757927,1.022142933
49.485000000,-0.026253545,0.000168670,1.001269524
49.490000000,-0.028541142,-0.022280713,0.996913353
49.495000000,0.001057693,0.106312880,1.008946767
49.500000000,0.008454652,-0.044641617,1.011428719
49.505000000,-0.032592954,-0.074146944,0.995497182
49.510000000,-0.010635179,0.018582151,1.010473977
49.515000000,0.023329792,-0.044939864,1.005737723
49.520000000,-0.042507698,0.011392636,0.999579426
49.525000000,0.031633505,-0.008547772,1.017800247
49.530000000,0.037055442,-0.024361487,0.998573093
49.535000000,-0.042606104,0.006384153,1.006483277
49.540000000,0.010264623,0.029614459,1.008656871
49.545000000,-0.009977309,0.029044124,1.001059210
49.550000000,0.009600217,-0.010321891,1.013588932
49.555000000,0.013427443,-0.022114186,1.007618547
49.560000000,0.046448799,-0.005938366,1.010932366
49.565000000,0.062749085,-0.023633531,1.012339832
49.570000000,-0.069464294,-0.036744807,0.997267974
49.575000000,-0.023220005,-0.009776753,0.999221942
49.580000000,-0.002109484,-0.042379372,1.008816211
49.585000000,-0.028512772,0.011322751,1.006202239
49.590000000,-0.045251548,0.013961669,1.010601234
49.595000000,-0.012964246,-0.049058212,1.008698499
49.600000000,0.048359150,-0.022150609,1.006127957
49.605000000,-0.039630178,-0.012286788,1.018353992
49.610000000,0.073924150,0.003376950,1.006153110
49.615000000,0.037289938,-0.017292382,0.995544470
49.620000000,-0.061849028,-0.051501055,1.003746572
49.625000000,0.098968010,-0.002669552,1.010130355
49.630000000,-0.018386450,0.039289355,1.002155774
49.635000000,-0.075408035,-0.018889319,1.009802306
49.640000000,0.047543721,-0.001782034,1.012273640
49.645000000,0.000996867,-0.015775541,1.010670555
49.650000000,-0.034557170,-0.068409572,1.014998825
49.655000000,-0.000888851,0.004710385,0.991955204
49.660000000,0.041128630,0.013937179,1.002220702
49.665000000,0.017342804,-0.012226488,1.011692026
49.670000000,-0.029233908,-0.030095821,0.988699711
49.675000000,0.020810036,0.031650303,1.009884304
49.680000000,0.055563907,0.036948360,1.019931627
49.685000000,-0.002934084,-0.032531747,1.007522738
49.690000000,-0.044802905,0.014507100,1.004540387
49.695000000,0.016813866,-0.024478076,1.003814864
49.700000000,0.041765997,-0.013736647,1.004459904
49.705000000,-0.011914948,0.036562718,1.007763715
49.710000000,0.020243180,-0.043364665,1.004733681
49.715000000,-0.015273860,-0.033810133,1.002461074
49.720000000,-0.053732903,0.012257926,1.008235887
49.725000000,0.020422834,0.025449657,1.011107778
49.730000000,-0.016089954,-0.017796029,1.009166651
49.735000000,-0.024173792,-0.092786496,1.014939114
49.740000000,0.049723625,-0.011360262,1.015260505
49.745000000,0.036952895,-0.001470278,0.995842671
49.750000000,-0.033319695,-0.011033088,0.998688297
49.755000000,0.000043829,0.026722597,1.014138203
49.760000000,0.006020105,-0.057341409,1.009175570
49.765000000,-0.048093410,-0.012611932,1.003613043
49.770000000,0.045779929,0.019503294,1.010219907
49.775000000,-0.006349131,-0.002875757,1.016115234
49.780000000,-0.106397925,-0.017887271,1.004297835
49.785000000,-0.041873169,-0.022121030,1.001820060
49.790000000,-0.005285459,0.042650036,1.015924544
49.795000000,0.012624688,-0.019308777,1.007590281
49.800000000,0.031890898,-0.052465741,1.001724090
49.805000000,0.078842321,-0.036849055,1.010729489
49.810000000,-0.021368362,0.001271299,1.001135885
49.815000000,-0.071094561,0.029596647,1.002712245
49.820000000,0.037037779,0.005794177,1.013023814
49.825000000,-0.026582354,0.011958878,1.002955499
49.830000000,-0.000800181,-0.016810537,0.995647599
49.835000000,0.052477040,-0.024508036,1.005499609
49.840000000,-0.013129177,-0.028244660,1.013594411
49.845000000,0.015129041,-0.012876094,1.010008972
49.850000000,0.027219185,-0.014872423,1.012290590
49.855000000,0.025645083,0.011602983,1.000608201
49.860000000,0.003991642,-0.001908791,1.002926874
49.865000000,-0.027981977,-0.008659833,1.009118116
49.870000000,-0.032021001,0.016450037,0.998049782
49.875000000,-0.033311683,-0.045702110,1.003825546
49.880000000,0.014137274,0.025206065,1.008029781
49.885000000,0.026679079,-0.004758213,1.017736577
49.890000000,0.035565113,-0.045164353,1.013052631
49.895000000,0.029554888,0.014955545,1.004185311
49.900000000,0.008763643,-0.062498805,1.004125180
49.905000000,-0.016396162,-0.040108645,1.011468777
49.910000000,-0.055741185,0.043400627,1.011170120
49.915000000,0.029369289,0.002694684,0.997911461
49.920000000,-0.014575922,0.004037600,1.009660126
49.925000000,-0.068380407,-0.009887069,1.004879491
49.930000000,0.075605159,-0.074539773,1.002274944
49.935000000,0.025797888,-0.017481773,1.007725647
49.940000000,-0.028150299,-0.031661375,1.005980793
49.945000000,0.039590945,0.021196474,1.012916983
49.950000000,-0.001476748,0.012246699,1.004761460
49.955000000,-0.041703283,-0.047642745,1.004712225
49.960000000,-0.042315592,0.037349527,1.006854229
49.965000000,0.015595675,-0.051509006,1.008363531
49.970000000,0.017890407,0.022966831,1.008565518
49.975000000,-0.017314873,0.006574756,1.010333697
49.980000000,0.072991477,-0.025305916,1.006310292
49.985000000,0.009521305,0.023952100,0.998925059
49.990000000,-0.084371388,-0.080316513,1.006075157
49.995000000,0.012388635,0.015769901,1.001478803
50.000000000,-0.001711465,-0.007451051,1.009388540
50.005000000,-0.072130465,0.000730487,1.013884014
50.010000000,-0.005271577,-0.006323407,1.000877968
50.015000000,0.079993008,-0.024501281,1.009684333
50.020000000,-0.011806652,0.036723546,1.016298621
50.025000000,-0.037790489,-0.036785956,0.999062298
50.030000000,0.066664685,0.004244217,1.002570717
50.035000000,-0.015373390,-0.019114233,1.002338186
50.040000000,-0.012382108,-0.005900125,1.001801409
50.045000000,0.027229788,0.008400678,1.019653764
50.050000000,-0.048849961,-0.006371039,1.008097991
50.055000000,0.009833320,-0.039421265,1.013837680
50.060000000,0.026344202,-0.044674959,0.997674822
50.065000000,-0.007618851,0.035287980,0.998837032
50.070000000,0.022093061,-0.040616676,1.023715476
50.075000000,-0.004168122,0.020844161,0.995476683
50.080000000,0.019301826,-0.003984701,1.008512453
50.085000000,0.020877124,-0.036289149,1.005642927
50.090000000,-0.062891661,0.035181671,0.994504646
50.095000000,-0.000280516,-0.033441845,1.011141374
50.100000000,0.038373541,0.012933936,1.011590303
50.105000000,-0.028063379,-0.003382711,1.007441552
50.110000000,-0.027141931,-0.041460013,1.003237255
50.115000000,0.004679694,-0.012953777,1.013180020
50.120000000,0.015649117,-0.064593949,1.009700745
50.125000000,-0.010216823,-0.003601904,1.012077831
50.130000000,0.007891091,0.080808497,0.998199942
50.135000000,0.000769069,-0.025834919,1.015783181
50.140000000,0.034360505,-0.037616638,1.018420727
50.145000000,0.058372122,-0.003020682,0.993711345
50.150000000,-0.016921794,-0.005312935,1.012278360
50.155000000,0.002110176,0.023422982,0.998088116
50.160000000,0.008581394,-0.054601973,1.011280803
50.165000000,-0.027114295,-0.008437403,1.012506340
50.170000000,-0.034696127,0.004260003,0.996900103
50.175000000,0.004094705,-0.048743780,1.014468095
50.180000000,-0.005564211,-0.017070339,1.001714442
50.185000000,-0.015463836,-0.009699511,0.997256696
50.190000000,0.027920938,0.003284913,1.008151978
50.195000000,0.000914017,0.003101538,1.015873318
50.200000000,0.053584024,0.013052416,1.007046690
50.205000000,0.023318338,-0.016072620,1.004667441
50.210000000,-0.062664024,0.006267740,1.005921336
50.215000000,-0.003349035,-0.019122574,1.015448818
50.220000000,0.023499404,-0.034849173,1.015602941
50.225000000,-0.085248104,-0.025974558,0.997102888
50.230000000,-0.054835455,-0.043224501,1.004345311
50.235000000,0.073313749,0.043112964,1.005423249
50.240000000,-0.004855616,-0.018890896,1.006976251
50.245000000,0.018983839,-0.011407626,1.002255761
50.250000000,0.019588563,-0.017454534,1.009582484
50.255000000,-0.004656452,-0.066778570,1.014047439
50.260000000,0.026746974,0.029596919,0.995774309
50.265000000,-0.058691666,0.019325708,1.007057980
50.270000000,0.011940607,0.018806871,1.009623186
50.275000000,0.007548563,-0.029420510,0.998981486
50.280000000,-0.049036307,-0.029988710,1.004786859
50.285000000,0.022246197,0.013139910,1.015958958
50.290000000,0.028360016,-0.015806357,1.012286733
50.295000000,-0.009244967,0.065775394,1.000777203
50.300000000,0.023418727,0.016270094,0.997572929
50.305000000,0.034949984,-0.098336919,1.011319996
50.310000000,-0.028890377,-0.012145648,1.008838321
50.315000000,-0.030632597,0.026718759,0.991623621
50.320000000,-0.014744809,-0.009455258,1.002543294
50.325000000,0.015915185,-0.022130401,1.001326987
50.330000000,-0.031580328,-0.047462382,1.011524664
50.335000000,0.010497653,0.009075176,1.019136348
50.340000000,0.010775045,-0.005240002,1.010510109
50.345000000,-0.096812071,-0.019538215,1.006296705
50.350000000,0.048661766,0.003469560,1.007574740
50.355000000,0.020265299,-0.037223944,1.011914335
50.360000000,-0.000695594,0.022867125,1.005530210
50.365000000,0.054380386,0.009957269,1.009151100
50.370000000,-0.043115461,-0.024525890,1.008634518
50.375000000,0.005629217,0.005480000,1.008015546
50.380000000,0.002433599,-0.048936804,1.004409435
50.385000000,-0.020998729,-0.056082847,0.999462404
50.390000000,0.031368217,0.012222961,1.005026576
50.395000000,0.011325452,0.013602127,1.005753642
50.400000000,0.003271447,-0.033569045,1.009868556
50.405000000,0.033175616,-0.024348575,1.008548634
50.410000000,-0.008780996,-0.000335414,1.018281149
50.415000000,-0.002972144,0.011574185,1.004488737
50.420000000,0.010919297,-0.011847543,1.004653731
50.425000000,-0.031797319,-0.002700203,1.010650833
50.430000000,0.000356329,0.015788681,1.000699733
50.435000000,-0.000236110,-0.008450434,1.010624000
50.440000000,-0.002019855,0.016452711,1.010915571
50.445000000,0.023988245,-0.005131749,1.018523967
50.450000000,0.034058271,-0.062560491,0.998137736
50.455000000,-0.003131989,-0.019818103,0.998248399
50.460000000,0.000505714,0.013400582,1.004055120
50.465000000,0.009651139,-0.020215679,0.992124716
50.470000000,-0.048054610,0.035872683,1.017273669
50.475000000,0.020112926,0.003354050,1.013664904
50.480000000,0.017961574,-0.027389125,1.004317023
50.485000000,0.005975423,-0.014983956,1.009823369
50.490000000,0.019930705,-0.094595033,1.009171696
50.495000000,-0.002244935,0.030528911,0.992926440
50.500000000,0.004690243,0.011708045,1.009778939
50.505000000,-0.038597919,-0.041983308,1.013837822
50.510000000,0.018841362,0.036655958,1.007976045
50.515000000,-0.021236497,-0.037077658,1.018193426
50.520000000,-0.069703356,-0.013133339,0.989093375
50.525000000,0.040032258,-0.026205171,1.007449502
50.530000000,0.022534778,-0.048505924,1.007829575
50.535000000,-0.052826281,-0.026173386,1.003203796
50.540000000,-0.022329455,-0.011461910,1.030093371
50.545000000,0.063591780,0.014401206,1.000416712
50.550000000,-0.001674526,-0.021758682,0.993240712
50.555000000,-0.050688307,-0.021590769,0.998552585
50.560000000,0.049849005,0.020235164,1.001436769
50.565000000,0.014961594,0.037465346,1.011140861
50.570000000,-0.062090798,-0.051046078,1.016014514
50.575000000,-0.014828310,0.003415725,1.002474180
50.580000000,0.034424765,0.018893211,1.011931464
50.585000000,-0.009301182,-0.071815133,1.023336635
50.590000000,-0.065215051,0.050942372,0.987985870
50.595000000,0.031561743,0.016681223,1.003466238
50.600000000,0.053690698,0.005135874,1.013811214
50.605000000,-0.045974208,0.057456817,1.006385177
50.610000000,-0.000746384,-0.076249074,1.005521669
50.615000000,0.056879972,-0.042996032,1.007024155
50.620000000,0.026204050,0.051456485,1.015038109
50.625000000,-0.037903689,-0.011572925,1.005167365
50.630000000,-0.013038400,-0.033649800,1.005879911
50.635000000,0.030028041,0.014601618,1.001581256
50.640000000,0.020123558,-0.050156918,1.007301697
50.645000000,0.016523043,-0.018117436,1.010533847
50.650000000,-0.028137560,0.067053075,1.004201730
50.655000000,0.012791959,-0.037857577,1.009199772
50.660000000,-0.023077376,-0.013248365,1.012024492
50.665000000,-0.036538756,-0.016891580,1.011524317
50.670000000,0.045921664,-0.050606449,0.994974307
50.675000000,0.005017197,-0.004045869,1.006744923
50.680000000,0.004541150,-0.062880849,1.010513838
50.685000000,-0.032051207,0.031173384,1.006166472
50.690000000,-0.037350005,-0.010291039,1.003568894
50.695000000,-0.025531411,-0.051431653,1.004540065
50.700000000,0.005383857,0.067084247,1.010731116
50.705000000,0.095942612,-0.027961920,0.996556153
50.710000000,0.019431400,0.002541610,1.014012864
50.715000000,-0.024295108,-0.028835340,1.011156270
50.720000000,-0.003336100,-0.044893501,1.005223508
50.725000000,-0.012838091,0.033826179,1.018929989
50.730000000,-0.016314702,-0.037412410,0.999809246
50.735000000,-0.013950005,0.011770465,1.004447887
50.740000000,0.017880424,0.003281766,1.012068485
50.745000000,-0.048662269,-0.016611145,0.999676403
50.750000000,-0.044887728,-0.057554497,1.004437185
50.755000000,0.056336537,-0.011043809,1.013833725
50.760000000,-0.015415828,0.054315242,0.999256556
50.765000000,0.002790372,-0.058058981,0.998932774
50.770000000,0.051823598,0.001049062,1.010235278
50.775000000,0.001152056,-0.036442674,1.006420418
50.780000000,0.031276751,-0.020792827,1.012231976
50.785000000,-0.018065176,0.048249851,1.003252770
50.790000000,0.014799067,-0.074414411,1.007001834
50.795000000,-0.018149290,-0.050808215,1.008752226
50.800000000,-0.036182567,0.005420228,1.000190079
50.805000000,0.050036167,0.039725091,1.017309448
50.810000000,-0.059294216,0.025484965,1.001848747
50.815000000,0.011585112,-0.009478168,0.996376071
50.820000000,0.001865002,-0.036165655,1.007079735
50.825000000,-0.001143335,-0.015197162,1.007449572
50.830000000,0.072516593,0.020031776,1.013704080
50.835000000,-0.019246742,-0.059794993,1.010882438
50.840000000,0.054126597,0.017621121,1.007064771
50.845000000,-0.013300566,0.023078151,1.008349175
50.850000000,-0.042394079,-0.053967983,1.010074500
50.855000000,-0.023590373,-0.009308733,1.000950425
50.860000000,-0.048634834,0.006290255,1.009701094
50.865000000,0.066928923,0.026920792,1.006160253
50.870000000,0.012678951,-0.028999920,1.006382043
50.875000000,-0.019668158,-0.017934520,1.021424198
50.880000000,-0.009135733,0.022127553,0.995895418
50.885000000,0.002614534,-0.027018732,1.006412906
50.890000000,0.036705803,-0.032064477,1.006949437
50.895000000,0.028111902,-0.013385320,1.006526588
50.900000000,0.039833792,0.011725103,1.028439863
50.905000000,-0.004250732,0.001514525,0.995572311
50.910000000,-0.023650009,0.022981540,0.995627149
50.915000000,-0.040056177,-0.038373755,1.019079809
50.920000000,0.003545257,-0.056785187,1.007210737
50.925000000,-0.005183676,0.048754689,1.002795880
50.930000000,-0.082191022,0.018514146,1.005711979
50.935000000,0.044059010,-0.036962815,1.003041481
50.940000000,0.014963049,-0.069843441,1.014015988
50.945000000,-0.059199205,0.056241235,1.010122962
50.950000000,0.022789723,0.043008485,0.991175905
50.955000000,-0.004242088,-0.047351251,1.011053919
50.960000000,0.052741231,0.055950172,1.009935785
50.965000000,0.036041023,-0.067915069,1.002481524
50.970000000,-0.036262984,-0.048708298,1.015367168
50.975000000,-0.000601865,0.000482791,1.005451837
50.980000000,-0.035530547,-0.035286683,1.003349204
50.985000000,0.016311304,0.038194374,1.009810778
50.990000000,-0.014586737,-0.046490664,1.011592753
50.995000000,-0.034073924,-0.004736052,1.000785286
51.000000000,0.042988602,-0.007290287,1.000269566
51.005000000,-0.063896913,-0.037995899,1.010494563
51.010000000,-0.027827018,0.004274907,1.000557282
51.015000000,0.037770791,-0.005115537,1.009886515
51.020000000,-0.058052374,0.012040155,1.009505597
51.025000000,-0.011716956,-0.029894406,1.001444375
51.030000000,0.047982827,-0.029523681,1.007256134
51.035000000,-0.004726304,-0.030928799,1.007792833
51.040000000,0.003176600,0.012223849,1.010335331
51.045000000,0.005925115,0.014040981,0.998851426
51.050000000,0.012404018,-0.012013825,1.003325722
51.055000000,0.025961954,0.005615471,1.009024326
51.060000000,-0.006964344,-0.030591489,1.000515586
51.065000000,0.036798632,-0.019935096,1.007663888
51.070000000,0.006996868,-0.051821749,1.006247326
51.075000000,-0.021578437,-0.028392924,1.013449627
51.080000000,-0.003442302,-0.030828821,1.011861344
51.085000000,-0.029817325,-0.005165059,0.997650861
51.090000000,0.037032907,0.053956215,1.009945368
51.095000000,-0.031692388,-0.011915908,1.004244157
51.100000000,-0.013279031,-0.010496686,1.004305187
51.105000000,0.094748712,-0.017620143,1.015791521
51.110000000,-0.014940323,0.005883997,1.008262619
51.115000000,0.028614014,-0.044344239,1.011499087
51.120000000,0.044690990,-0.023745876,1.007272370
51.125000000,-0.014309685,0.035941792,1.000678355
51.130000000,0.002406675,-0.070934599,1.011223297
51.135000000,-0.062637844,-0.007503779,1.011555515
51.140000000,-0.025024861,-0.017201649,1.008400098
51.145000000,0.019328680,0.002010960,1.007633529
51.150000000,0.037429441,0.105706891,1.004198013
51.155000000,0.012852738,-0.023497940,1.005788531
51.160000000,-0.007999406,-0.043874266,1.001621746
51.165000000,0.034707410,0.038389036,1.006875050
51.170000000,-0.049709837,-0.028414261,1.005371590
51.175000000,0.020856418,-0.059891907,1.007301924
51.180000000,0.027915073,0.061565364,1.012518534
51.185000000,-0.047649078,0.007893125,1.006848708
51.190000000,0.024078624,-0.058565567,1.019161536
51.195000000,-0.046290701,0.032045597,1.000759740
51.200000000,0.002888004,-0.040935165,1.003833662
51.205000000,0.054800796,-0.048780936,1.014432159
51.210000000,-0.019462249,0.058802489,0.992867076
51.215000000,0.024014352,0.048452873,1.007882503
51.220000000,0.015428655,-0.026064048,1.008441016
51.225000000,-0.062825636,-0.040855499,1.011433939
51.230000000,-0.014943188,-0.020910743,1.004853248
51.235000000,0.030039652,-0.051841936,0.997011711
51.240000000,-0.022849586,-0.000409371,1.018910571
51.245000000,0.026104333,-0.001069780,1.002553084
51.250000000,-0.014647192,-0.063183233,1.004649824
51.255000000,-0.048198498,-0.036327492,1.013307855
51.260000000,0.019954105,0.013347886,0.999077219
51.265000000,-0.020016068,0.030702981,1.003700405
51.270000000,-0.030186711,-0.034441947,1.011589276
51.275000000,0.017665653,-0.028812281,1.005845678
51.280000000,0.109857571,-0.024555919,1.010430553
51.285000000,-0.007315455,-0.029511805,1.010035107
51.290000000,-0.085035370,0.018488283,1.003347335
51.295000000,0.035108410,-0.008591258,1.006731494
51.300000000,-0.012680617,-0.021565092,0.993833409
51.305000000,-0.025883111,-0.014267949,1.009305581
51.310000000,-0.039255125,0.012555399,1.009932994
51.315000000,0.003334261,0.004534287,1.005255178
51.320000000,0.047258114,0.019530975,1.017118949
51.325000000,-0.051132870,0.012589642,0.999060668
51.330000000,0.003647243,-0.012552187,1.011006238
51.335000000,0.003320398,0.028684547,1.002141018
51.340000000,-0.045936902,-0.026280000,0.999820767
51.345000000,0.005448745,0.006767994,1.008501286
51.350000000,0.008164855,-0.008322258,1.000281671
51.355000000,-0.002716543,-0.028826844,1.018551690
51.360000000,-0.017292495,-0.013007072,1.006268747
51.365000000,0.015072163,-0.047582125,1.008128534
51.370000000,0.011686856,0.061726949,1.008900288
51.375000000,-0.008690176,-0.001907733,1.002404815
51.380000000,0.039104250,-0.054203859,1.005565248
51.385000000,-0.006649642,-0.040048388,1.008013847
51.390000000,-0.003028163,-0.004597476,1.018350769
51.395000000,0.027597956,0.074793656,1.006788684
51.400000000,0.022894817,-0.068873000,1.003450056
51.405000000,0.027328903,-0.036009456,0.992504296
51.410000000,-0.009123317,0.011721998,1.007412648
51.415000000,0.011597737,-0.046916850,1.012151505
51.420000000,0.009469079,0.004178478,0.992770298
51.425000000,0.008014557,-0.009427610,1.021174348
51.430000000,0.003467011,-0.025242386,1.009883079
51.435000000,-0.012188829,-0.053740160,0.989982867
51.440000000,0.001690100,-0.045400659,1.004747760
51.445000000,0.009551556,0.001967201,1.016024473
51.450000000,-0.005217976,0.020438899,1.006641873
51.455000000,-0.006351035,0.043623742,1.000722901
51.460000000,0.048720367,-0.041994195,1.017672226
51.465000000,-0.006370627,-0.072009030,1.011848420
51.470000000,0.014711549,0.029412139,1.003770925
51.475000000,0.020864134,-0.004853985,1.006583638
51.480000000,-0.039491956,-0.007436602,1.002528202
51.485000000,-0.007686343,0.043396895,1.000071804
51.490000000,-0.014292820,-0.024401111,1.006942686
51.495000000,-0.009530456,-0.033142038,1.013129330
51.500000000,-0.074384249,-0.005525005,1.011079569
51.505000000,0.017797011,0.013174367,1.010759224
51.510000000,0.052147992,0.005959240,0.999321657
51.515000000,-0.004045192,-0.038257438,1.004422286
51.520000000,0.014367176,-0.046452910,1.013114061
51.525000000,-0.058230063,-0.005075925,1.013101359
51.530000000,0.062255884,0.011184510,1.008657021
51.535000000,-0.005493112,0.013604248,1.008243357
51.540000000,-0.053504497,-0.026157644,1.012586335
51.545000000,0.043909215,-0.056183594,1.009654865
51.550000000,-0.022060261,0.021730681,1.013725921
51.555000000,0.010716882,-0.013440596,1.005441459
51.560000000,-0.026269891,0.009835821,0.996418767
51.565000000,0.000538898,0.010067576,1.007664272
51.570000000,0.018563255,-0.023887417,1.025029511
51.575000000,-0.040858554,0.031393876,1.002840306
51.580000000,0.000313150,-0.034266041,0.996692327
51.585000000,0.073861948,0.051350850,1.017793604
51.590000000,0.042892824,0.005470006,1.000904821
51.595000000,-0.051998610,-0.043893313,1.001672611
51.600000000,0.031410806,0.073342889,0.994916679
51.605000000,0.037164595,-0.028020104,1.000383038
51.610000000,-0.084293057,-0.070277940,1.008705087
51.615000000,-0.046938562,0.003829622,0.995657980
51.620000000,0.006635677,0.025770828,1.014429186
51.625000000,-0.028397880,-0.050319487,1.006688279
51.630000000,0.032605926,-0.007654280,1.016981183
51.635000000,0.015448903,0.009969434,1.015136663
51.640000000,-0.002408173,-0.011343116,0.995590362
51.645000000,0.056760391,0.041661338,1.008512315
51.650000000,-0.018815591,-0.069077969,1.000065204
51.655000000,-0.009546364,-0.063874820,1.014512506
51.660000000,-0.042234745,-0.015176980,1.013334974
51.665000000,-0.041656172,-0.009963573,0.994395275
51.670000000,-0.005259421,-0.018675850,1.011534261
51.675000000,0.016262965,-0.032399403,1.004376019
51.680000000,0.009041735,-0.039701947,1.000788984
51.685000000,-0.085850421,0.007995914,1.015647033
51.690000000,0.021753275,0.030883283,0.995801407
51.695000000,-0.000653127,-0.092510506,1.000776525
51.700000000,-0.000401040,0.032262062,1.011528543
51.705000000,0.011643056,0.013850062,1.010427942
51.710000000,0.021243411,-0.064402070,1.016495173
51.715000000,0.108309420,0.037388564,1.000916340
51.720000000,-0.058597923,-0.017438389,1.009286723
51.725000000,-0.024188994,-0.023739337,1.000079330
51.730000000,0.007011548,-0.024977553,1.000193350
51.735000000,-0.001054955,-0.014273882,1.018923363
51.740000000,0.013140510,0.015445844,1.001870356
51.745000000,-0.011308114,0.044339207,1.006383648
51.750000000,0.063957841,-0.009291263,0.997725963
51.755000000,-0.011204046,-0.026921658,1.000700512
51.760000000,0.005957988,0.019762575,1.010507757
51.765000000,-0.007444412,-0.032176973,1.011820989
51.770000000,-0.045726501,0.039936995,1.015661121
51.775000000,0.039228339,-0.006131752,1.000304158
51.780000000,0.014756604,-0.032997032,1.005815397
51.785000000,-0.008339119,-0.022957401,1.002267124
51.790000000,0.048613514,-0.039527634,1.017173701
51.795000000,0.012180924,0.011801131,1.004452197
51.800000000,-0.040566264,-0.053394426,0.999544787
51.805000000,0.025690471,0.018562141,1.018778338
51.810000000,-0.034838101,0.026049979,0.996485816
51.815000000,-0.012545074,-0.046479007,1.015179306
51.820000000,0.048142607,-0.037997417,1.008615939
51.825000000,0.001551904,-0.027561905,1.002451581
51.830000000,0.004648618,0.015912660,1.007102380
51.835000000,-0.035230416,-0.024710455,0.993906363
51.840000000,0.003853552,-0.006640232,1.021259995
51.845000000,-0.022425977,0.002029608,1.003381510
51.850000000,-0.040881224,-0.043020512,0.998616530
51.855000000,0.026844694,-0.029489319,1.017790963
51.860000000,0.021940850,-0.003296995,1.005950013
51.865000000,0.010483933,0.015320109,1.014533151
51.870000000,0.026337981,0.026900639,1.014058342
51.875000000,0.050125998,0.039829571,1.004460257
51.880000000,0.010571759,-0.020600101,1.011657430
51.885000000,-0.011115274,-0.038377995,1.001807074
51.890000000,-0.031688360,-0.007355858,0.999678398
51.895000000,-0.032092639,-0.019765568,1.025629336
51.900000000,-0.045857299,-0.008052886,1.002540532
51.905000000,-0.006833847,0.003458459,0.998847200
51.910000000,0.081022685,0.030966747,1.022909432
51.915000000,-0.017802163,0.001471633,1.007433687
51.920000000,-0.033903108,-0.020753904,1.005808203
51.925000000,0.005455675,0.013569674,1.000352801
51.930000000,-0.007354197,-0.009368092,1.001823472
51.935000000,0.015621331,-0.022845357,1.007261509
51.940000000,-0.024551498,-0.054503858,1.003413272
51.945000000,-0.047298466,-0.013184897,1.002431415
51.950000000,-0.014362297,0.030750926,1.004767979
51.955000000,0.029874557,0.006013076,1.014482655
51.960000000,0.037019780,0.014815952,1.008957090
51.965000000,0.020087911,-0.049542880,1.004017157
51.970000000,0.014242576,-0.013370733,1.005805777
51.975000000,0.005921069,-0.013596711,0.999510696
51.980000000,-0.038098041,-0.066124166,1.001985746
51.985000000,-0.023689882,0.012077505,1.001279307
51.990000000,0.008982831,0.036282632,1.001685299
51.995000000,-0.025653190,0.024285263,1.001993437
52.000000000,0.018558018,-0.057030936,1.011834842
52.005000000,-0.022198117,-0.030982144,1.011419496
52.010000000,-0.000694277,0.028230904,1.002895271
52.015000000,0.069231644,-0.043273796,1.007545503
52.020000000,-0.033689160,-0.022279243,1.002894807
52.025000000,-0.003092039,-0.006736251,1.004495061
52.030000000,-0.000056474,-0.033896283,1.013531043
52.035000000,-0.008314460,-0.012772224,1.014744248
52.040000000,-0.009185083,-0.010548450,1.004020044
52.045000000,-0.070676935,-0.017417619,1.001643720
52.050000000,0.018485654,0.010839339,1.004504635
52.055000000,-0.010803945,-0.039731452,0.997347771
52.060000000,-0.024942433,-0.015679949,1.007599321
52.065000000,-0.004020408,-0.005452148,1.009064942
52.070000000,-0.005160544,-0.047310546,1.006911831
52.075000000,0.067264781,0.044605843,1.011076604
52.080000000,-0.016654457,-0.019223943,1.007065953
52.085000000,-0.013364605,-0.021393243,1.008775876
52.090000000,0.023850027,0.002212817,0.999651498
52.095000000,-0.001510119,-0.044540735,1.010951157
52.100000000,0.028100812,0.031621301,1.008221044
52.105000000,0.003058220,-0.025649720,1.002361034
52.110000000,-0.012669191,-0.026100467,1.011543820
52.115000000,-0.005297324,0.035398072,0.998396841
52.120000000,0.050937659,-0.002791347,1.018731966
52.125000000,0.029736326,0.001683616,1.014458933
52.130000000,-0.029248758,0.024657237,0.989382035
52.135000000,0.026536359,-0.015260962,1.015298001
52.140000000,0.028337464,-0.063261168,1.015305343
52.145000000,-0.043615854,-0.039694063,1.008968244
52.150000000,-0.005469491,0.017719145,1.008398811
52.155000000,0.042498547,0.039062244,0.999925525
52.160000000,-0.035158994,0.030881447,1.014579840
52.165000000,0.021402289,-0.004768226,1.003815272
52.170000000,0.053589320,-0.071169764,1.003828504
52.175000000,-0.016250897,-0.017927069,1.015493141
52.180000000,0.001128553,-0.018511343,1.002561593
52.185000000,0.012017238,-0.003096626,1.010181000
52.190000000,0.011942552,0.057061692,1.006707869
52.195000000,0.000391171,-0.053082797,1.008757123
52.200000000,0.030166189,-0.007096686,1.010052698
52.205000000,-0.002925058,-0.044653728,1.003676522
52.210000000,-0.001065246,-0.060446513,1.012946675
52.215000000,-0.003795819,0.056032800,0.999606154
52.220000000,-0.034349724,-0.069428304,1.007975232
52.225000000,0.025096407,-0.004842976,1.015032684
52.230000000,-0.069568066,0.076999233,1.001239065
52.235000000,-0.001948943,-0.035683203,1.004605684
52.240000000,0.043437110,0.006018984,1.006105521
52.245000000,-0.072873238,-0.021950499,0.999453232
52.250000000,-0.005093430,-0.039018995,0.995609862
52.255000000,-0.033709661,0.050905797,1.014271567
52.260000000,-0.014131839,-0.044525118,1.007857535
52.265000000,0.039576341,-0.033985540,1.006928884
52.270000000,0.006824197,0.056329049,1.016776867
52.275000000,0.020722691,-0.029395287,1.003990832
52.280000000,-0.062243880,-0.012405456,1.011985894
52.285000000,-0.024121288,-0.011566734,1.002324621
52.290000000,0.061462363,-0.010942503,1.006854557
52.295000000,-0.041869864,0.050783020,1.002754524
52.300000000,0.001310995,-0.000080363,0.996565011
52.305000000,0.031849929,-0.003045133,1.016855280
52.310000000,-0.087283769,-0.023325693,1.004191721
52.315000000,-0.002065267,-0.062384234,1.014653581
52.320000000,0.046001197,-0.020564828,1.012981350
52.325000000,0.010667084,-0.022870429,0.990024717
52.330000000,0.028044100,-0.002070126,1.004788578
52.335000000,0.008321914,0.024047054,1.008746250
52.340000000,0.031624699,-0.012418977,1.006163207
52.345000000,-0.033190117,-0.004410255,1.007001101
52.350000000,-0.027184212,0.016641815,1.007798868
52.355000000,0.029837869,-0.003207676,1.014482259
52.360000000,-0.032622899,-0.013473288,1.008401143
52.365000000,-0.031524763,-0.030287248,0.993095452
52.370000000,-0.019726750,-0.087468149,1.006025297
52.375000000,0.029228567,-0.030769739,1.007875546
52.380000000,0.033675559,0.040571892,0.995670597
52.385000000,-0.003732706,-0.036013494,1.014747510
52.390000000,-0.000883169,-0.038877839,1.006821156
52.395000000,-0.008134822,-0.040201945,0.996773772
52.400000000,0.020174360,0.005601586,1.023540295
52.405000000,-0.008890885,0.020655429,1.017795928
52.410000000,0.017453518,-0.030173175,1.003445088
52.415000000,0.000005264,0.016150880,1.006329648
52.420000000,-0.032733475,-0.069073428,1.000026312
52.425000000,0.040223989,-0.019371173,0.996740166
52.430000000,-0.009152126,0.052607200,1.010000779
52.435000000,0.035053484,-0.026753513,1.019707332
52.440000000,0.013638779,-0.001532528,1.005881542
52.445000000,-0.029487933,-0.028929016,1.002866436
52.450000000,0.076382830,-0.032992873,1.007864439
52.455000000,-0.026212995,-0.007568421,1.002145749
52.460000000,-0.058577161,0.013997284,1.001962484
52.465000000,0.042796779,0.003227720,1.005517734
52.470000000,0.022859087,-0.054863664,1.014026678
52.475000000,-0.051228326,-0.011457715,1.000376240
52.480000000,0.013393530,0.046352628,1.017832346
52.485000000,0.035280938,0.028750913,1.019774510
52.490000000,-0.073770465,-0.040304922,0.988263673
52.495000000,0.017275718,-0.061491573,1.012737165
52.500000000,0.027242615,-0.003687152,1.012606139
52.505000000,-0.020287056,0.037535801,1.007556432
52.510000000,0.006715579,0.023323431,1.016746244
52.515000000,-0.007838585,0.004371310,0.996476478
52.520000000,0.035848638,0.016346388,1.006716801
52.525000000,-0.032958566,0.020906635,1.009212488
52.530000000,-0.004766686,0.010787151,1.005041392
52.535000000,0.083412865,-0.005333208,1.006786854
52.540000000,-0.015524971,-0.024010620,1.000201200
52.545000000,-0.025560450,-0.039883923,1.007486813
52.550000000,0.041024596,-0.030560004,1.010947445
52.555000000,-0.017196232,0.018567198,1.010902223
52.560000000,-0.056567047,0.051971213,1.014040036
52.565000000,0.035192240,-0.009398467,1.013699053
52.570000000,-0.003277254,-0.037932532,1.003859910
52.575000000,-0.039181097,-0.024712815,0.999801739
52.580000000,0.012449784,-0.024895608,1.004657993
52.585000000,-0.011826587,-0.005370516,1.001724200
52.590000000,0.030451055,-0.020047087,1.000945316
52.595000000,-0.019361156,-0.006467608,1.002606715
52.600000000,-0.039565512,0.011330912,1.002287037
52.605000000,0.035897871,-0.031148559,1.019011397
52.610000000,0.011619568,-0.019128764,1.014342821
52.615000000,0.023794052,0.029084882,1.007915468
52.620000000,0.003199908,-0.076710795,1.009615861
52.625000000,-0.000649709,-0.044753502,0.998132194
52.630000000,-0.039701849,0.009381008,1.007894452
52.635000000,-0.024055566,-0.055219836,0.993977758
52.640000000,0.068895335,0.029723731,1.003013190
52.645000000,-0.050381234,-0.087310821,1.024787168
52.650000000,-0.034387709,0.009766459,0.992613335
52.655000000,0.040454410,0.070139882,1.000083411
52.660000000,-0.008841761,-0.104392495,1.015697673
52.665000000,-0.025929620,0.041956442,1.001499119
52.670000000,-0.023843660,-0.024103681,1.009994615
52.675000000,0.047342704,-0.027138234,1.012610756
52.680000000,0.017373893,0.028157379,1.005696546
52.685000000,0.014021694,-0.065684247,1.011740327
52.690000000,0.001280776,-0.039665597,1.002230937
52.695000000,-0.085947513,-0.014337390,1.004831832
52.700000000,-0.025834770,0.027693379,1.013849053
52.705000000,0.034145579,-0.007059410,1.005162642
52.710000000,0.053729017,0.002639766,1.012013264
52.715000000,0.030784169,-0.010169769,1.006601054
52.720000000,-0.029865116,-0.014734071,0.999364323
52.725000000,-0.032624585,0.010303762,1.000818061
52.730000000,-0.002229393,-0.004590824,1.011800272
52.735000000,-0.028137408,-0.019387940,1.004240892
52.740000000,-0.012611345,-0.033677889,0.998239773
52.745000000,0.047030737,0.007122650,1.021962421
52.750000000,0.005912142,-0.016796394,0.998588156
52.755000000,-0.035080093,0.040753810,0.997618048
52.760000000,0.030047993,0.012144005,1.015361746
52.765000000,0.077545052,-0.004394338,1.012468943
52.770000000,-0.048456059,0.015844736,1.007272188
52.775000000,-0.069729751,-0.072192146,1.001575200
52.780000000,0.034477215,0.005156598,1.011789198
52.785000000,0.009260627,0.022509437,1.002181195
52.790000000,-0.008411226,0.020331312,1.004840906
52.795000000,0.016223391,0.005973098,1.008687213
52.800000000,0.010800609,-0.048302284,1.009988518
52.805000000,-0.012700219,-0.010151634,1.008744418
52.810000000,-0.039018568,0.012523347,1.005750495
52.815000000,-0.009057954,-0.002204710,1.016359710
52.820000000,0.046660218,0.019285078,1.002783481
52.825000000,-0.068247689,0.032029553,1.009851951
52.830000000,0.017240480,-0.043155151,1.015760527
52.835000000,0.110218368,-0.041798416,1.011770887
52.840000000,-0.032763989,-0.051973726,1.006369655
52.845000000,0.057239684,-0.025102322,0.990691641
52.850000000,-0.025880536,0.030131402,1.011843960
52.855000000,-0.010219605,0.004009331,1.008104538
52.860000000,0.057824770,-0.035587071,0.999557518
52.865000000,-0.040687778,-0.056697190,1.020034226
52.870000000,0.010809195,0.008926049,1.004412325
52.875000000,-0.030193088,-0.065074764,1.004801055
52.880000000,0.058943633,-0.036408642,1.014648267
52.885000000,-0.033818681,0.048090482,1.000285302
52.890000000,-0.004901416,-0.031639763,1.015140066
52.895000000,0.088496018,-0.010638138,1.004631268
52.900000000,-0.080137004,0.004566699,0.998910653
52.905000000,0.067662930,0.000158370,1.009182526
52.910000000,0.019768114,0.019181809,0.998973916
52.915000000,-0.037152925,-0.009855171,1.010096001
52.920000000,0.026326083,-0.061850820,1.000816822
52.925000000,-0.029112860,-0.022436658,1.006300236
52.930000000,-0.045900121,0.003899445,1.006414950
52.935000000,-0.018219694,-0.014482058,1.001378795
52.940000000,0.079159495,0.024232904,1.009009193
52.945000000,-0.023353611,0.020836728,0.997700300
52.950000000,-0.041514472,-0.026154442,1.015288861
52.955000000,0.025399592,-0.003298523,1.017033936
52.960000000,-0.035035490,0.016799483,1.011289681
52.965000000,-0.038857539,-0.048288136,0.996073834
52.970000000,-0.004089428,0.013236925,1.006610871
52.975000000,-0.025345906,-0.009380499,1.013914211
52.980000000,0.017609371,-0.030493392,0.984624751
52.985000000,0.055394822,0.016743395,1.014514494
52.990000000,-0.085832942,-0.049890988,1.006908336
52.995000000,-0.021232829,0.009259389,1.010186946
53.000000000,0.010909465,-0.031487569,1.009497891
53.005000000,-0.045878274,-0.022469673,0.999259753
53.010000000,0.033463875,0.047668007,1.014678842
53.015000000,-0.022183606,0.006002477,0.989441205
53.020000000,0.001131518,0.002943453,1.020669729
53.025000000,0.037118932,-0.044791117,1.019291750
53.030000000,-0.051048512,0.001222209,0.993047220
53.035000000,-0.007296995,0.004105232,1.009149794
53.040000000,0.038331631,-0.031920471,1.004780429
53.045000000,0.028737260,-0.017934056,1.007921047
53.050000000,0.033932395,-0.032804130,1.009576171
53.055000000,-0.057521502,-0.002078413,1.011181188
53.060000000,0.021122149,0.021200529,0.999055794
53.065000000,0.048244728,0.005832674,1.008844969
53.070000000,-0.077816092,0.011757428,1.016365911
53.075000000,0.048052164,-0.021320700,1.004611848
53.080000000,0.054979487,-0.070706615,1.013773567
53.085000000,-0.011203675,-0.024073882,1.006732368
53.090000000,-0.021761043,-0.037543153,1.001434389
53.095000000,-0.033844538,0.015812472,1.002600049
53.100000000,-0.003400569,0.030355269,1.005926150
53.105000000,0.015989362,-0.051193101,1.010698123
53.110000000,0.018409551,0.033707343,1.010087030
53.115000000,-0.049195345,0.002114425,1.005087266
53.120000000,0.039151558,-0.040948633,1.003969896
53.125000000,0.056996941,-0.011301973,1.013384100
53.130000000,0.004376469,-0.027053438,1.012181627
53.135000000,-0.000739002,0.013667498,1.009528551
53.140000000,-0.024530557,-0.005151605,0.993467121
53.145000000,0.011753350,-0.047259457,1.005602143
53.150000000,-0.009335128,-0.004531553,1.012722557
53.155000000,0.025835929,0.011035342,1.002224812
53.160000000,0.001494749,-0.008857258,1.008742278
53.165000000,0.008049511,0.017469207,0.993949022
53.170000000,0.028851882,-0.008356436,1.011600033
53.175000000,-0.044638769,-0.026851553,1.012901072
53.180000000,0.004804978,-0.028258488,1.002019631
53.185000000,0.023178445,-0.047663289,1.017355052
53.190000000,-0.016792530,0.022977375,0.996896580
53.195000000,0.025821401,0.018440704,1.006096086
53.200000000,0.043077063,-0.012428512,1.011665222
53.205000000,-0.047185680,0.043149994,0.998826701
53.210000000,-0.000461131,-0.032659777,1.016785871
53.215000000,0.002749867,-0.027341970,1.005534374
53.220000000,-0.037180526,0.023732958,1.004158436
53.225000000,0.017961913,-0.071700985,1.013008218
53.230000000,-0.032431853,0.031563966,0.997116417
53.235000000,0.001102580,0.035672319,1.003504039
53.240000000,0.011493473,-0.024576434,1.011982854
53.245000000,-0.015871245,0.037020964,0.998644646
53.250000000,-0.007379276,-0.073396076,1.009847905
53.255000000,-0.004122874,-0.058769046,1.017441168
53.260000000,-0.015492358,-0.012430319,0.996978390
53.265000000,0.019377676,-0.007577996,0.998366043
53.270000000,0.034199909,0.011720790,1.021880663
53.275000000,-0.068147982,-0.013584351,1.001668144
53.280000000,0.007398106,-0.011404222,0.990283491
53.285000000,0.007678695,-0.042587402,1.017930258
53.290000000,-0.009756755,0.009645185,1.001287509
53.295000000,0.011435786,0.023100458,1.011661371
53.300000000,-0.017268592,-0.000347835,1.028110477
53.305000000,0.046202451,-0.020239212,0.998944620
53.310000000,0.004626524,-0.035102411,1.005582403
53.315000000,0.035427312,-0.009040648,1.007817163
53.320000000,0.011000892,0.022658273,1.004213526
53.325000000,-0.091402659,0.027422154,0.996575242
53.330000000,-0.063262552,-0.037625293,1.003397512
53.335000000,0.038667732,-0.015515365,1.020811954
53.340000000,0.031546817,-0.023867219,1.004004084
53.345000000,-0.039759318,-0.012279762,1.004751569
53.350000000,0.034667933,0.025055278,1.005269843
53.355000000,0.011010430,0.014988866,1.010599563
53.360000000,-0.017076241,-0.005401401,1.011408930
53.365000000,-0.028732450,-0.045038965,1.006179071
53.370000000,-0.008311374,-0.021995602,1.010516846
53.375000000,0.021312047,-0.030087163,1.002630499
53.380000000,-0.018575033,-0.000414555,1.002358835
53.385000000,0.040339932,-0.043591385,1.002820702
53.390000000,0.034214265,-0.018560274,1.015206112
53.395000000,-0.000702953,0.075009837,1.008356187
53.400000000,0.012893169,-0.029887235,1.000152537
53.405000000,0.007571196,-0.044970610,1.019163574
53.410000000,-0.051480578,-0.003373428,0.996181317
53.415000000,0.002806674,-0.016552004,1.003461053
53.420000000,0.057859683,-0.048587417,1.021498653
53.425000000,-0.034862648,0.002866069,0.994447898
53.430000000,0.004409128,-0.020069081,1.001680393
53.435000000,0.044393373,-0.070183233,1.004795606
53.440000000,0.020795643,0.006626848,1.013460739
53.445000000,-0.037119193,-0.030250852,1.027348512
53.450000000,0.004839899,0.027556623,1.000510256
53.455000000,0.011082720,0.026844687,1.007730426
53.460000000,-0.067937604,-0.018174688,1.010617534
53.465000000,-0.004319295,0.001420986,1.002304047
53.470000000,-0.016000743,-0.061022185,1.003199574
53.475000000,-0.004810600,-0.015080560,0.991771911
53.480000000,-0.006083150,0.025739563,1.003574029
53.485000000,-0.005390601,0.047887087,1.001697130
53.490000000,0.040359690,-0.015885586,1.003701824
53.495000000,0.009027870,-0.026783568,1.011973605
53.500000000,0.005233636,0.015033734,1.005531870
53.505000000,0.008065762,-0.034535503,1.005195436
53.510000000,-0.004417312,0.030717988,1.002873850
53.515000000,-0.014977453,0.011709018,1.010784849
53.520000000,0.015009487,0.018594064,1.014137277
53.525000000,-0.011490414,-0.014407175,1.007692252
53.530000000,0.022953737,-0.065600958,1.002071495
53.535000000,0.044448039,0.038406933,1.015705977
53.540000000,-0.019250254,-0.016054660,1.015470731
53.545000000,0.026152150,-0.041153849,0.996069445
53.550000000,0.002653886,-0.017589472,1.003282348
53.555000000,0.000255623,0.008785356,1.006122195
53.560000000,0.027732119,0.010654425,1.010981315
53.565000000,-0.011362357,-0.058900145,1.011958192
53.570000000,-0.010498469,-0.004101987,1.009024233
53.575000000,-0.014588089,0.021167486,1.012981921
53.580000000,-0.052719273,0.008687696,1.003869404
53.585000000,-0.006886961,-0.054101769,0.992344843
53.590000000,0.004313136,-0.070295174,0.997872374
53.595000000,-0.010113786,0.016648846,1.027148773
53.600000000,0.041542194,0.020049328,1.010509467
53.605000000,-0.052870509,-0.002919339,1.000624858
53.610000000,0.047449593,-0.032296680,1.011431079
53.615000000,0.024628074,-0.045552687,1.000625524
53.620000000,-0.115347631,-0.020546748,1.014614710
53.625000000,0.055498471,0.047878627,1.004600009
53.630000000,-0.031555820,-0.000833831,1.001590430
53.635000000,-0.034219158,-0.037716749,1.011918043
53.640000000,0.030684846,0.010866819,1.004831660
53.645000000,-0.002361091,-0.011348020,1.006629931
53.650000000,0.047645252,-0.002954360,1.004224910
53.655000000,-0.040822773,-0.057767823,1.005412186
53.660000000,0.012780845,0.029441011,1.004523746
53.665000000,0.015122614,0.069239551,1.010641741
53.670000000,-0.057799111,-0.054186052,1.004807599
53.675000000,0.024748227,0.032624214,1.002488016
53.680000000,0.022143467,-0.008061688,1.014800250
53.685000000,-0.041809006,-0.051181045,0.992321540
53.690000000,0.030261339,0.031424588,1.000571390
53.695000000,0.062306047,-0.036304858,1.020646024
53.700000000,-0.055741359,-0.021952922,1.000156231
53.705000000,0.005582519,-0.008151374,1.003936019
53.710000000,0.022382795,-0.059826709,1.011715206
53.715000000,-0.034704180,-0.006290801,1.004457221
53.720000000,0.014955393,-0.047140778,1.014711437
53.725000000,-0.031380758,-0.016733774,1.002082561
53.730000000,0.012782291,0.040927765,0.997204975
53.735000000,0.047837123,-0.024507662,1.016914580
53.740000000,0.035370534,-0.027644624,1.017270048
53.745000000,0.039626048,0.000240965,1.007173998
53.750000000,-0.006150504,0.066520577,1.001463996
53.755000000,0.043869824,-0.046946373,1.002345203
53.760000000,-0.063600541,0.005776539,1.005088632
53.765000000,-0.062272201,0.022030244,1.010722497
53.770000000,0.088488524,-0.110959924,1.017689581
53.775000000,-0.028155352,0.023276264,0.999570477
53.780000000,-0.012613175,-0.043744990,1.001477884
53.785000000,0.026711522,0.017583866,1.013794954
53.790000000,-0.024253418,0.000090269,1.001160049
53.795000000,0.026681028,-0.040301717,1.011507348
53.800000000,-0.018480495,0.029809970,1.001240955
53.805000000,-0.055534644,-0.099225822,1.001951552
53.810000000,0.014311295,0.015415601,1.020257528
53.815000000,0.040800499,-0.009987371,1.007573407
53.820000000,-0.060714557,0.018675593,1.007714848
53.825000000,-0.008079874,-0.006496259,0.999450786
53.830000000,0.060079640,-0.061043238,1.009491152
53.835000000,-0.073238541,0.052911403,1.003868400
53.840000000,0.013836921,-0.049243699,1.004041079
53.845000000,0.050381764,0.055749503,1.019429239
53.850000000,-0.070380693,0.051747113,0.994037202
53.855000000,0.010048912,-0.044623570,1.007939274
53.860000000,0.058283676,-0.022903506,1.002899345
53.865000000,0.018487067,-0.020050232,1.007983936
53.870000000,-0.018179575,-0.039922982,1.022125810
53.875000000,-0.039130375,-0.011048142,0.995262357
53.880000000,-0.006383846,0.036834125,1.013569773
53.885000000,-0.003839338,-0.067658293,0.997305430
53.890000000,0.022835747,0.001831042,0.999164712
53.895000000,0.002549349,0.012843620,1.021243765
53.900000000,-0.043052601,0.021171685,0.999920113
53.905000000,0.030019403,0.041900870,1.009066846
53.910000000,-0.013270263,-0.008624304,1.014488277
53.915000000,-0.021078982,-0.006700449,0.995700424
53.920000000,0.049419606,-0.051365839,0.995244666
53.925000000,-0.005608194,-0.025907326,1.011265348
53.930000000,0.002004656,-0.009831371,1.002053328
53.935000000,-0.000595648,0.058781910,1.007985211
53.940000000,-0.039980222,-0.062380429,1.008765321
53.945000000,-0.011030582,-0.056465001,1.003832409
53.950000000,0.008889208,0.052366623,1.015376659
53.955000000,-0.030890752,-0.052232060,1.001725567
53.960000000,-0.007278470,-0.006496665,1.016992379
53.965000000,0.075702425,-0.024965947,1.012487823
53.970000000,-0.007028657,0.021112110,1.002737446
53.975000000,-0.037015222,-0.009552466,1.007981944
53.980000000,0.056700388,-0.076761745,0.998395614
53.985000000,0.009652724,0.020753355,1.012026529
53.990000000,-0.039822697,0.014648356,0.996434522
53.995000000,0.027770577,-0.000822199,1.007063078
54.000000000,0.030774837,-0.002577814,1.013108545
54.005000000,-0.017654700,-0.059746192,1.004520112
54.010000000,0.015993383,-0.043191704,1.019390113
54.015000000,0.017591825,0.077235625,0.997633245
54.020000000,-0.019468076,-0.028064726,1.004852081
54.025000000,-0.003533917,-0.024581389,1.014473319
54.030000000,-0.011223910,0.022683435,1.005821654
54.035000000,0.010025678,-0.048258287,1.010413400
54.040000000,0.004187511,0.024146198,1.007879198
54.045000000,-0.041039335,-0.046949966,1.011825024
54.050000000,0.036919305,-0.002656663,1.004458606
54.055000000,-0.020279409,0.039799768,1.008687703
54.060000000,-0.049528884,-0.048421445,0.997990383
54.065000000,0.055918390,-0.017927697,1.005777737
54.070000000,-0.010510113,-0.005979793,1.014735460
54.075000000,0.039396610,-0.020632592,1.000376755
54.080000000,0.043347416,-0.009895920,1.017856145
54.085000000,-0.001171901,0.005528753,1.002437645
54.090000000,0.021968272,-0.020301202,1.003515770
54.095000000,-0.061533629,-0.032006951,1.010005215
54.100000000,-0.026845937,0.022414612,0.992694186
54.105000000,0.000081931,0.029668268,1.013637410
54.110000000,0.011302758,-0.061285243,1.014143019
54.115000000,0.010324323,0.019133663,1.004470973
54.120000000,-0.025145651,0.007052116,1.010091945
54.125000000,0.011329603,-0.067740165,1.004880834
54.130000000,0.006815952,0.017481380,0.996647931
54.135000000,-0.034562038,-0.049584299,1.018377182
54.140000000,-0.014988638,-0.026214095,1.011603941
54.145000000,0.025489742,-0.004305911,0.993016648
54.150000000,-0.011812572,-0.010405015,1.013398253
54.155000000,0.039276703,-0.009200882,1.003898611
54.160000000,-0.010510065,-0.023427119,1.005540491
54.165000000,-0.070255921,-0.033740313,1.011315552
54.170000000,0.043507956,-0.031476050,1.004990217
54.175000000,0.041306028,0.083180537,1.001045123
54.180000000,0.001640243,-0.026075334,1.003982139
54.185000000,-0.033150376,-0.022245711,1.012579924
54.190000000,0.008160048,0.011465822,0.995917056
54.195000000,-0.037949949,-0.054745862,1.008060463
54.200000000,-0.015613810,-0.016924560,1.007936404
54.205000000,0.082301056,-0.006653611,1.004020776
54.210000000,-0.052881497,0.027602595,1.007271877
54.215000000,0.014101309,-0.013180935,0.997023760
54.220000000,0.016838350,0.007371369,1.009516081
54.225000000,-0.065580961,-0.029656191,1.011471079
54.230000000,0.026371062,0.020223917,1.011904431
54.235000000,0.023706315,0.049146901,1.003753831
54.240000000,-0.040924874,-0.020936920,1.004198233
54.245000000,-0.064500346,0.023066400,1.008260472
54.250000000,0.029640609,-0.036413511,1.008521596
54.255000000,0.025959687,0.009823920,1.011380471
54.260000000,-0.015578377,-0.026340340,1.003784612
54.265000000,0.025171303,-0.015824197,1.005411617
54.270000000,0.013254991,0.065992221,1.004015405
54.275000000,0.012074206,-0.025889583,1.012037674
54.280000000,-0.017597669,-0.036228792,1.007006109
54.285000000,-0.031507223,-0.009584670,1.000295079
54.290000000,0.050020334,0.005240566,1.007677569
54.295000000,0.035567587,-0.031795084,1.002560998
54.300000000,-0.042752277,-0.058407616,1.014219826
54.305000000,0.036730628,-0.050011384,1.010725913
54.310000000,0.026587275,0.029989889,1.003359288
54.315000000,-0.084142463,-0.017271327,1.006722659
54.320000000,-0.018120299,-0.038503224,1.004846620
54.325000000,0.018451556,0.033029441,1.011489940
54.330000000,-0.022038465,-0.055487669,1.011671168
54.335000000,0.022157939,0.035438881,0.998943970
54.340000000,0.054339233,0.016908313,1.009215655
54.345000000,0.012219307,-0.095902976,1.013355982
54.350000000,0.029179112,0.002598106,1.004179178
54.355000000,0.006797335,0.035803877,1.013592670
54.360000000,-0.001579707,-0.006329806,1.007555495
54.365000000,0.032288359,-0.021218802,1.011076976
54.370000000,-0.048133737,-0.029224725,1.004965425
54.375000000,-0.010918756,0.017231176,1.006268081
54.380000000,0.011975328,0.041065165,1.012278759
54.385000000,-0.050303172,-0.056661278,0.991745368
54.390000000,0.022793924,-0.030708624,1.016471854
54.395000000,0.011532676,-0.061791087,1.007476084
54.400000000,-0.020779635,0.009301557,1.002392508
54.405000000,0.059831164,0.050801754,1.017023305
54.410000000,0.021473627,-0.087182686,1.002051730
54.415000000,-0.029648528,0.017114428,1.005650160
54.420000000,-0.023895491,-0.075322120,1.008506094
54.425000000,-0.003124513,0.008086627,1.019443963
54.430000000,0.020014476,0.111970146,1.004329681
54.435000000,-0.024742133,-0.076047234,1.003550352
54.440000000,0.042063334,-0.002425141,1.007080209
54.445000000,0.000611493,-0.018049725,0.992244048
54.450000000,-0.058976682,-0.008055843,1.007473630
54.455000000,0.049932068,0.017549035,0.997099220
54.460000000,-0.025742588,-0.008911300,0.999801171
54.465000000,-0.011439595,0.017478231,1.010747396
54.470000000,0.015106166,-0.017702648,1.005438285
54.475000000,-0.036286089,0.007550782,1.003936441
54.480000000,0.008567635,-0.075427581,1.003899122
54.485000000,-0.035378423,-0.042707614,1.012295912
54.490000000,0.010666173,0.019719003,1.000814428
54.495000000,-0.000651564,-0.044157366,0.995343523
54.500000000,-0.035667486,0.031222260,1.008943132
54.505000000,0.037434067,-0.030966771,1.015303523
54.510000000,-0.069817937,-0.024406383,1.001745373
54.515000000,-0.039733021,0.039290635,0.996214948
54.520000000,0.041056906,-0.057307351,1.013578473
54.525000000,-0.055352631,0.023696642,1.013664890
54.530000000,0.043443213,-0.010029801,1.010422849
54.535000000,0.061393162,-0.065881508,1.009573576
54.540000000,-0.016778514,0.067463551,1.008382726
54.545000000,0.065859239,0.025830155,1.009878724
54.550000000,-0.001179250,-0.014724167,1.001899555
54.555000000,-0.021087108,-0.013927654,0.999200759
54.560000000,0.027466355,-0.017639767,1.006601566
54.565000000,-0.048536323,-0.003946500,1.009588420
54.570000000,0.015913739,-0.028197728,1.009999961
54.575000000,0.038500084,0.019469058,1.013118453
54.580000000,-0.012913832,0.028446559,1.010937228
54.585000000,0.051221036,0.012838994,1.008253141
54.590000000,-0.023053118,-0.009801164,1.006523002
54.595000000,-0.056930853,-0.075747481,0.998202019
54.600000000,0.007752280,-0.038507236,0.997140487
54.605000000,-0.042274924,0.015471468,1.009841021
54.610000000,0.044184076,-0.010982064,1.016485165
54.615000000,0.050321559,-0.026873989,1.008829553
54.620000000,-0.049686030,0.002130866,1.005483343
54.625000000,0.016177679,0.007457169,1.008712288
54.630000000,0.009116084,-0.042534308,1.013988672
54.635000000,-0.002134320,-0.009173523,1.011767520
54.640000000,0.009719884,0.002115366,0.999282305
54.645000000,-0.014636553,-0.017384473,1.005750503
54.650000000,-0.019268874,0.040077242,1.000175990
54.655000000,-0.027115729,-0.041873065,1.006663067
54.660000000,0.008130013,-0.072978136,1.025124930
54.665000000,0.035278893,0.002414875,0.993129181
54.670000000,-0.010079491,-0.010371417,1.003473369
54.675000000,-0.025388187,0.031357572,1.015769081
54.680000000,0.055929278,-0.004694044,0.998577293
54.685000000,0.008332753,-0.065285734,1.005421257
54.690000000,-0.032182175,0.054702910,1.004903274
54.695000000,0.055467579,0.012341694,1.015686278
54.700000000,0.000339289,-0.084261047,1.004108133
54.705000000,-0.037963123,0.036082061,1.006285552
54.710000000,-0.012171935,-0.026028003,1.013640191
54.715000000,-0.021704964,-0.001065669,0.991844315
54.720000000,-0.032074616,0.059250711,1.008126263
54.725000000,0.017020497,-0.096602657,1.013310937
54.730000000,0.015404388,-0.034657676,1.007528395
54.735000000,-0.028363187,-0.018648162,0.998003252
54.740000000,0.030359170,-0.000813945,1.006342984
54.745000000,0.015323912,0.044598748,1.013702992
54.750000000,0.032819116,-0.017814344,1.002838264
54.755000000,-0.028933216,0.009084501,1.007292637
54.760000000,-0.052855779,-0.001609270,1.006058014
54.765000000,0.089257707,0.005615147,1.018029543
54.770000000,-0.031018180,-0.064500703,1.006453010
54.775000000,-0.027410215,-0.075103073,0.990467189
54.780000000,0.061977324,0.044401856,1.013886895
54.785000000,-0.019116769,0.054461124,1.010760805
54.790000000,0.004963764,-0.030454558,1.004468562
54.795000000,0.033040826,-0.079098868,1.018891363
54.800000000,0.006448672,0.001101386,1.001726184
54.805000000,-0.077190219,0.000089810,0.995475429
54.810000000,0.021417779,-0.002617683,1.010450821
54.815000000,0.068242979,0.048592657,1.008106957
54.820000000,-0.092134742,-0.005501905,1.001502332
54.825000000,-0.012379741,-0.040967576,0.996476163
54.830000000,0.049588761,-0.039329414,1.012528179
54.835000000,-0.024581453,-0.038653442,1.008821111
54.840000000,-0.026056833,0.009861523,1.000209693
54.845000000,0.017022735,0.016408630,1.015280337
54.850000000,-0.000054386,-0.019790904,1.003023161
54.855000000,-0.019820051,0.006730276,0.998881901
54.860000000,0.053947997,0.007741250,1.006461606
54.865000000,-0.026067792,-0.000702605,1.010533021
54.870000000,-0.034748821,-0.020315561,1.002564860
54.875000000,0.079859768,-0.039115391,1.010387678
54.880000000,-0.061865828,-0.012475802,1.003427861
54.885000000,-0.027898577,-0.004467062,0.991423246
54.890000000,0.108118879,-0.010938024,1.019510663
54.895000000,-0.059960575,-0.016348140,1.011101023
54.900000000,-0.045574605,-0.024440906,1.015513741
54.905000000,0.006162078,-0.037998321,1.004332798
54.910000000,0.003402379,0.063094610,0.996131934
54.915000000,0.038338833,0.040511513,1.020004238
54.920000000,-0.030986844,-0.079428757,1.000009035
54.925000000,0.045574289,-0.044129596,1.010378942
54.930000000,-0.030105217,-0.038975346,1.008622840
54.935000000,-0.051219238,-0.000053845,1.004689065
54.940000000,0.041709639,0.019946160,1.020873276
54.945000000,-0.015242564,-0.010749156,1.008628853
54.950000000,0.026621692,0.017935372,1.003208498
54.955000000,-0.032949214,0.022807269,1.002837464
54.960000000,0.042344372,-0.032794724,1.013007880
54.965000000,0.066746128,-0.056564603,1.007907036
54.970000000,-0.017843346,0.036890371,1.009949106
54.975000000,0.040791886,0.036298284,1.022608711
54.980000000,-0.047605787,-0.024061972,1.008795679
54.985000000,-0.017222184,0.007030700,0.993921587
54.990000000,-0.001926072,-0.018285453,1.012666852
54.995000000,-0.007789175,-0.033674770,1.009116697
55.000000000,0.048034423,0.021738534,1.002470820
55.005000000,-0.048782446,-0.032897467,1.014608650
55.010000000,-0.050029760,-0.038092880,0.988069758
55.015000000,0.005718055,0.000334189,1.012124346
55.020000000,-0.018579775,0.001848317,1.007323511
55.025000000,0.025815769,-0.008107975,0.993879222
55.030000000,0.035037085,-0.074371548,1.023454898
55.035000000,-0.035172515,0.028356739,0.998204515
55.040000000,0.012610359,0.049477602,1.018638154
55.045000000,-0.003955315,-0.052618668,1.006946672
55.050000000,-0.001408361,-0.043256950,0.991135255
55.055000000,0.028398334,0.009171912,1.015713808
55.060000000,-0.046100212,0.043409363,0.992211792
55.065000000,-0.005410016,-0.042647079,1.005131493
55.070000000,0.013526998,-0.030661701,1.006173601
55.075000000,0.003830711,0.009968634,1.012101381
55.080000000,-0.011279873,-0.006681779,1.009166148
55.085000000,-0.034897673,-0.013134592,0.996476382
55.090000000,0.055487539,0.009533943,1.020196257
55.095000000,0.062667924,0.028487298,0.997479172
55.100000000,-0.090945628,0.018825104,0.996840862
55.105000000,0.030537774,-0.023402031,1.015028214
55.110000000,0.086915860,-0.104077089,0.994768259
55.115000000,-0.107403862,0.019212549,1.004287711
55.120000000,0.043458774,-0.003262057,1.013783833
55.125000000,0.009371244,-0.007748525,0.990551984
55.130000000,-0.033292540,0.030685537,1.013614776
55.135000000,0.035034046,-0.103371739,1.023386035
55.140000000,-0.035941631,0.016436550,1.006417349
55.145000000,0.030591103,0.009457829,1.016922688
55.150000000,-0.043716776,-0.053628344,0.995739383
55.155000000,0.057589655,-0.040673617,1.000566963
55.160000000,0.082728653,0.000975436,1.011772300
55.165000000,-0.023341756,0.008796724,1.009650894
55.170000000,-0.004754624,-0.041456598,1.017711717
55.175000000,-0.006049442,0.041090360,1.006285318
55.180000000,0.001395479,-0.041179568,1.001261543
55.185000000,-0.055017021,0.005672246,0.996088081
55.190000000,0.101003546,-0.005489092,1.010449806
55.195000000,-0.020570972,-0.063816759,1.005649178
55.200000000,-0.105812897,0.044556085,1.006636590
55.205000000,0.079085314,-0.040142254,1.020656830
55.210000000,-0.024533669,-0.021133539,0.994326009
55.215000000,-0.049954420,-0.023300431,1.010941008
55.220000000,-0.004009418,-0.040611578,1.018148883
55.225000000,-0.000626693,0.014445022,1.008005992
55.230000000,-0.051217610,0.019095095,1.009096191
55.235000000,0.040851888,0.011865326,1.002835209
55.240000000,0.051669481,0.001067179,1.005245833
55.245000000,-0.042588493,0.036169914,1.004166612
55.250000000,0.016848379,-0.035311763,1.006767313
55.255000000,-0.003071408,-0.010735758,1.004429237
55.260000000,-0.008138863,0.055598783,1.007215264
55.265000000,-0.057843592,-0.013077697,1.006719440
55.270000000,0.052300105,-0.025194832,1.013293248
55.275000000,0.019999030,-0.005004346,1.009401543
55.280000000,-0.072860393,-0.002467614,0.997570351
55.285000000,0.074243536,-0.045677108,1.011686051
55.290000000,-0.052545787,-0.026119816,0.998698673
55.295000000,-0.054759874,0.026558389,1.001989008
55.300000000,0.061618610,-0.052138183,1.011832331
55.305000000,0.019133744,0.009442443,1.009379583
55.310000000,0.020729008,0.095303410,1.014091604
55.315000000,0.033233101,-0.071617100,1.001767618
55.320000000,-0.010687793,-0.082512719,1.009096064
55.325000000,-0.003013168,-0.001718452,1.005201611
55.330000000,0.008562052,-0.017308406,1.003441913
55.335000000,-0.073272321,-0.034602037,1.010345124
55.340000000,0.007476493,0.011216901,0.995368960
55.345000000,0.058803078,0.064973803,1.003159053
55.350000000,-0.022654048,-0.030787841,1.016139738
55.355000000,-0.039250748,-0.006500049,1.005000901
55.360000000,0.012277185,-0.017349413,1.012366269
55.365000000,0.013253403,-0.048787021,1.014526438
55.370000000,-0.049634672,0.040998483,0.996146850
55.375000000,-0.028983338,-0.028964059,1.005990265
55.380000000,0.005369100,-0.019735099,1.006824768
55.385000000,0.057365479,0.036565757,1.010319221
55.390000000,0.017257135,-0.000826316,1.010103645
55.395000000,-0.002777710,-0.034156149,1.001225884
55.400000000,0.036885258,-0.016377714,1.015002641
55.405000000,-0.017813545,-0.041685585,1.008566185
55.410000000,-0.000269015,-0.012534749,1.015125912
55.415000000,0.009515505,0.036427554,1.009462217
55.420000000,-0.006239702,-0.084546821,0.998518909
55.425000000,-0.001267862,0.016903178,1.009115316
55.430000000,-0.003516005,0.043413284,0.997253637
55.435000000,0.008125879,-0.038679493,1.010339731
55.440000000,0.016813666,0.013880013,1.004211112
55.445000000,0.030634193,-0.056438144,1.001145978
55.450000000,0.006766085,-0.001024812,1.009321059
55.455000000,-0.043779862,-0.016351626,1.002944377
55.460000000,-0.021038320,0.003356714,1.018323323
55.465000000,0.030310575,0.075730540,1.012644192
55.470000000,-0.001025651,-0.090730982,0.999275914
55.475000000,0.009260718,-0.046056603,1.002846275
55.480000000,0.012450715,-0.018588882,1.004308788
55.485000000,-0.006368872,-0.030681543,1.006374094
55.490000000,0.038600397,0.062851046,0.999967142
55.495000000,0.019616127,-0.016687882,1.005301071
55.500000000,-0.000558230,-0.036821265,1.013727326
55.505000000,-0.020123577,-0.015072597,1.003723527
55.510000000,-0.041409228,-0.029519108,0.995960905
55.515000000,-0.031889310,0.013667420,1.010475877
55.520000000,-0.071790557,0.028959664,1.001193800
55.525000000,0.004850537,-0.075337002,1.003745522
55.530000000,0.075120806,-0.067925220,1.028346123
55.535000000,-0.012958156,0.087000836,0.998579576
55.540000000,0.009596671,0.012350157,1.001064912
55.545000000,-0.019299551,-0.027687702,1.016924800
55.550000000,-0.001384540,-0.020322855,1.000969396
55.555000000,0.087509749,-0.064126173,1.007070502
55.560000000,-0.046750545,0.023372928,1.004112879
55.565000000,-0.031012370,-0.003763906,1.002218430
55.570000000,0.040014597,-0.021809142,1.007831113
55.575000000,-0.014802211,0.044281043,1.014657618
55.580000000,-0.028348566,0.017307555,1.010011680
55.585000000,-0.000839563,-0.049605546,1.001284983
55.590000000,0.042182863,-0.011967737,1.009898467
55.595000000,-0.041339113,0.008668808,1.003783216
55.600000000,0.011175784,-0.027558752,1.010366435
55.605000000,0.061288273,0.036688048,1.010619624
55.610000000,-0.050434070,-0.048590344,1.004995901
55.615000000,0.017320946,-0.055023153,1.008532133
55.620000000,0.015739940,0.030163278,1.003880632
55.625000000,-0.050208387,-0.007709212,1.007179262
55.630000000,-0.020379776,0.000124442,1.007082678
55.635000000,-0.003150561,-0.034210215,1.010351813
55.640000000,0.057320734,0.001989483,1.002369313
55.645000000,0.013901067,0.022374548,1.002866909
55.650000000,-0.024084530,0.001038956,1.015174272
55.655000000,-0.007817675,-0.036180809,1.015726291
55.660000000,-0.057359778,-0.030345909,1.013241156
55.665000000,-0.001090531,0.047620663,1.000240602
55.670000000,-0.013684118,-0.035972877,1.007619916
55.675000000,0.021199289,0.013564758,1.007756926
55.680000000,0.079075717,0.030545357,1.003221064
55.685000000,-0.024133065,-0.064224739,1.006490473
55.690000000,0.017697986,0.015076267,1.001513632
55.695000000,-0.000821993,0.012719897,1.005941389
55.700000000,-0.039765889,-0.011156131,1.005283801
55.705000000,-0.026452437,-0.024213905,1.007051769
55.710000000,-0.021904280,-0.037394018,1.007870349
55.715000000,-0.004246028,-0.016207355,1.006465603
55.720000000,-0.060905033,-0.061344367,1.011706189
55.725000000,0.033768642,-0.024782960,1.005843131
55.730000000,0.026614565,0.029237416,0.998802960
55.735000000,-0.012727789,-0.024680704,0.999064729
55.740000000,0.056370005,-0.029241626,1.011331461
55.745000000,-0.040228370,0.005672011,1.011302333
55.750000000,-0.015898376,-0.049414864,1.003544599
55.755000000,0.028660262,-0.031309775,0.998191093
55.760000000,-0.042628310,0.032511904,1.010029042
55.765000000,0.028633672,0.009252730,1.013915924
55.770000000,0.072333308,0.019930155,1.000124132
55.775000000,-0.007727243,-0.000982766,1.018238449
55.780000000,-0.006976604,-0.036518843,1.012013792
55.785000000,0.014536460,-0.022621476,0.997626243
55.790000000,0.010173427,-0.024983552,1.011382453
55.795000000,0.014290148,0.019301537,1.007707863
55.800000000,-0.011139036,0.007009400,1.003850061
55.805000000,0.010612114,-0.029563578,1.007873679
55.810000000,0.034849916,0.014131497,1.004420436
55.815000000,0.004008442,0.013043756,1.007381102
55.820000000,0.004511573,-0.040573657,1.014383269
55.825000000,0.008374612,-0.017223425,1.004052005
55.830000000,-0.021034611,0.031297977,0.997072637
55.835000000,0.013213544,-0.033451853,1.010156151
55.840000000,-0.002632692,-0.023584253,1.003451256
55.845000000,0.009917740,0.042206134,1.004385863
55.850000000,0.033648975,-0.006707154,1.017591052
55.855000000,-0.067271725,-0.015610531,1.004237429
55.860000000,0.015674571,-0.000412248,0.997596344
55.865000000,0.032869888,-0.001605829,1.012991421
55.870000000,-0.064652616,0.015632076,1.002431541
55.875000000,0.016867081,-0.000032604,1.003942136
55.880000000,-0.006184366,-0.074243587,1.013088707
55.885000000,-0.043287815,-0.067518208,1.006282416
55.890000000,0.040672015,0.016795029,1.003870361
55.895000000,-0.022105822,0.018138549,1.001033643
55.900000000,-0.027740164,-0.017021470,1.004058068
55.905000000,0.076534983,-0.008668611,1.005406159
55.910000000,-0.065230194,0.014490496,1.005374463
55.915000000,-0.025888821,-0.031860844,1.020034198
55.920000000,0.055754401,-0.056250047,1.013481781
55.925000000,-0.045441607,-0.020084329,0.999177821
55.930000000,0.030861841,-0.000335362,1.008979785
55.935000000,-0.011805294,-0.024290698,1.014739789
55.940000000,-0.010191249,-0.010762026,0.997582245
55.945000000,-0.021421954,0.040097335,1.009653266
55.950000000,-0.029522891,-0.067315701,1.006329427
55.955000000,0.048095382,-0.025700971,0.998866205
55.960000000,-0.064716219,0.047891928,1.010953598
55.965000000,0.031696422,-0.046729324,1.000803053
55.970000000,0.061810634,-0.008733753,1.012582369
55.975000000,-0.031866651,0.009735350,1.012127324
55.980000000,0.013466938,0.008450543,0.999587723
55.985000000,-0.024215819,-0.040130237,1.006121319
55.990000000,0.000008415,-0.028671699,1.011473272
55.995000000,-0.020213777,0.010118557,1.006522239
56.000000000,-0.007460740,-0.047658565,1.006696870
56.005000000,0.036999324,0.026554613,1.023192680
56.010000000,-0.027350356,0.006171797,1.006250800
56.015000000,0.045215628,-0.022055479,1.005374897
56.020000000,-0.015969401,-0.008727118,1.008741130
56.025000000,-0.075454540,0.015002052,0.999645695
56.030000000,0.090309424,0.012769725,1.004314575
56.035000000,0.013064693,-0.041126709,1.001873745
56.040000000,0.001851354,0.059949862,1.017655263
56.045000000,0.040076609,-0.005802858,1.012555717
56.050000000,-0.073997450,-0.060257578,1.003402813
56.055000000,0.037041765,0.031405038,1.005216482
56.060000000,0.011338283,0.022698481,0.998787467
56.065000000,-0.098913961,-0.015573598,1.008904494
56.070000000,0.027691890,-0.038999808,1.009600502
56.075000000,0.013299476,-0.013310750,1.007992530
56.080000000,-0.029179976,-0.016875457,0.999466380
56.085000000,0.035033113,0.050879779,1.008215880
56.090000000,0.000855865,0.001907745,1.009868416
56.095000000,0.019416085,-0.076799478,1.002904327
56.100000000,0.012707599,0.005571482,1.006141845
56.105000000,0.003163318,-0.024462124,1.004570494
56.110000000,0.015911242,-0.024499694,1.006514779
56.115000000,-0.041302329,-0.005076186,0.999318856
56.120000000,0.011524946,0.025183164,1.009252594
56.125000000,-0.056064784,0.001912234,1.005525018
56.130000000,0.007366264,-0.059512955,1.007587950
56.135000000,0.104078286,-0.003568278,1.015986870
56.140000000,-0.004196345,-0.033301296,0.991428722
56.145000000,0.020646557,0.006481819,1.001920832
56.150000000,-0.026813921,0.006294270,1.008472595
56.155000000,0.008188361,-0.057074920,0.997623902
56.160000000,0.006820051,0.012141330,1.012075085
56.165000000,-0.000433326,-0.020644335,1.012537101
56.170000000,0.027637287,-0.019070133,1.004312183
56.175000000,-0.006179095,0.016701594,1.011126740
56.180000000,0.025146154,-0.052433764,1.008843888
56.185000000,-0.083206809,-0.031112000,1.001455807
56.190000000,0.018743390,0.015480107,1.004276064
56.195000000,-0.027459680,-0.001424210,1.017881515
56.200000000,-0.088905572,-0.024169113,1.011520911
56.205000000,0.073541962,-0.011188496,0.994691746
56.210000000,-0.012367758,-0.011484713,1.014286425
56.215000000,0.040855053,-0.012272541,1.003302343
56.220000000,0.032624261,0.016309025,1.005190869
56.225000000,-0.024729560,-0.024233355,1.016790846
56.230000000,-0.027616147,-0.037685175,0.994771206
56.235000000,-0.009917649,-0.004271179,1.011409435
56.240000000,0.035565258,0.012911797,1.007378667
56.245000000,-0.017502316,0.014326899,1.002357440
56.250000000,0.040802389,-0.029892724,1.014088230
56.255000000,-0.007891326,-0.030043575,1.000002068
56.260000000,-0.014771610,-0.036015742,0.999019369
56.265000000,0.008113050,-0.016800668,1.016223731
56.270000000,-0.023615659,0.036462556,1.012785592
56.275000000,0.033684309,0.015420551,1.003602125
56.280000000,-0.047958029,0.040572074,1.010869985
56.285000000,-0.027012221,0.001516164,1.005976720
56.290000000,0.032958164,-0.053221995,1.005838935
56.295000000,-0.031398376,-0.005885782,1.003910482
56.300000000,-0.002205414,-0.029660449,1.008113081
56.305000000,-0.026382090,-0.028511236,1.013848471
56.310000000,0.000476057,0.027792647,1.006084873
56.315000000,0.075366061,0.007223623,1.010268386
56.320000000,-0.044408179,-0.025079142,0.990845344
56.325000000,0.016415644,-0.034320255,1.012641941
56.330000000,0.042409047,0.014100402,1.015048470
56.335000000,-0.060726622,0.027002240,1.004315342
56.340000000,0.055854922,-0.055074384,1.016823728
56.345000000,0.014071828,-0.028118930,0.995114963
56.350000000,-0.074476040,-0.005767011,1.006587441
56.355000000,0.013629113,0.005700316,1.012792713
56.360000000,0.022237954,0.011826554,1.006821448
56.365000000,-0.058511008,-0.058994471,1.002679018
56.370000000,0.042361878,0.030571879,1.003635532
56.375000000,0.049409999,0.021259790,1.016985200
56.380000000,-0.021063862,-0.039987846,0.997673300
56.385000000,0.073735447,-0.031497567,1.005682230
56.390000000,-0.050948202,-0.036892596,1.005534236
56.395000000,-0.043561031,0.053459019,0.994776822
56.400000000,0.014652419,-0.028458883,1.012532053
56.405000000,-0.015616136,-0.021607721,1.009361200
56.410000000,0.023691277,0.052042897,0.996611543
56.415000000,-0.038670830,-0.034391522,1.006947787
56.420000000,0.053207965,-0.008340658,1.015583898
56.425000000,0.006259787,-0.054821414,1.007201901
56.430000000,-0.049607876,-0.005424073,1.008055415
56.435000000,0.015768614,0.046361451,1.010374669
56.440000000,0.027040153,-0.061779790,1.014474393
56.445000000,0.025788117,-0.047160808,1.007170325
56.450000000,-0.076465616,-0.039964419,0.996221810
56.455000000,0.009735245,0.020858574,0.998836709
56.460000000,0.022917967,0.021584789,1.009488903
56.465000000,-0.074928229,-0.054444400,1.003946823
56.470000000,-0.007940262,0.018059191,1.001146951
56.475000000,0.029787418,0.016555810,1.013933252
56.480000000,0.001825546,0.002644753,1.009118578
56.485000000,-0.000701592,0.020905544,1.008483262
56.490000000,0.037989706,-0.061468987,1.003132911
56.495000000,0.008883358,-0.052904478,1.000110529
56.500000000,-0.003418717,0.038556362,1.005267587
56.505000000,-0.010956773,0.008536578,1.013612004
56.510000000,-0.009065283,-0.005112157,1.018813475
56.515000000,0.038397745,0.027714069,1.003923260
56.520000000,-0.031190883,-0.042735570,1.001755659
56.525000000,-0.004378812,-0.043910622,1.007940655
56.530000000,0.043841882,-0.013409654,1.009305633
56.535000000,-0.049180818,-0.008206908,0.998407439
56.540000000,0.038528544,0.012365718,0.994766884
56.545000000,0.056847479,0.009116954,1.012758762
56.550000000,-0.028727744,0.023968070,1.012378653
56.555000000,0.027694717,-0.037727427,1.006186559
56.560000000,-0.009657225,-0.051938129,1.007100129
56.565000000,0.012091440,-0.009452865,1.005578123
56.570000000,0.024894825,-0.000959006,1.005989662
56.575000000,-0.032063438,-0.017342778,1.017607905
56.580000000,-0.012355636,-0.035172350,1.011504259
56.585000000,0.013848927,-0.019168036,1.004474276
56.590000000,-0.010339999,-0.007673177,1.011614342
56.595000000,-0.079835456,0.003646020,1.010275425
56.600000000,0.010987982,-0.066469853,1.006685397
56.605000000,-0.010831945,-0.015153782,1.003180701
56.610000000,-0.058672542,0.028009414,1.019313178
56.615000000,0.035183548,0.000407355,1.003841589
56.620000000,0.026243146,0.047824551,1.001622293
56.625000000,0.014182955,-0.045669143,1.016348440
56.630000000,0.034131655,-0.000163255,0.999230421
56.635000000,0.068320169,0.015793805,1.011660686
56.640000000,-0.050456115,0.017384222,1.011408726
56.645000000,-0.049437178,0.051230520,1.000261334
56.650000000,0.026301266,-0.053758166,1.009779717
56.655000000,-0.027123324,-0.018202323,1.003138633
56.660000000,0.003647477,-0.034109001,0.997760897
56.665000000,-0.011556898,0.016346883,1.004183756
56.670000000,0.034004183,0.011407598,1.007143815
56.675000000,-0.001647644,-0.026314247,1.012112409
56.680000000,-0.023757814,0.020914648,1.008425510
56.685000000,0.013266306,-0.062637520,1.000590129
56.690000000,-0.005740275,-0.008160290,1.000763129
56.695000000,0.051877344,-0.005752102,0.995768362
56.700000000,-0.032989197,-0.005515592,1.004257497
56.705000000,-0.027748256,-0.012787271,1.010680615
56.710000000,0.026418744,-0.072258489,1.012245034
56.715000000,-0.033274076,0.027132364,1.012497193
56.720000000,-0.008534336,0.023785437,1.004637771
56.725000000,0.020255472,-0.007224455,1.001298707
56.730000000,0.025558624,-0.031606577,1.000575731
56.735000000,-0.000440029,-0.031653895,1.013207750
56.740000000,0.017086322,0.008688267,1.008136078
56.745000000,0.016871718,-0.058075155,1.007691016
56.750000000,-0.066183667,0.004292819,1.003278721
56.755000000,-0.012704961,0.064301819,1.002009774
56.760000000,0.035910092,-0.080432641,1.019344702
56.765000000,-0.028803642,-0.031840025,0.997635443
56.770000000,0.013026233,-0.011337182,1.007984979
56.775000000,0.003949943,-0.064019061,1.014402665
56.780000000,-0.004919222,0.065748274,0.994415871
56.785000000,0.027228648,-0.054056529,1.008312800
56.790000000,-0.045197537,-0.078785141,1.013192253
56.795000000,-0.045435307,0.038583716,1.010220346
56.800000000,0.010017129,-0.018484848,1.002315870
56.805000000,0.032824314,0.034800426,1.004838411
56.810000000,-0.041198253,0.017638389,1.012348376
56.815000000,-0.007817764,-0.012815375,0.997215992
56.820000000,0.057814678,0.012277822,1.013896024
56.825000000,-0.027118966,-0.029102879,1.015995123
56.830000000,0.000431585,-0.009918830,1.000143710
56.835000000,-0.001685074,0.016337415,1.016517411
56.840000000,0.017266684,-0.028046230,1.000901807
56.845000000,0.055489020,-0.004189451,1.010394811
56.850000000,0.002351512,0.017173837,1.013634811
56.855000000,-0.012308117,-0.010171984,0.999428229
56.860000000,0.004538670,0.037377327,1.013507148
56.865000000,0.023164908,0.007809933,0.995104254
56.870000000,-0.010518474,-0.038690074,1.013508327
56.875000000,-0.040532818,-0.053745915,1.010265145
56.880000000,-0.007936138,-0.021426788,1.003835865
56.885000000,0.049190546,0.021963938,1.014526149
56.890000000,0.023678862,0.012986048,0.996704765
56.895000000,0.012700741,0.021303664,1.023080958
56.900000000,-0.001194628,-0.042367010,1.006305235
56.905000000,-0.006141982,-0.047828041,1.001257614
56.910000000,0.012202012,0.019703276,1.010987999
56.915000000,-0.017089387,0.036336991,0.987834363
56.920000000,0.003673814,-0.047827836,1.010936310
56.925000000,-0.030980988,-0.067256755,1.018712297
56.930000000,0.003390563,0.008433953,1.012821270
56.935000000,0.003051809,-0.000217376,1.008534057
56.940000000,0.017473028,0.010994537,1.005697619
56.945000000,0.040551552,-0.004903128,1.001656318
56.950000000,-0.045863925,-0.028700682,0.993419083
56.955000000,0.026707120,-0.063136533,1.001302766
56.960000000,-0.027578957,-0.024406704,1.013279144
56.965000000,-0.028524518,0.012149157,1.001006515
56.970000000,0.001493859,0.018660167,0.999671786
56.975000000,-0.024021353,0.047376479,1.006365528
56.980000000,0.011925377,-0.059329322,1.004099961
56.985000000,-0.040056124,-0.024898311,1.015347594
56.990000000,0.018932710,-0.012898570,0.999844214
56.995000000,-0.011234015,-0.021016248,1.003230600
57.000000000,0.000310712,0.024526318,1.008219997
57.005000000,0.027627726,-0.041199901,1.011247455
57.010000000,0.002580558,0.015720323,1.011923746
57.015000000,-0.004125987,0.046541710,0.999207035
57.020000000,-0.047957770,-0.017101285,1.011012445
57.025000000,0.007353191,-0.062018292,0.994888611
57.030000000,-0.045966767,-0.042677665,1.012186228
57.035000000,-0.002890929,-0.042064668,1.009354696
57.040000000,0.033116382,0.015404065,1.001876178
57.045000000,0.000617689,0.062437083,1.022955906
57.050000000,0.021869036,-0.069132953,0.999418858
57.055000000,0.015082824,-0.058336584,1.006773449
57.060000000,0.069598479,0.007939578,1.015707447
57.065000000,-0.000689980,0.003559583,1.008936982
57.070000000,-0.046442444,-0.037955260,1.008534411
57.075000000,0.017314238,0.005910876,1.010892223
57.080000000,0.031469010,0.066390344,1.006151226
57.085000000,-0.055143663,-0.014713041,1.005213435
57.090000000,0.052014602,-0.053186121,1.010415344
57.095000000,0.060200595,-0.050070568,0.991632986
57.100000000,-0.107892307,0.030244052,1.002530416
57.105000000,0.076764436,0.035735678,1.005532949
57.110000000,-0.009854530,-0.030758477,1.010155664
57.115000000,-0.097649285,-0.002061475,1.010940579
57.120000000,0.020863573,-0.022699408,1.007423533
57.125000000,0.016685600,-0.064338745,1.017892706
57.130000000,0.005402561,0.001019625,1.001832106
57.135000000,-0.030040886,0.034172985,1.004975196
57.140000000,0.081624646,-0.010906686,1.004165879
57.145000000,0.005770011,-0.002861036,1.010970661
57.150000000,-0.037604552,-0.021053241,1.004968713
57.155000000,-0.025744507,0.028032999,1.000235350
57.160000000,-0.025065513,0.035117087,1.010063902
57.165000000,0.060296831,-0.020071089,1.001128066
57.170000000,-0.040388622,-0.014615293,1.019059500
57.175000000,0.065136153,-0.059182888,1.007350703
57.180000000,-0.015011968,0.005484282,1.005483488
57.185000000,-0.073202435,-0.008076261,1.016865511
57.190000000,0.077401067,-0.027772881,1.003001337
57.195000000,-0.038594535,0.007924145,1.001753037
57.200000000,-0.006749458,-0.027606471,1.004155703
57.205000000,-0.016358512,0.013744471,1.004313111
57.210000000,-0.017183000,-0.012330822,0.998281045
57.215000000,0.028694127,0.011806254,1.008985754
57.220000000,0.001240371,-0.035062249,1.006818463
57.225000000,0.025651299,-0.047639702,1.006071614
57.230000000,-0.028993646,0.056686148,1.019199294
57.235000000,0.037226314,-0.043676333,1.009068394
57.240000000,-0.029309780,-0.008530431,1.000202289
57.245000000,-0.067236593,0.037144910,1.005187895
57.250000000,0.042852101,-0.021472699,1.008464022
57.255000000,-0.041460591,-0.004445053,1.008085825
57.260000000,0.022357672,-0.065251119,1.012274100
57.265000000,0.027971964,-0.043695621,1.005080311
57.270000000,-0.017892566,0.027971226,1.002039023
57.275000000,0.067981881,0.011767250,1.014282965
57.280000000,0.005909446,-0.034789758,1.006988682
57.285000000,-0.018856113,-0.031282282,1.005689734
57.290000000,-0.014781994,-0.006587111,1.011132069
57.295000000,-0.012171597,-0.044031771,1.011252654
57.300000000,-0.004885330,0.020082345,1.004112859
57.305000000,-0.009221380,0.031297872,0.999844075
57.310000000,-0.010244661,-0.009290934,1.014101856
57.315000000,-0.009136723,0.018241858,1.000857640
57.320000000,0.045677542,-0.056196517,0.993814608
57.325000000,-0.013854307,-0.028843040,1.005574298
57.330000000,-0.033939488,0.030057949,0.994365592
57.335000000,-0.011733310,-0.028935785,1.012757015
57.340000000,0.031797392,-0.016702706,1.014291359
57.345000000,0.041998239,-0.002726676,1.013464317
57.350000000,-0.060818084,-0.015546702,1.010554779
57.355000000,0.056627399,0.022817552,0.994768286
57.360000000,0.012921837,-0.007626539,1.018398370
57.365000000,-0.031072649,-0.028401584,1.002681293
57.370000000,0.108720749,0.029571670,1.004505596
57.375000000,-0.008727980,-0.028277890,1.007402329
57.380000000,-0.015521621,-0.026092120,0.994581889
57.385000000,0.020211103,-0.021913850,1.013456393
57.390000000,-0.048845780,0.002356126,0.998258916
57.395000000,0.026285176,0.063243763,1.001102707
57.400000000,0.061234603,-0.066419727,1.016134957
57.405000000,-0.063110643,-0.019794924,1.008658827
57.410000000,-0.059238324,-0.002778411,0.993146127
57.415000000,0.028078378,-0.036122979,1.012046476
57.420000000,-0.032359736,0.037596033,1.026620829
57.425000000,0.008118553,-0.048834340,1.003057852
57.430000000,0.021032867,0.008765717,1.003510174
57.435000000,-0.022678326,0.018613964,0.999723903
57.440000000,0.038542850,-0.037667788,1.012537282
57.445000000,-0.007520312,0.023386165,1.007309062
57.450000000,-0.047302124,-0.026527263,1.007856261
57.455000000,-0.002916598,-0.035658039,1.009179746
57.460000000,0.015198630,-0.039835005,0.995952724
57.465000000,-0.019014185,-0.032671914,1.028889068
57.470000000,-0.014620076,0.007093140,1.000952466
57.475000000,0.020429090,-0.053235221,0.991621255
57.480000000,-0.010701249,0.001290777,1.020427949
57.485000000,-0.005442893,0.023149035,1.007888546
57.490000000,0.001752147,-0.074657654,1.012283191
57.495000000,-0.013120026,0.050465306,1.012177552
57.500000000,-0.024943150,0.018168469,1.004515773
57.505000000,-0.031921463,-0.070135741,1.000317723
57.510000000,0.017840497,0.035352049,1.005445826
57.515000000,-0.013168474,-0.026021267,1.004318468
57.520000000,-0.018316086,0.033135274,1.010683367
57.525000000,0.078565186,0.004369830,1.003845040
57.530000000,-0.015396761,-0.077287978,0.995429231
57.535000000,-0.029505495,0.003331342,1.017132756
57.540000000,0.080631744,-0.054157277,1.013064151
57.545000000,-0.002231000,0.040783283,1.007110760
57.550000000,-0.004202256,0.035783429,1.009922765
57.555000000,0.021422895,-0.001990128,0.999596826
57.560000000,-0.015404396,0.018292124,1.001928738
57.565000000,-0.014390266,-0.060144445,1.014605547
57.570000000,-0.013846483,-0.009308263,1.009310925
57.575000000,0.001989492,-0.025928955,1.001421237
57.580000000,-0.035396577,0.037692012,1.005391268
57.585000000,0.022382424,0.029760924,1.005714707
57.590000000,-0.006375276,-0.026677918,1.008416061
57.595000000,-0.045898855,-0.011524233,1.003967212
57.600000000,0.051680256,-0.079175755,1.010657408
57.605000000,-0.031697003,0.016100964,1.002880222
57.610000000,0.009964298,0.025945840,1.002603886
57.615000000,0.054622045,0.020458747,1.012570437
57.620000000,-0.014886038,-0.008314585,1.009020454
57.625000000,0.036315808,-0.028936239,1.006609837
57.630000000,-0.007521546,0.026051140,1.003586486
57.635000000,-0.008534245,-0.046765145,1.010591745
57.640000000,-0.003215349,-0.019922983,1.008357716
57.645000000,-0.078655220,-0.028057830,1.002676107
57.650000000,0.000502199,0.027416876,1.007888462
57.655000000,0.082904880,-0.018054521,1.002752680
57.660000000,0.018022718,-0.049842527,0.999074631
57.665000000,0.032194261,0.050592621,1.012499528
57.670000000,0.046639843,-0.058479132,1.009641561
57.675000000,-0.025390561,-0.002880815,1.001891396
57.680000000,0.019039670,0.009096703,1.017238589
57.685000000,0.005843197,-0.056277234,1.004784144
57.690000000,-0.014904808,-0.064112546,1.005517988
57.695000000,-0.025715735,0.018400287,1.006978030
57.700000000,-0.059003559,0.024381247,1.008377003
57.705000000,0.045029188,-0.077360722,1.010833926
57.710000000,0.061260436,0.068469647,0.995804039
57.715000000,-0.020729868,-0.016678075,1.010510617
57.720000000,-0.042410579,-0.024213298,1.008926364
57.725000000,-0.000073605,-0.022298671,1.009771503
57.730000000,-0.030279245,-0.063776409,1.000469842
57.735000000,-0.023869124,0.105516603,0.999975864
57.740000000,-0.021113272,-0.065179517,1.014908807
57.745000000,-0.048341252,-0.042233326,1.002918962
57.750000000,0.065765798,0.036513621,1.014665774
57.755000000,-0.020899893,-0.035245819,1.007772707
57.760000000,-0.007037390,0.007053498,1.010385328
57.765000000,0.071705336,-0.056378126,1.008655566
57.770000000,-0.057726590,-0.009972801,1.001019969
57.775000000,-0.012503750,0.048104090,1.008518149
57.780000000,0.046908812,0.015758843,1.001859103
57.785000000,0.043184619,-0.027112991,1.012673223
57.790000000,-0.041489164,-0.026173920,1.003551107
57.795000000,-0.043590848,-0.010246032,1.005603425
57.800000000,0.035767429,-0.007098735,1.013848429
57.805000000,-0.024258949,-0.023594890,1.001589518
57.810000000,-0.023863718,-0.038839807,1.009460803
57.815000000,0.012835532,0.020065812,1.015329893
57.820000000,0.000657130,0.012605937,1.008086702
57.825000000,-0.018639059,0.010080396,1.001167530
57.830000000,0.049403142,-0.006674215,1.008493496
57.835000000,0.011653010,-0.026651336,1.001856929
57.840000000,-0.007198254,0.016098134,1.010213043
57.845000000,0.017911984,-0.003155948,1.011231702
57.850000000,-0.041366719,-0.054204679,0.998307845
57.855000000,0.043421233,0.007188733,1.004825531
57.860000000,-0.033797957,0.025338131,0.998425245
57.865000000,-0.021003857,-0.024897142,1.008473282
57.870000000,0.055688045,0.019015504,1.008182984
57.875000000,-0.025732252,-0.051156670,1.002450623
57.880000000,0.001910444,-0.053595874,1.018045828
57.885000000,-0.036558510,0.015080409,1.007848391
57.890000000,-0.013800478,0.002642306,0.995341570
57.895000000,-0.037955474,-0.007185129,1.009783058
57.900000000,-0.030143660,-0.055093513,1.013719972
57.905000000,0.105975249,-0.006192572,1.006139213
57.910000000,-0.000531941,0.006775244,1.012506034
57.915000000,-0.062806087,-0.033046302,0.998780468
57.920000000,0.090917869,-0.036631882,1.006071544
57.925000000,0.040445739,-0.016428469,1.015218112
57.930000000,-0.062944605,0.024715587,1.006222172
57.935000000,0.044899228,0.015562623,1.013390365
57.940000000,-0.038132904,-0.032433113,1.006238205
57.945000000,-0.046190915,-0.056915975,1.001004460
57.950000000,0.039740514,0.003753997,1.016030429
57.955000000,-0.016140762,0.011022810,1.007172833
57.960000000,0.039622481,0.008240844,0.990458836
57.965000000,-0.015367954,0.022181303,1.015450509
57.970000000,-0.001435825,0.043538102,1.013404724
57.975000000,0.003552019,0.000290928,0.998002318
57.980000000,-0.053032908,-0.030771081,1.008854279
57.985000000,0.009003205,0.015904910,0.995489419
57.990000000,-0.012860724,-0.056794472,1.003099608
57.995000000,0.015170266,-0.037424291,1.017571611
58.000000000,0.021526310,-0.017872219,1.014772179
58.005000000,0.010831452,0.019176275,1.006652033
58.010000000,0.025317997,0.037409790,1.001094789
58.015000000,0.037141671,-0.001989282,1.009144525
58.020000000,0.039348856,0.040684191,1.008267959
58.025000000,-0.020123281,-0.062524167,1.003132581
58.030000000,-0.010948941,-0.043700097,1.006252862
58.035000000,-0.009314503,0.019230220,1.011101846
58.040000000,-0.029467310,-0.027099170,1.004565787
58.045000000,-0.061976584,-0.011072561,1.000417937
58.050000000,-0.014312050,0.008479532,1.002719928
58.055000000,0.052985900,-0.009669547,1.018375531
58.060000000,0.005159926,-0.065798767,1.013162468
58.065000000,0.002400749,-0.011224233,0.980440663
58.070000000,0.036169218,0.054725393,1.009769682
58.075000000,-0.003398115,0.039418656,1.007705252
58.080000000,-0.010521484,-0.049002666,0.997756198
58.085000000,0.050179426,-0.090921658,1.017520528
58.090000000,-0.031044167,-0.042453175,1.002606511
58.095000000,-0.051821715,0.005190477,1.011064191
58.100000000,0.052589739,-0.005071707,1.010622426
58.105000000,0.025218121,-0.007857405,0.997685749
58.110000000,-0.019787938,0.008777662,1.004670669
58.115000000,-0.010515946,-0.076661181,1.003719447
58.120000000,0.026096936,0.046099449,1.000989490
58.125000000,-0.035934890,0.028158448,1.008733661
58.130000000,-0.022812920,-0.108181578,1.009048145
58.135000000,0.046145664,0.006479108,1.011976288
58.140000000,-0.044042571,-0.023865936,1.006436114
58.145000000,0.000871496,-0.010579777,0.994325109
58.150000000,0.023172875,0.014931509,1.017475383
58.155000000,-0.033582480,0.035864939,1.001928442
58.160000000,-0.001984817,-0.003135637,0.997901172
58.165000000,-0.025274599,-0.093917626,1.021093715
58.170000000,-0.019830492,-0.001763541,1.002632117
58.175000000,-0.010654772,-0.018414161,1.013606921
58.180000000,0.054475895,0.031664768,1.017696672
58.185000000,0.066634419,0.060560245,1.016270513
58.190000000,-0.033458959,-0.074683502,1.017843913
58.195000000,0.029071792,-0.019459774,1.000113320
58.200000000,-0.027054857,0.014302565,0.999787365
58.205000000,-0.052313830,-0.049505888,1.004505646
58.210000000,0.015673609,0.041984651,1.014875397
58.215000000,-0.071113267,-0.002311977,1.008377273
58.220000000,0.013028383,-0.044575672,1.004574680
58.225000000,-0.002266930,0.038561389,1.013525674
58.230000000,-0.041617367,-0.073965814,1.001917756
58.235000000,0.016183488,-0.013648901,1.005986815
58.240000000,-0.022465652,0.061633916,1.010265575
58.245000000,0.049995055,-0.002065428,1.007739625
58.250000000,0.004947374,-0.017959579,1.007442079
58.255000000,-0.037175348,-0.026966211,1.000676134
58.260000000,0.027039234,0.040344308,1.011281079
58.265000000,0.033225152,-0.013895983,1.011824079
58.270000000,-0.027365053,-0.027565683,0.996444209
58.275000000,-0.047557809,-0.021307125,0.996296376
58.280000000,0.026272719,-0.016486805,1.004735384
58.285000000,0.007144280,-0.036040696,1.006280733
58.290000000,0.045259256,-0.038777883,1.005868583
58.295000000,-0.016823698,0.076105479,0.999302803
58.300000000,-0.048086898,-0.019714356,1.010982876
58.305000000,0.058671369,-0.027369209,1.016906374
58.310000000,0.045952053,-0.024647005,0.991382018
58.315000000,0.048230417,-0.034419971,1.006370229
58.320000000,-0.007509092,0.019393605,1.012385515
58.325000000,-0.011171512,-0.012309819,1.001664680
58.330000000,0.023281779,0.065219523,1.010513871
58.335000000,0.015775777,-0.020117164,1.000778554
58.340000000,-0.015968458,-0.031577476,1.013749358
58.345000000,0.015623779,0.022109358,1.014171967
58.350000000,0.026989853,-0.030414916,0.995874643
58.355000000,-0.085087677,-0.000001148,1.006621488
58.360000000,0.034527003,-0.018841392,1.003380492
58.365000000,0.046181186,-0.007378050,1.003867962
58.370000000,0.000373529,-0.013393690,1.012436437
58.375000000,-0.000386441,-0.009911441,1.003094757
58.380000000,-0.050599942,-0.017117822,1.010162373
58.385000000,0.034766363,-0.024560191,1.013595011
58.390000000,-0.015352619,0.035328662,0.996851204
58.395000000,-0.004260040,-0.001284561,1.005118838
58.400000000,-0.012569527,-0.024358780,1.014172916
58.405000000,-0.034209969,0.001591187,1.007754382
58.410000000,0.013448739,-0.029565429,1.012574660
58.415000000,-0.008891214,-0.062083133,1.008411147
58.420000000,0.012519484,-0.038965139,1.008621658
58.425000000,0.001825272,0.000014338,1.000014636
58.430000000,0.031473271,0.032549096,1.000659761
58.435000000,-0.038429548,-0.027975876,1.012514820
58.440000000,-0.015964769,-0.051776628,1.013552263
58.445000000,0.013312341,-0.023538352,1.006785857
58.450000000,-0.008276830,-0.021172205,1.004946102
58.455000000,0.055287296,0.067358393,1.007339730
58.460000000,-0.065323133,-0.009732125,1.002500635
58.465000000,0.009117197,-0.041010399,1.006853145
58.470000000,0.034943159,0.007242385,1.004433303
58.475000000,0.015208005,-0.034407888,1.016332596
58.480000000,0.032000760,-0.003045288,1.006593672
58.485000000,-0.075069586,-0.021333267,0.998646472
58.490000000,-0.010469731,0.021108995,1.016275654
58.495000000,-0.073029257,-0.023627959,0.997221384
58.500000000,0.003199601,-0.025315522,1.016162321
58.505000000,0.025896497,0.059915320,1.011416921
58.510000000,-0.073084954,-0.068890267,1.000876020
58.515000000,0.051421682,-0.000812753,1.009428869
58.520000000,-0.005371208,0.011407870,1.000278939
58.525000000,0.020489139,-0.050100601,1.003775534
58.530000000,0.019453328,0.017619606,1.004493029
58.535000000,-0.032688569,-0.042908823,1.025188326
58.540000000,0.029583885,0.015487716,1.003101304
58.545000000,-0.032082182,-0.019079705,1.005144621
58.550000000,-0.006588655,-0.037771307,1.006989122
58.555000000,0.029834611,0.058963874,1.002432580
58.560000000,-0.029146670,-0.080371634,1.022883651
58.565000000,-0.015633945,-0.045451909,0.987982673
58.570000000,0.024646435,0.015916669,1.009476640
58.575000000,0.004386755,-0.034197145,1.007492874
58.580000000,0.030870199,0.034788587,1.003166685
58.585000000,0.017859939,0.003478742,1.021220068
58.590000000,0.003382776,-0.023198902,1.003694517
58.595000000,0.040218750,-0.017400507,1.014751593
58.600000000,-0.052708001,-0.004017082,0.995164729
58.605000000,-0.025054472,0.009655808,0.999339185
58.610000000,0.026246283,-0.005294299,1.006243254
58.615000000,-0.000772012,0.005562038,1.010006872
58.620000000,-0.020097616,-0.017821879,1.014050255
58.625000000,-0.017989717,-0.021263577,1.006631313
58.630000000,0.083424219,-0.009959714,1.015153957
58.635000000,0.051614265,0.024206810,0.996351228
58.640000000,-0.015695331,0.012014181,1.006482617
58.645000000,-0.002443149,0.005407256,1.002886114
58.650000000,0.026691278,0.000738432,1.007687125
58.655000000,-0.033630909,-0.054584657,1.009782025
58.660000000,-0.078699923,-0.007159377,0.988503544
58.665000000,0.019308781,-0.001185827,1.010609857
58.670000000,0.028209272,0.003669493,1.014490805
58.675000000,0.039561619,0.029122561,1.009601180
58.680000000,0.003927330,0.019229653,1.005333563
58.685000000,-0.022685098,-0.011825256,1.013201844
58.690000000,-0.011171722,-0.043428067,1.001652724
58.695000000,-0.059574274,-0.034105402,0.994381328
58.700000000,0.029458230,-0.024062191,1.015896995
58.705000000,-0.030494434,0.030327505,1.006619388
58.710000000,-0.052295281,0.034018966,0.995359905
58.715000000,0.129307608,0.032881593,0.998414363
58.720000000,0.032819732,-0.039256895,1.008889271
58.725000000,-0.049067386,-0.057554950,1.005665880
58.730000000,0.041125481,0.019061763,1.010089665
58.735000000,-0.017596546,-0.053146240,1.004702686
58.740000000,-0.050445593,-0.000545777,1.001909605
58.745000000,-0.005604801,-0.007103079,1.012731877
58.750000000,0.002346059,-0.040354115,1.007032974
58.755000000,0.037838514,0.015209313,1.019763715
58.760000000,0.014925672,-0.040414630,0.998911070
58.765000000,-0.024257094,-0.024283570,1.001036481
58.770000000,-0.014269277,-0.012613611,1.024997419
58.775000000,-0.011235302,-0.026049294,0.997476534
58.780000000,-0.003043327,-0.058136783,1.008528148
58.785000000,-0.002519897,-0.054679064,1.021623632
58.790000000,-0.009659422,0.009909338,1.015250130
58.795000000,-0.037860596,-0.050701290,1.004242641
58.800000000,-0.008272636,-0.029662742,0.995804637
58.805000000,0.061412910,0.060101816,1.013736779
58.810000000,0.020128221,-0.004710760,1.010324713
58.815000000,-0.020395042,0.042186178,1.004410868
58.820000000,0.037520076,-0.011248983,1.013578766
58.825000000,0.001366000,-0.141804017,1.004118483
58.830000000,-0.024783979,0.058652120,1.002248865
58.835000000,-0.002558390,0.033066685,1.006004814
58.840000000,-0.061902890,-0.036990132,1.011879283
58.845000000,0.035598156,0.011187328,1.010390785
58.850000000,0.043919933,-0.061375522,1.002873706
58.855000000,-0.039172972,0.014573195,1.000597415
58.860000000,0.022521051,-0.001713304,0.998246037
58.865000000,-0.050195176,-0.006848490,1.007597772
58.870000000,-0.028909365,0.029135111,1.002401895
58.875000000,0.079338874,0.018367830,1.006778384
58.880000000,-0.000653423,0.022936368,1.018999544
58.885000000,-0.022861866,0.017730894,1.004521754
58.890000000,0.011533006,0.005580281,0.996538089
58.895000000,-0.030119248,-0.052274033,1.013681749
58.900000000,-0.017935860,-0.015742225,1.007352867
58.905000000,0.012934800,-0.016165671,0.992804358
58.910000000,-0.003231490,-0.004878636,1.009872097
58.915000000,0.012591011,0.013510476,0.997504675
58.920000000,0.032562106,0.015938794,1.003066791
58.925000000,0.000273114,-0.017213929,1.011709929
58.930000000,-0.006234519,-0.085238330,1.000659935
58.935000000,0.028021289,0.014807418,1.010820591
58.940000000,-0.045325988,-0.019414344,1.001758337
58.945000000,-0.029180358,-0.037602104,1.015424031
58.950000000,0.031826879,0.017263688,1.008119771
58.955000000,-0.039300763,-0.030585179,0.998285661
58.960000000,0.011608004,-0.033529606,1.014666885
58.965000000,0.046697362,-0.011845907,1.004367005
58.970000000,-0.008833686,-0.006634872,1.011886801
58.975000000,0.015956312,-0.006825185,1.007380536
58.980000000,0.034181566,0.031255426,1.008838651
58.985000000,-0.037780212,-0.005548417,1.008955485
58.990000000,0.001838687,-0.008515944,1.001387881
58.995000000,0.039778433,-0.016999258,1.005674784
59.000000000,-0.058541418,-0.044884195,1.003801696
59.005000000,0.018797699,0.002238829,1.014806299
59.010000000,0.044909697,-0.015478961,1.011808300
59.015000000,-0.004300853,0.013123791,1.007503402
59.020000000,0.001805026,0.024692928,1.006788104
59.025000000,-0.035866934,-0.038837004,1.002540309
59.030000000,-0.012700386,-0.028387443,1.007370253
59.035000000,0.018095558,0.015049346,1.009251567
59.040000000,0.014150419,-0.076716936,1.000555304
59.045000000,0.022266559,-0.020352343,1.004339215
59.050000000,0.027232366,0.079669305,1.009098535
59.055000000,-0.020691321,-0.021593367,1.009956632
59.060000000,-0.007622639,-0.016207208,1.014154475
59.065000000,-0.035933974,-0.027199071,1.004488896
59.070000000,-0.030949803,0.009420147,1.007382388
59.075000000,0.025457173,0.007399057,1.008706860
59.080000000,0.002599763,-0.018383903,1.005187367
59.085000000,0.051664585,0.014380858,1.004921480
59.090000000,-0.016160622,-0.031170382,1.008109930
59.095000000,0.013927268,0.027033606,1.013465088
59.100000000,-0.009730634,-0.009921736,0.992993186
59.105000000,-0.074786320,-0.014119102,1.008237238
59.110000000,0.063933196,-0.001549625,1.015121267
59.115000000,-0.020972093,-0.021885755,1.002334015
59.120000000,-0.022143032,0.030977624,1.018693288
59.125000000,-0.010358234,-0.057325554,1.003052017
59.130000000,-0.017012660,-0.033501539,0.992688123
59.135000000,0.006784575,0.027245965,1.006618881
59.140000000,-0.050080864,-0.041346039,0.998769555
59.145000000,0.031524622,0.017716314,1.004105207
59.150000000,0.000519886,0.007254397,1.015022567
59.155000000,-0.010056272,-0.104721588,1.005499887
59.160000000,0.051359862,0.043764840,1.013764563
59.165000000,0.041106134,0.037288261,1.006415453
59.170000000,-0.048323645,-0.073397384,1.000957860
59.175000000,-0.018020489,0.006297238,1.010785098
59.180000000,0.066319060,-0.032832684,1.000523719
59.185000000,-0.043107464,-0.001039900,1.008465176
59.190000000,0.007643899,-0.014021068,1.004829275
59.195000000,0.027646015,-0.010710508,1.003929799
59.200000000,-0.026884770,0.012572271,1.011259634
59.205000000,-0.004358096,-0.034412516,1.003767733
59.210000000,-0.010186208,0.018340468,1.005196602
59.215000000,-0.014190467,-0.032243405,1.011122019
59.220000000,-0.017277078,-0.021571383,1.010352162
59.225000000,0.034016231,-0.036391138,0.997772236
59.230000000,-0.020824434,-0.041044182,1.014838968
59.235000000,-0.013960187,0.001848320,1.007067259
59.240000000,0.044747145,-0.019465285,0.996434288
59.245000000,-0.003859501,0.008882143,1.019851057
59.250000000,0.032354796,-0.009564947,0.996298293
59.255000000,0.043921093,-0.011503173,1.004787708
59.260000000,-0.006287590,-0.047297598,1.023273492
59.265000000,-0.062774058,-0.019788523,1.002134553
59.270000000,-0.031299585,0.021609704,1.006221829
59.275000000,0.048045489,-0.022540586,1.005595373
59.280000000,-0.025045247,-0.028968063,1.017636960
59.285000000,0.004890171,0.020316171,1.015198777
59.290000000,0.089734874,0.045008101,0.995362311
59.295000000,-0.020944905,-0.051234622,1.008668809
59.300000000,-0.006147258,0.005430609,1.016860639
59.305000000,0.019225539,0.011194685,1.006536279
59.310000000,-0.047262323,-0.043258632,0.989301238
59.315000000,-0.006176192,0.065625104,1.013590100
59.320000000,-0.019678970,-0.003966697,1.012542171
59.325000000,-0.012088034,-0.062542443,0.993071339
59.330000000,-0.004429564,0.009377013,1.010200937
59.335000000,0.014887846,0.028483351,0.998740863
59.340000000,0.048261729,-0.007083466,1.008411958
59.345000000,-0.020301267,-0.034944169,1.015783226
59.350000000,-0.021014003,0.012095627,1.003230000
59.355000000,-0.029907593,-0.018604196,1.003844790
59.360000000,-0.015135785,-0.044179927,1.009662286
59.365000000,0.019662840,0.028015738,1.016715361
59.370000000,-0.017731751,0.034057862,0.995234175
59.375000000,0.006562959,0.003709879,1.006770273
59.380000000,0.043941652,-0.042347925,1.004162037
59.385000000,-0.024395022,0.011973818,1.008309362
59.390000000,-0.036186356,0.034248555,1.011054961
59.395000000,0.048560340,-0.024391232,0.996092584
59.400000000,-0.027016509,0.021244907,1.024071779
59.405000000,-0.001814693,-0.051221828,0.995253021
59.410000000,0.017210387,-0.003119543,0.996508787
59.415000000,-0.035610482,0.018088897,1.014032032
59.420000000,0.063683231,-0.082177443,1.000324269
59.425000000,-0.032121616,0.038646304,1.012127575
59.430000000,-0.013176814,-0.043892118,1.009061249
59.435000000,0.047776389,-0.068601369,1.002817771
59.440000000,-0.064521844,0.032551690,1.000830337
59.445000000,-0.023097544,-0.023303396,1.008827189
59.450000000,0.002202590,0.000370661,1.003674403
59.455000000,0.055611619,-0.056741701,1.013032569
59.460000000,0.012636299,-0.036737121,1.006370421
59.465000000,-0.013980900,0.066198772,0.999068263
59.470000000,0.042054219,0.013595122,1.019615048
59.475000000,-0.037035142,-0.002887087,1.001249506
59.480000000,-0.017852641,-0.036608734,1.008271340
59.485000000,-0.007687831,-0.068866226,1.006978563
59.490000000,0.000992462,-0.037611755,1.003593125
59.495000000,0.072161933,-0.038923385,1.021232186
59.500000000,0.042005176,0.017209054,1.008743174
59.505000000,-0.044433533,0.015929437,1.007938220
59.510000000,-0.015407868,-0.046072012,1.008248696
59.515000000,0.034122439,-0.022503452,1.008422145
59.520000000,-0.023373268,0.011089177,1.002165405
59.525000000,-0.019367036,-0.023809603,1.003835326
59.530000000,0.018220979,-0.053723566,1.008960461
59.535000000,0.047323289,0.036564803,1.004386004
59.540000000,-0.020704974,0.003738720,1.006573110
59.545000000,-0.010822207,-0.017936308,1.006836919
59.550000000,0.037604378,0.030546628,1.013178230
59.555000000,-0.032530407,-0.029536511,1.013120822
59.560000000,0.008909603,0.022427497,1.009624634
59.565000000,-0.036094106,-0.029062013,0.999807238
59.570000000,-0.034221639,-0.068772460,0.998009252
59.575000000,0.017472922,0.037344917,0.999076632
59.580000000,-0.007684087,0.046504594,0.995999443
59.585000000,-0.002077518,0.002133541,1.004142920
59.590000000,-0.009268632,-0.045414161,1.009771577
59.595000000,-0.019054993,-0.023883960,1.018874130
59.600000000,-0.012986354,0.005693671,1.014848576
59.605000000,0.087903130,0.021425354,1.004458333
59.610000000,-0.005355183,-0.008928377,0.997791040
59.615000000,-0.001822848,-0.029000256,1.010147264
59.620000000,0.046249879,-0.021532302,1.014022112
59.625000000,-0.083607023,-0.004892244,1.005639963
59.630000000,0.013055505,0.044366173,1.000942515
59.635000000,-0.022012924,-0.015509181,0.996149859
59.640000000,-0.043783814,-0.054044613,1.010008977
59.645000000,0.005304910,-0.009043600,1.003417490
59.650000000,-0.003187448,0.009517153,1.008855210
59.655000000,0.025854423,-0.043242077,1.007979569
59.660000000,-0.015584808,0.011361017,1.004707968
59.665000000,-0.000794292,0.052214067,1.016208962
59.670000000,0.018336585,-0.041011040,0.994919284
59.675000000,-0.001680281,0.013354352,1.005458173
59.680000000,-0.091441871,-0.058865648,1.015941043
59.685000000,-0.027076703,-0.085344415,1.006084109
59.690000000,0.074183304,0.053516132,1.002746624
59.695000000,0.054238837,0.009096837,1.010522495
59.700000000,0.029509007,-0.031695776,1.012121505
59.705000000,0.001465660,-0.010425088,1.009296218
59.710000000,0.061140325,-0.002252909,1.018691725
59.715000000,-0.025953051,-0.031090968,0.999485045
59.720000000,-0.059933913,-0.011255749,0.998461090
59.725000000,0.004868204,-0.013922514,1.008444627
59.730000000,0.015129948,0.007519095,1.002341313
59.735000000,-0.016667747,0.069054016,1.005889918
59.740000000,-0.041533486,-0.053482900,1.001617330
59.745000000,0.025597933,-0.058410681,1.013347938
59.750000000,-0.017185182,0.013235435,1.010409584
59.755000000,0.032022789,-0.003088419,1.007239846
59.760000000,0.045060558,-0.009533133,1.011850778
59.765000000,-0.032584349,-0.051432817,0.998008558
59.770000000,0.001727570,0.002097940,1.011985143
59.775000000,-0.017724149,0.008514248,1.008625182
59.780000000,-0.024948340,-0.027746413,0.995419092
59.785000000,0.036460903,-0.008240983,1.015160367
59.790000000,0.030998234,-0.026101765,1.009066581
59.795000000,-0.048665217,0.012626645,1.002315676
59.800000000,0.015188170,-0.010919124,1.010821506
59.805000000,0.025747670,0.004923272,1.004548975
59.810000000,-0.015240816,0.022397781,1.013355769
59.815000000,0.022395039,-0.015313697,1.016286788
59.820000000,0.000792394,0.050939125,0.997840750
59.825000000,0.021111443,-0.034154314,1.001158640
59.830000000,0.014878133,-0.035258399,1.016383368
59.835000000,-0.020450017,-0.005490681,1.009986823
59.840000000,-0.002073272,-0.055365956,1.000088212
59.845000000,-0.020567391,0.039758551,1.007605275
59.850000000,-0.039661380,0.007300273,1.010498359
59.855000000,0.052155318,-0.008666214,1.004423590
59.860000000,0.014329041,-0.007689825,1.000881268
59.865000000,-0.046206472,-0.043680126,0.999954059
59.870000000,0.020270225,0.001613321,1.002384619
59.875000000,-0.003737608,-0.010989473,1.011524350
59.880000000,0.036125928,-0.043326758,1.007826570
59.885000000,-0.011424135,-0.022503444,1.005417599
59.890000000,-0.038175171,0.005098089,1.013691098
59.895000000,0.027384223,-0.049242131,1.008297856
59.900000000,0.000079756,-0.019027216,1.003590647
59.905000000,0.010433144,0.004259336,1.004156707
59.910000000,0.004095861,0.020248455,1.004484800
59.915000000,-0.006763500,0.012357117,1.009843092
59.920000000,-0.042595729,-0.092412903,1.010725706
59.925000000,-0.060062146,0.018894262,1.005705944
59.930000000,-0.001809872,0.031506642,0.997209614
59.935000000,0.079546173,0.004286442,1.008669725
59.940000000,0.015456137,-0.006016707,1.013892502
59.945000000,-0.045874008,-0.081700674,0.998822594
59.950000000,-0.004354840,0.019077749,1.000521982
59.955000000,-0.005710109,-0.020406927,1.010836398
59.960000000,0.034289026,0.019260310,1.005578020
59.965000000,0.000391977,0.020486999,0.999066349
59.970000000,0.038688131,-0.051345627,1.009949989
59.975000000,0.000910807,0.037042655,1.011202315
59.980000000,-0.077115776,-0.027622424,1.005590920
59.985000000,-0.027649622,-0.042226416,1.010859720
59.990000000,-0.020250939,-0.063415357,0.999391539
59.995000000,-0.004014548,-0.017023724,0.998355926
