time_s,X_g,Y_g,Z_g
0.000000000,0.003831458,0.044256538,1.003546839
0.005000000,0.054720128,-0.026478609,1.007077464
0.010000000,-0.029448062,0.014355685,1.011742216
0.015000000,0.013842293,-0.054224459,1.007034852
0.020000000,0.079997414,-0.028684427,1.012568093
0.025000000,-0.045053338,0.024313175,1.000593359
0.030000000,0.033448125,-0.021005272,1.006617411
0.035000000,0.002629206,0.014998432,1.007724061
0.040000000,-0.008719554,0.010757609,0.998832189
0.045000000,0.040853138,0.026633013,1.012350982
0.050000000,-0.006242370,-0.007068558,1.004539899
0.055000000,-0.027120447,0.014880500,1.004869034
0.060000000,-0.015563684,0.041658007,1.010386953
0.065000000,0.010703227,-0.020245408,1.011766025
0.070000000,-0.027347909,-0.016358818,1.003601236
0.075000000,-0.012956802,-0.044761241,1.004974616
0.080000000,0.017219385,0.010045627,1.017767882
0.085000000,0.060490727,0.051126113,1.008174707
0.090000000,0.028405984,-0.028431699,1.008800187
0.095000000,-0.022403052,0.001245839,0.999533294
0.100000000,-0.012284868,0.047799066,1.007558116
0.105000000,-0.031098102,0.006776115,1.020929524
0.110000000,0.020545017,0.007640738,1.002565091
0.115000000,0.067671700,-0.005699051,1.005334600
0.120000000,0.039185670,-0.057143318,1.015303008
0.125000000,0.020373482,0.000755704,0.996926201
0.130000000,0.023018472,0.048187941,0.999128290
0.135000000,-0.051717092,0.003784834,1.008222580
0.140000000,-0.001585030,-0.013398167,0.993988812
0.145000000,0.008829534,-0.018880399,1.010124656
0.150000000,-0.070722135,-0.027688725,1.005810855
0.155000000,0.036055455,-0.005879707,1.001367470
0.160000000,0.046598158,-0.038964678,1.014964587
0.165000000,0.003421878,0.000659977,1.000757381
0.170000000,-0.045252712,0.072151974,1.007843570
0.175000000,0.008614077,-0.062314872,1.005761861
0.180000000,0.026468229,-0.034756470,1.007973475
0.185000000,-0.049019985,0.047621738,1.002087129
0.190000000,0.035922107,-0.065650362,0.998350400
0.195000000,-0.039142042,-0.041067798,1.009277017
0.200000000,-0.019239789,0.041333984,0.997972543
0.205000000,0.069618377,0.032361148,1.006881926
0.210000000,-0.016263509,0.031658928,1.009408896
0.215000000,0.044579327,0.008869583,1.006634854
0.220000000,0.060024030,-0.061657587,1.004619811
0.225000000,-0.048173318,-0.028438864,0.995983062
0.230000000,-0.037971227,-0.007321888,1.002285790
0.235000000,0.046326161,-0.027756822,1.003165300
0.240000000,0.017331512,0.034853729,1.003933263
0.245000000,-0.017729488,0.007454585,1.011454582
0.250000000,0.026409984,-0.047903707,1.009806627
0.255000000,-0.002403565,-0.014002870,1.007384211
0.260000000,-0.000481703,0.043177733,1.007043609
0.265000000,0.027308743,-0.007882517,1.001336614
0.270000000,-0.012834911,-0.022128511,1.016570540
0.275000000,0.013937912,0.013709602,1.010852785
0.280000000,-0.002851195,-0.033481433,1.004450132
0.285000000,-0.060050442,0.008763613,1.008360687
0.290000000,0.012646895,0.010527262,1.006188242
0.295000000,0.071072876,0.014603203,1.011452989
0.300000000,0.019515581,0.014697625,0.994486575
0.305000000,-0.066237897,-0.049201562,1.008448286
0.310000000,-0.049594678,0.012544230,1.007386433
0.315000000,0.025157575,0.024061603,1.002650928
0.320000000,0.016415442,-0.026235227,1.010712987
0.325000000,-0.015203252,-0.022969554,0.999718290
0.330000000,-0.004123587,-0.012102390,1.012053742
0.335000000,0.008150735,0.034516328,0.989840320
0.340000000,0.038287423,0.054239891,1.003163539
0.345000000,0.020516265,-0.047506042,1.025734309
0.350000000,-0.075824708,-0.019536382,1.003089613
0.355000000,0.012960363,0.060183003,1.009420322
0.360000000,0.073516288,-0.042267464,1.007227705
0.365000000,0.022203377,0.022499248,0.998055264
0.370000000,0.031471796,0.056088516,1.002296915
0.375000000,-0.005830047,-0.059112247,1.000468443
0.380000000,-0.031520949,-0.008130541,1.008560490
0.385000000,-0.041354227,-0.033640651,1.014485478
0.390000000,0.022483856,-0.037537933,1.002189778
0.395000000,0.035311891,0.047697677,1.008604376
0.400000000,0.002926214,0.015403383,0.999917485
0.405000000,0.035355010,0.007912859,0.989261766
0.410000000,-0.022008894,-0.065309352,1.012979501
0.415000000,-0.034417502,-0.050945770,1.012696773
0.420000000,0.000260389,0.058220097,1.015305058
0.425000000,0.040154126,-0.020966668,1.018403293
0.430000000,0.014614488,-0.027054713,1.004691552
0.435000000,-0.035356832,0.007425388,0.997125098
0.440000000,0.040459218,0.018764527,1.007235543
0.445000000,0.028042364,-0.012053660,1.014995411
0.450000000,-0.033774162,-0.028899034,1.004510547
0.455000000,-0.016963220,0.050648242,1.008371002
0.460000000,-0.005140242,-0.024864876,0.999008533
0.465000000,0.021359358,-0.025955556,1.002367469
0.470000000,-0.003152391,0.015086298,1.009272890
0.475000000,-0.004760979,0.003827163,1.013145717
0.480000000,0.039871636,0.012180793,1.015757094
0.485000000,0.021071287,-0.043808056,0.992066632
0.490000000,0.055180692,0.009043542,1.011903109
0.495000000,0.008937640,0.010616083,1.014064320
0.500000000,-0.053354436,-0.002825997,0.991045657
0.505000000,-0.009199045,0.013929074,1.002695706
0.510000000,0.017962296,-0.003897827,1.002562090
0.515000000,0.025191873,0.049204521,1.013682220
0.520000000,-0.008260606,-0.010304519,1.014712055
0.525000000,0.039780711,-0.032483230,0.992117981
0.530000000,0.024602145,0.012681543,1.006808683
0.535000000,-0.037304469,-0.023803920,1.002571600
0.540000000,-0.045733444,0.006092368,1.005272447
0.545000000,0.006394941,0.000578210,1.016117135
0.550000000,0.036755525,0.001516420,0.993461634
0.555000000,-0.053317697,0.008739147,1.007876946
0.560000000,0.017354824,-0.033271162,1.010662089
0.565000000,0.028959531,0.034060396,1.001402117
0.570000000,-0.001242348,0.032395384,1.004965061
0.575000000,-0.020915975,-0.039341860,0.995261795
0.580000000,0.032502105,-0.046866625,1.013460860
0.585000000,0.064872319,0.009573637,1.016152437
0.590000000,-0.099766432,0.051076226,0.998489527
0.595000000,0.016670105,-0.032723434,0.993830339
0.600000000,0.010751057,-0.065920213,1.004173691
0.605000000,-0.025419998,0.006326179,1.016277623
0.610000000,0.035477757,0.013735869,1.009860402
0.615000000,0.000062226,-0.050176587,1.004336299
0.620000000,0.036534006,0.009607653,1.003981006
0.625000000,-0.029941818,-0.013764641,1.005844368
0.630000000,0.044862905,-0.041206308,1.006495876
0.635000000,0.002855794,0.036315204,1.011470904
0.640000000,-0.013523874,-0.011559878,1.002401086
0.645000000,0.042046617,0.022998568,1.004438237
0.650000000,-0.048707381,-0.036417827,1.009944587
0.655000000,0.053059265,0.025562021,0.995362539
0.660000000,0.036584148,0.020780280,1.005687911
0.665000000,-0.053125372,-0.099472016,1.010406884
0.670000000,-0.064860224,0.045190472,1.006940448
0.675000000,0.006603592,-0.022240492,1.015735216
0.680000000,0.044360646,0.063214742,1.008341219
0.685000000,0.014078355,0.030243218,1.000138813
0.690000000,0.043486995,-0.086892679,1.010203026
0.695000000,-0.041604341,0.032065820,0.999256546
0.700000000,-0.036854283,-0.032914811,1.006507066
0.705000000,0.032098745,0.028150645,1.011428240
0.710000000,0.000714041,0.023307704,1.000426520
0.715000000,-0.019035124,0.007805637,1.012302357
0.720000000,0.006325058,-0.008222613,1.004205486
0.725000000,0.015057930,0.000234266,1.005623771
0.730000000,0.022070350,0.022759207,1.005696760
0.735000000,0.016898248,-0.033445376,1.004922216
0.740000000,-0.021460198,0.042421676,1.002931243
0.745000000,-0.002746578,-0.042406109,1.007047744
0.750000000,-0.004896841,-0.013459414,1.012778327
0.755000000,0.011291096,-0.005069411,0.990727734
0.760000000,0.001521504,-0.064494401,1.014312428
0.765000000,-0.012996985,0.035382433,1.006337138
0.770000000,0.024057149,0.035941160,1.001580445
0.775000000,0.019481730,-0.010349923,1.012819048
0.780000000,0.030751546,-0.006896757,1.002568727
0.785000000,-0.006898893,0.022017483,1.012438828
0.790000000,0.012060518,-0.080119673,1.001976366
0.795000000,0.064123164,-0.020519706,1.012478389
0.800000000,0.003414711,0.026711737,1.004052618
0.805000000,-0.034535543,-0.006393108,1.009383881
0.810000000,-0.002276737,0.019064958,1.008731625
0.815000000,0.005973896,-0.028408407,0.994364329
0.820000000,-0.037672687,0.017163867,1.014511896
0.825000000,0.016946175,-0.061582426,0.997862443
0.830000000,0.029892597,0.005145907,1.003644988
0.835000000,-0.049380955,0.052536817,1.011610279
0.840000000,0.056309968,-0.051371584,1.006269194
0.845000000,0.089777003,0.041112308,1.005995764
0.850000000,-0.033056813,0.015972381,1.007269972
0.855000000,-0.043594528,-0.023100304,1.005156602
0.860000000,0.004058382,-0.014774127,0.989322318
0.865000000,0.015802770,-0.009511634,1.014824274
0.870000000,-0.008512284,0.045041796,1.010943476
0.875000000,0.051410655,0.006263919,0.998517483
0.880000000,0.037792969,-0.049852703,1.005052776
0.885000000,-0.048844708,0.043965076,1.004728037
0.890000000,-0.007869018,0.030288242,1.010505525
0.895000000,0.011578882,-0.061471723,1.005442798
0.900000000,0.016525307,0.026656679,1.002718789
0.905000000,-0.012834524,0.004858985,1.009627380
0.910000000,-0.021245360,-0.027988465,1.012660705
0.915000000,0.016832007,0.030408296,1.009510985
0.920000000,0.017423146,-0.019006295,1.009418275
0.925000000,-0.034806914,-0.043443959,0.997764115
0.930000000,-0.046677265,0.035733982,1.002603036
0.935000000,0.019070524,0.010854395,1.013527821
0.940000000,-0.031645355,-0.041845178,1.007156069
0.945000000,-0.006029579,-0.013200198,1.006543085
0.950000000,0.034159045,0.006866336,0.994242344
0.955000000,-0.003721216,0.016023898,0.999527216
0.960000000,0.000326884,-0.041175587,1.015035786
0.965000000,0.019619783,0.000442197,1.004198363
0.970000000,0.025543176,0.014249854,1.000724685
0.975000000,-0.012084983,-0.003757888,1.016849753
0.980000000,0.035991585,0.040452665,1.004383040
0.985000000,0.005730968,-0.004982744,0.994478162
0.990000000,-0.003578655,-0.023063999,1.008352687
0.995000000,0.006980162,-0.003536738,1.013678831
1.000000000,0.000487822,0.025669116,1.012324197
1.005000000,0.064996960,-0.036448516,0.995603325
1.010000000,-0.012670174,-0.016271197,1.006976027
1.015000000,-0.032291467,-0.006376544,1.006676932
1.020000000,-0.032277282,-0.075551281,1.005862892
1.025000000,0.006497953,0.002712268,1.001807230
1.030000000,0.070180764,0.014045689,0.993053007
1.035000000,0.007668932,-0.015331693,1.017387107
1.040000000,-0.039026487,-0.019163306,1.000082233
1.045000000,0.032791760,0.016932096,1.006240425
1.050000000,0.056168537,-0.025656908,1.015811196
1.055000000,-0.029263325,-0.008559004,0.995697593
1.060000000,0.014978448,0.048947160,1.004651444
1.065000000,-0.032509506,-0.012978969,1.007561150
1.070000000,-0.027223916,0.014645445,1.014308364
1.075000000,0.003875712,-0.021559276,1.010669520
1.080000000,-0.012660498,0.012080633,1.011514793
1.085000000,0.049029231,0.023625920,1.008981282
1.090000000,-0.030883369,-0.020193626,1.006967672
1.095000000,-0.002042820,0.004221295,1.000345777
1.100000000,-0.005741457,-0.017586803,0.995535779
1.105000000,0.023343089,0.000723321,1.012147553
1.110000000,0.042739674,0.034167137,1.007075304
1.115000000,-0.025970553,0.023822561,1.010789406
1.120000000,0.029664896,-0.034356304,1.003118459
1.125000000,-0.002772571,0.040920230,0.999000174
1.130000000,0.055126769,-0.002491880,1.006245204
1.135000000,0.023392351,-0.021415252,1.013302187
1.140000000,-0.035695378,0.048346730,1.005451866
1.145000000,0.006928761,-0.039890440,0.989998637
1.150000000,-0.041929491,-0.021352608,1.018516569
1.155000000,0.004175933,-0.068486717,1.014747267
1.160000000,0.026595104,0.012406902,0.998540662
1.165000000,0.015733437,0.007879504,0.994896242
1.170000000,0.023511861,-0.032310842,1.007534981
1.175000000,0.023331688,0.060256729,1.021939128
1.180000000,0.029033681,-0.057121262,1.004384195
1.185000000,-0.012446470,0.007247950,1.009301206
1.190000000,-0.008158527,-0.002605964,1.005397658
1.195000000,-0.003187568,-0.040819723,1.003225196
1.200000000,-0.065136540,0.031804626,1.012383747
1.205000000,-0.001866079,-0.001907850,1.001070187
1.210000000,0.044240273,0.019075391,0.996876981
1.215000000,0.005531115,-0.014542345,1.005574185
1.220000000,0.014306731,-0.011288970,1.015354196
1.225000000,-0.040916227,-0.002929266,1.014504915
1.230000000,0.005030855,-0.027971746,0.999772908
1.235000000,0.027128144,-0.005379025,0.994524716
1.240000000,-0.025802949,0.011841194,1.010527638
1.245000000,-0.007635463,-0.016215236,1.008571390
1.250000000,0.010408896,-0.017823314,0.990576502
1.255000000,0.057523226,0.001867892,1.008545040
1.260000000,0.005083225,-0.012409871,1.021412099
1.265000000,-0.039759707,0.028566612,0.996963323
1.270000000,-0.019879131,0.027108941,0.999276473
1.275000000,-0.002937924,0.013377117,1.019166163
1.280000000,0.001066667,0.004235653,1.001389981
1.285000000,-0.013600685,0.010149521,0.992242575
1.290000000,-0.018289354,0.011183084,1.014281417
1.295000000,0.035052520,-0.044829210,1.008777742
1.300000000,0.080381041,0.003212001,0.997148469
1.305000000,-0.014594368,0.042621902,1.010377994
1.310000000,-0.027924866,-0.006456771,0.999291211
1.315000000,0.018895516,-0.051423039,1.002938724
1.320000000,0.060561619,-0.028906362,1.016026651
1.325000000,0.016660245,0.032689253,1.014529896
1.330000000,-0.065920274,0.028810843,1.007541561
1.335000000,-0.004634229,-0.028169232,0.988221139
1.340000000,0.043783690,-0.030358493,1.009290748
1.345000000,0.030902929,-0.020612768,1.006100914
1.350000000,-0.030551374,-0.044807452,1.004163900
1.355000000,0.025282201,0.039044107,1.014539574
1.360000000,0.022228854,0.024414799,0.995070215
1.365000000,-0.036214621,-0.034901614,1.013570619
1.370000000,0.029379800,0.042245272,1.009167915
1.375000000,0.008288557,0.005868627,1.002744812
1.380000000,0.023863586,-0.016510585,1.003240721
1.385000000,-0.009094444,0.017903045,0.995139512
1.390000000,-0.029268650,-0.003286725,1.014868521
1.395000000,0.037529973,-0.001109916,1.009245434
1.400000000,0.010714265,-0.012952143,1.009318289
1.405000000,-0.017227023,-0.016073693,1.010426164
1.410000000,-0.034686404,-0.014412847,0.995002158
1.415000000,-0.010791330,-0.015885979,1.007820190
1.420000000,0.044385153,0.004976213,1.015907091
1.425000000,-0.029711469,0.004139137,1.003347675
1.430000000,-0.052221177,-0.025782185,1.011710672
1.435000000,0.055640149,-0.008579315,1.009088472
1.440000000,-0.000294300,0.037491243,0.999748225
1.445000000,0.003359684,-0.027586306,1.009633417
1.450000000,0.069059559,-0.032083041,0.997997621
1.455000000,-0.011711876,0.003833358,1.012158977
1.460000000,-0.039761298,-0.031094012,1.006705247
1.465000000,0.013848619,0.042417287,0.994700409
1.470000000,0.031045921,0.003326011,1.015267489
1.475000000,0.011254635,-0.052302061,1.008731838
1.480000000,0.037503106,0.025195618,1.006784207
1.485000000,-0.022491278,-0.032563526,1.000916646
1.490000000,0.002619860,-0.001486444,1.003601852
1.495000000,0.012600120,0.032057168,1.006015335
1.500000000,-0.047186276,-0.050999689,1.004655895
1.505000000,0.040822481,-0.002428875,1.015809376
1.510000000,-0.021447954,-0.002020945,1.009670466
1.515000000,0.001877240,-0.002416260,0.999827243
1.520000000,0.044340175,0.042027845,1.002718479
1.525000000,-0.053178966,0.011085561,1.012743276
1.530000000,0.007331880,0.011502261,0.999535760
1.535000000,0.051109746,-0.034443184,0.999736725
1.540000000,0.004528143,-0.042615503,1.003444297
1.545000000,0.000336233,0.039145819,1.004991837
1.550000000,-0.008037198,0.029520420,1.013127493
1.555000000,-0.028283151,-0.014666368,1.006053427
1.560000000,0.018878597,-0.018938375,1.008216239
1.565000000,-0.022463687,-0.013856342,1.007777154
1.570000000,-0.028003793,-0.032069710,1.004595387
1.575000000,0.040849272,0.007365555,0.993742699
1.580000000,0.039530303,0.009854854,1.015742793
1.585000000,0.039041600,0.011165824,1.005129574
1.590000000,-0.021451440,0.041421983,0.987559018
1.595000000,-0.059820033,-0.002041558,1.026545723
1.600000000,-0.029378774,0.015978278,1.007047539
1.605000000,0.046262651,-0.024257286,1.008392828
1.610000000,0.035791888,-0.013652338,1.007277073
1.615000000,0.002320090,-0.006438054,0.994983725
1.620000000,0.011328263,-0.036935023,1.006818637
1.625000000,-0.000773294,0.045075918,0.997556074
1.630000000,0.039914207,-0.022387558,1.018821758
1.635000000,-0.013078987,-0.038053651,1.006357645
1.640000000,-0.042498786,-0.011073667,0.996106782
1.645000000,0.008368754,0.019911881,1.010885562
1.650000000,0.045705756,0.030208409,1.006745684
1.655000000,-0.008468645,-0.026363110,1.003066945
1.660000000,-0.021349386,0.032293038,1.013077630
1.665000000,0.051848230,-0.012247218,1.013835985
1.670000000,-0.023852068,-0.012103387,0.991454719
1.675000000,0.042533361,0.003525182,1.009697558
1.680000000,0.068575560,-0.022075145,1.003147385
1.685000000,-0.068808197,0.009136062,0.998906719
1.690000000,0.008737645,-0.014553491,1.008485031
1.695000000,0.032423400,0.010054009,1.000117596
1.700000000,-0.024517790,-0.018288052,1.012724754
1.705000000,0.040119353,-0.012419808,1.012343011
1.710000000,-0.020872898,0.036069369,1.012826623
1.715000000,-0.051059568,-0.021877458,0.999585999
1.720000000,0.026785022,-0.016778766,1.004960083
1.725000000,0.008840657,0.034827974,1.001858879
1.730000000,0.043931207,0.017119394,1.003534747
1.735000000,0.007800757,-0.016484479,1.017744820
1.740000000,-0.019734993,-0.024589850,0.996678762
1.745000000,-0.012571952,0.019328100,1.012757505
1.750000000,-0.017208307,0.007266016,1.008058913
1.755000000,0.024968122,-0.006381539,1.007519792
1.760000000,-0.004178195,0.046707087,1.010710218
1.765000000,0.010959454,-0.053073929,0.994255213
1.770000000,-0.028166954,-0.016826187,1.009688503
1.775000000,0.032733944,0.034065668,1.000305831
1.780000000,0.032426269,-0.039517816,1.011451739
1.785000000,-0.069729879,0.029632076,1.017292363
1.790000000,0.006041367,-0.050381863,0.997459421
1.795000000,-0.022659010,-0.068260692,1.010007505
1.800000000,0.009640063,0.021159426,1.013093693
1.805000000,-0.003446211,0.000824832,1.006153564
1.810000000,-0.022621543,-0.057236751,1.005444124
1.815000000,0.035595157,-0.019524640,0.997946911
1.820000000,-0.001827397,0.048941708,1.006546192
1.825000000,0.029880815,-0.026299990,1.003819400
1.830000000,0.002873647,0.016310786,0.997836062
1.835000000,0.030840163,-0.017039790,1.019457148
1.840000000,0.009823545,0.003615756,1.000471139
1.845000000,-0.035171410,0.029220480,0.998558267
1.850000000,0.054196344,-0.111855378,1.015539239
1.855000000,0.016541419,0.034277393,1.003177098
1.860000000,-0.010980290,0.029127457,1.003728423
1.865000000,-0.003015201,-0.061194968,0.996293868
1.870000000,-0.020160472,0.019060002,1.008350682
1.875000000,0.025893084,-0.020836620,1.018764316
1.880000000,0.018593337,-0.036482347,1.001129821
1.885000000,-0.034404666,-0.015025699,1.004522545
1.890000000,-0.003115357,0.033768248,1.007974119
1.895000000,0.048572752,0.048282350,1.007220145
1.900000000,0.019443478,-0.006126618,1.012733527
1.905000000,-0.019226268,-0.002336856,1.009782270
1.910000000,0.017625435,-0.012992457,1.004020408
1.915000000,0.001293012,-0.053799359,1.005021568
1.920000000,-0.008917666,0.026419522,1.000885751
1.925000000,0.046614847,0.039353784,1.001330016
1.930000000,-0.025100883,-0.032898221,1.001893368
1.935000000,-0.020037493,0.033872388,1.012342232
1.940000000,0.005148567,0.030089342,1.002457130
1.945000000,-0.022586044,0.009528714,0.996411501
1.950000000,0.019123912,0.040620545,1.020740994
1.955000000,0.031836359,0.032417027,1.002053555
1.960000000,0.052339919,-0.022726078,0.999210683
1.965000000,-0.048024180,-0.049199952,1.007550973
1.970000000,-0.000111420,0.056957315,1.008437028
1.975000000,0.085020250,0.010060785,1.016772640
1.980000000,-0.070238394,-0.025820580,0.995198205
1.985000000,0.020736647,0.039068366,0.997455186
1.990000000,0.047022524,-0.005136965,1.012213514
1.995000000,-0.074343606,0.012801662,1.002602595
2.000000000,0.013700043,-0.003340343,1.003738185
2.005000000,0.044242459,0.003940415,1.014660237
2.010000000,-0.007663686,-0.001125110,0.997390184
2.015000000,-0.016413671,-0.064621542,0.994321751
2.020000000,0.037110854,0.019728506,1.012239680
2.025000000,0.014501791,0.043673578,1.005895225
2.030000000,-0.030047058,-0.041130422,1.004090190
2.035000000,0.045051446,-0.063550446,1.013957468
2.040000000,-0.003576547,0.027626327,1.019913597
2.045000000,-0.022357424,0.002144847,1.006978103
2.050000000,0.014684257,-0.079447457,1.009508415
2.055000000,-0.046488333,0.011208278,1.007524924
2.060000000,0.010574505,0.008862548,1.001380570
2.065000000,0.010480933,-0.014500798,1.006398710
2.070000000,-0.051035731,0.026721836,1.002549682
2.075000000,0.000754953,0.020019629,1.013140397
2.080000000,0.000831932,0.004715266,1.003269699
2.085000000,0.020860179,-0.049173352,1.004370782
2.090000000,0.043939324,-0.054221371,1.004944637
2.095000000,0.013100850,-0.013410514,1.003708837
2.100000000,0.010506220,-0.019572365,1.012773420
2.105000000,-0.017725979,-0.002388295,0.999085419
2.110000000,-0.008506570,0.006138200,1.003735955
2.115000000,0.033248281,-0.003221377,1.005722608
2.120000000,-0.041564157,0.051266739,1.012047601
2.125000000,-0.055113251,-0.023359892,0.997671458
2.130000000,0.043990096,-0.088362309,0.998088424
2.135000000,-0.005883576,-0.000691316,1.019555550
2.140000000,0.002568932,0.018029865,1.006677529
2.145000000,0.059342550,-0.038525299,1.012363447
2.150000000,-0.010185803,-0.054648177,1.007379513
2.155000000,0.034647508,0.049614161,1.007843276
2.160000000,0.023715713,0.043455018,1.013446911
2.165000000,-0.026094173,0.000840636,0.992199675
2.170000000,0.031535453,-0.015344084,0.996240813
2.175000000,0.002481103,-0.012400010,1.007990075
2.180000000,0.004370971,0.065153431,0.999025502
2.185000000,-0.016863657,-0.051684117,1.005906210
2.190000000,0.004357137,-0.029110680,1.018309646
2.195000000,0.097716974,0.020012775,0.996369497
2.200000000,-0.012705540,-0.040414676,1.006053778
2.205000000,-0.045124906,0.003133590,1.016873923
2.210000000,0.040483443,0.011970367,1.002751485
2.215000000,-0.022383847,0.019218379,1.015533436
2.220000000,-0.035862321,-0.010235219,1.002296229
2.225000000,0.003882703,0.026092627,0.997401401
2.230000000,-0.006761499,0.022539914,1.007752095
2.235000000,0.012772238,0.018493700,1.002471301
2.240000000,-0.027069248,-0.009639412,1.005899044
2.245000000,-0.017818553,-0.067019813,1.000540899
2.250000000,0.053756371,0.021506634,0.999960860
2.255000000,0.007415221,0.009498132,1.010076321
2.260000000,0.016275300,0.008613668,1.008272151
2.265000000,0.033252051,-0.026713075,1.004956292
2.270000000,-0.016429028,-0.004942251,1.011573916
2.275000000,0.013710666,0.069583301,1.012776101
2.280000000,0.023276958,-0.004467579,1.003609359
2.285000000,-0.014604598,-0.012971011,1.002480599
2.290000000,0.003764244,0.021185316,0.998210693
2.295000000,-0.017545730,0.018989785,1.002964446
2.300000000,-0.002694369,-0.042812714,1.014061990
2.305000000,0.050493866,-0.007432185,1.006045875
2.310000000,-0.029423135,0.009936484,1.019766062
2.315000000,0.008896784,-0.011659188,1.002239383
2.320000000,0.020930020,0.019073675,0.995604746
2.325000000,-0.025225756,0.002527124,1.018217519
2.330000000,0.019644405,-0.006259367,0.995527199
2.335000000,-0.036759803,0.002400951,1.009477465
2.340000000,0.027760741,0.048787369,1.013379379
2.345000000,0.016377423,-0.026496487,1.000996761
2.350000000,-0.033818969,-0.008632836,1.009271294
2.355000000,0.046896605,-0.001542472,0.996912339
2.360000000,-0.002510109,-0.054095356,1.003431456
2.365000000,0.027619620,0.032993361,1.010637976
2.370000000,0.033701357,-0.004844345,1.004234306
2.375000000,-0.033897524,-0.014910776,1.001066747
2.380000000,0.032287459,-0.033955122,1.012465154
2.385000000,0.023973745,0.027143686,1.022340281
2.390000000,-0.055993746,0.033789508,0.996913528
2.395000000,-0.005039945,-0.060207209,0.987261883
2.400000000,0.018580582,0.010265550,1.010855304
2.405000000,-0.012487457,-0.048102826,1.006698138
2.410000000,-0.015235607,-0.056002095,1.001284158
2.415000000,-0.018695026,-0.001659903,1.008069783
2.420000000,0.008758233,-0.028643718,1.000653052
2.425000000,0.025456478,-0.015094664,1.017486943
2.430000000,0.028511837,0.023123727,1.006577335
2.435000000,-0.040142898,0.021812389,0.999914192
2.440000000,-0.012117259,-0.029521804,1.015105850
2.445000000,0.034712512,-0.030394949,0.997128804
2.450000000,-0.018069600,-0.004903296,1.015100488
2.455000000,0.012313185,0.003545520,1.016166399
2.460000000,0.017480822,-0.025738380,1.005370345
2.465000000,0.050604090,0.002021909,1.018220345
2.470000000,-0.051754713,0.014711857,1.006900812
2.475000000,-0.069303772,-0.009494682,0.998347521
2.480000000,0.073254595,0.028836711,1.002820630
2.485000000,0.018540566,0.032682183,1.013335747
2.490000000,0.005270914,-0.036942152,1.008107008
2.495000000,0.001356012,-0.001130420,1.003483409
2.500000000,0.012546513,0.065078800,1.008967130
2.505000000,0.018600639,-0.043617522,1.001027723
2.510000000,0.009157590,0.017499394,0.989095588
2.515000000,0.036819826,-0.006221881,1.009416040
2.520000000,-0.003980574,-0.058580366,1.016315572
2.525000000,-0.032971809,0.068937332,0.992259538
2.530000000,-0.016263973,-0.037469100,1.011552403
2.535000000,0.033185413,-0.013145162,1.013037364
2.540000000,-0.031732926,-0.007666638,1.001340257
2.545000000,-0.014089855,-0.051154295,1.008704699
2.550000000,0.019106454,0.022982321,0.999202679
2.555000000,-0.009957402,0.001185639,1.002549444
2.560000000,0.043786628,0.068996279,1.004953401
2.565000000,0.002810612,0.041210214,1.005413616
2.570000000,0.024329645,-0.016193412,1.009688083
2.575000000,0.025864906,-0.006210548,1.004074124
2.580000000,-0.000870258,-0.037000243,1.005903035
2.585000000,-0.004018004,-0.001853102,1.009881825
2.590000000,-0.049858631,0.011888799,1.007601721
2.595000000,0.026029490,-0.026979620,0.999559469
2.600000000,0.036882959,-0.007101980,0.998257429
2.605000000,0.000166375,-0.016630257,1.007211051
2.610000000,-0.001436235,-0.018480437,1.006462425
2.615000000,-0.022438369,0.073494544,0.998270440
2.620000000,0.019766365,0.006799906,1.008611378
2.625000000,0.024446413,-0.038693715,1.006797745
2.630000000,0.028629011,-0.008753203,1.001577192
2.635000000,0.035377112,-0.027264042,1.010833048
2.640000000,-0.032031432,-0.005941322,1.016187283
2.645000000,-0.032129467,-0.018367939,1.004864193
2.650000000,-0.006033744,0.002762557,0.998928814
2.655000000,0.036600145,0.012368040,1.011451170
2.660000000,0.029515935,0.001246924,1.006292611
2.665000000,-0.001040237,-0.038750985,1.002744965
2.670000000,0.028217612,-0.012310169,1.014073548
2.675000000,-0.033255354,0.048491974,1.010755715
2.680000000,-0.017122298,0.009159791,1.002224574
2.685000000,0.005759481,0.022320235,1.004758507
2.690000000,0.024139712,-0.032379148,1.010315750
2.695000000,0.019004243,-0.029580281,1.000922664
2.700000000,-0.051148483,0.028095382,1.004784743
2.705000000,0.042785890,0.000579773,1.009608829
2.710000000,-0.006298708,-0.008545810,0.998553946
2.715000000,-0.014361465,-0.017987096,1.005937549
2.720000000,0.028324735,-0.007685589,1.007490323
2.725000000,-0.056570647,0.011111597,1.011306475
2.730000000,0.036694869,0.037166630,1.011709471
2.735000000,0.010024596,-0.035064905,0.996649349
2.740000000,-0.065654643,-0.032535320,1.013583426
2.745000000,0.048939343,0.021416867,1.020286563
2.750000000,0.019985678,-0.012987680,1.008624260
2.755000000,-0.080185443,0.046235368,1.000812502
2.760000000,0.045819878,-0.012097376,0.997221627
2.765000000,0.067865462,-0.021129142,1.015467143
2.770000000,-0.053322831,0.044880654,1.004484792
2.775000000,0.011561992,-0.028386091,0.996761455
2.780000000,0.014235065,-0.014056677,1.008914272
2.785000000,-0.025941535,0.005288818,1.007887477
2.790000000,0.025780197,-0.038194859,1.000632473
2.795000000,-0.005299965,-0.033881450,1.005906943
2.800000000,-0.013852459,-0.003058605,1.014854488
2.805000000,0.019687632,-0.027806489,1.012017574
2.810000000,-0.002671269,-0.008467449,1.005023262
2.815000000,0.019212448,0.058838382,0.992511781
2.820000000,0.026807998,0.020605971,1.007806239
2.825000000,0.004104238,0.011371688,1.001513701
2.830000000,-0.006189581,0.008849051,1.002995745
2.835000000,-0.012049751,-0.067680272,1.012499387
2.840000000,-0.008946350,-0.032133701,0.987474918
2.845000000,-0.009684611,0.025486915,1.012153569
2.850000000,0.037553014,-0.004759439,1.009796556
2.855000000,0.006000809,0.003200881,1.005584608
2.860000000,0.004489378,-0.014947868,1.008757733
2.865000000,0.012391330,-0.027760526,0.993861511
2.870000000,0.009615916,-0.000938909,1.014489989
2.875000000,0.046344931,0.014390291,0.996062628
2.880000000,-0.002578588,0.018588819,1.009961617
2.885000000,0.029667269,-0.010866188,1.011468801
2.890000000,-0.035357379,-0.019882059,0.996756895
2.895000000,0.004605047,-0.041132904,1.011372461
2.900000000,0.061275249,-0.020483059,1.008546644
2.905000000,-0.047548793,0.016038015,1.014303725
2.910000000,0.030424646,0.008868553,0.998693046
2.915000000,0.002035185,-0.038801187,1.005111895
2.920000000,0.008427649,-0.036633790,1.001276072
2.925000000,0.023576514,0.048682771,0.998338154
2.930000000,-0.046126443,-0.007908577,1.013025275
2.935000000,-0.010057660,-0.011165178,1.007015602
2.940000000,0.008341865,0.001982441,1.013749792
2.945000000,0.005735265,-0.000128804,1.009269874
2.950000000,-0.017144898,0.013055017,0.998725139
2.955000000,0.044542169,-0.002097064,1.004297791
2.960000000,0.034785710,0.077268599,1.021291471
2.965000000,-0.001817059,-0.008200463,1.005920690
2.970000000,0.014401703,-0.001272612,0.996814644
2.975000000,-0.019171768,0.006147926,1.010909217
2.980000000,0.001225874,-0.050457960,1.000979180
2.985000000,-0.007188421,0.012089611,1.012130326
2.990000000,-0.037183327,-0.008594314,1.001608524
2.995000000,0.004074197,0.029888506,0.995958467
3.000000000,0.015111429,0.004435086,1.014022142
3.005000000,-0.044977846,0.033409457,1.008751114
3.010000000,-0.003095540,0.001087708,1.008198704
3.015000000,0.047323303,0.014705242,1.006184493
3.020000000,0.037443279,0.031977142,0.998029985
3.025000000,0.006967619,-0.111508315,1.008102526
3.030000000,0.003872249,0.032518923,1.008935832
3.035000000,0.006691772,-0.019361047,0.997788255
3.040000000,-0.010153866,-0.025381377,1.016265637
3.045000000,0.013970594,0.050713639,1.002261260
3.050000000,-0.041518844,-0.022599599,0.991532840
3.055000000,0.012277234,0.026669340,1.012165974
3.060000000,0.011730361,-0.055768439,1.000186170
3.065000000,-0.009018483,-0.052311824,1.009520282
3.070000000,0.012400459,-0.021208651,1.014951551
3.075000000,-0.029571197,0.043637967,1.000104169
3.080000000,0.061652566,0.010479423,1.006857499
3.085000000,-0.034757992,-0.013061693,1.017253032
3.090000000,0.018000963,0.052962617,0.998183197
3.095000000,0.067699718,-0.074630302,0.999443865
3.100000000,-0.070814617,-0.020917918,1.017482971
3.105000000,0.001563426,-0.003638890,1.001832673
3.110000000,-0.020399303,0.011683870,1.011954740
3.115000000,-0.008189318,0.003845048,1.011407341
3.120000000,0.053158666,-0.020131583,0.994393772
3.125000000,0.025746980,0.054895129,1.004275565
3.130000000,-0.036000588,-0.012804082,1.011968715
3.135000000,0.011404968,0.026847708,1.014171671
3.140000000,0.047775652,-0.043480987,1.001863638
3.145000000,0.010873391,-0.077463982,1.002880083
3.150000000,0.027179592,0.028414859,1.006820830
3.155000000,-0.048343331,0.049349213,1.000844642
3.160000000,0.024163629,0.037139145,1.003790267
3.165000000,0.016460225,-0.038910589,1.006881758
3.170000000,-0.047254552,-0.010590792,1.010109088
3.175000000,0.039020643,-0.033291338,1.005307183
3.180000000,0.008480563,-0.031035051,1.009420103
3.185000000,-0.032913834,0.009920567,1.009625250
3.190000000,0.034973167,-0.028392308,1.016868120
3.195000000,0.053093977,0.003680935,1.017613164
3.200000000,-0.043911154,0.040482287,0.985064092
3.205000000,-0.001804874,0.036040591,1.002300061
3.210000000,-0.004928515,-0.041344143,1.007923840
3.215000000,0.014482458,-0.055955674,0.990552984
3.220000000,0.019536083,-0.004237183,1.025444240
3.225000000,-0.093473721,-0.032116486,1.002116419
3.230000000,0.043846751,-0.007557792,0.988810922
3.235000000,0.039287199,0.072782170,1.017313702
3.240000000,-0.020979260,0.003073837,0.999942856
3.245000000,0.040241115,-0.016122376,1.006401038
3.250000000,-0.026231436,0.030497547,1.010504343
3.255000000,0.025553920,-0.049521842,1.009001332
3.260000000,0.076579124,0.024571133,1.009369566
3.265000000,-0.039466747,0.047205000,0.997390073
3.270000000,0.000309606,-0.074666253,1.008152126
3.275000000,0.040713081,-0.034781122,1.003664292
3.280000000,-0.066329433,0.011324147,0.993941332
3.285000000,-0.021196632,-0.036287193,1.006843606
3.290000000,0.014191821,-0.057117425,1.008446112
3.295000000,0.036883986,0.053389388,1.008785390
3.300000000,0.036178943,0.040086323,1.003372239
3.305000000,-0.021959612,-0.064114803,0.990421755
3.310000000,-0.002675624,0.016174873,1.013934918
3.315000000,0.033536092,0.064816312,1.010441484
3.320000000,0.039814502,0.010810604,0.997154592
3.325000000,-0.056574373,-0.052150621,1.015478489
3.330000000,-0.027017279,0.021531785,0.997701381
3.335000000,-0.005880015,0.045006556,1.004687255
3.340000000,-0.006123608,-0.026811364,1.013923851
3.345000000,0.073349901,0.038247045,1.001934566
3.350000000,-0.012226220,0.004081501,1.015482254
3.355000000,-0.032393080,0.006290475,0.995341729
3.360000000,0.001295936,-0.009017316,1.003526460
3.365000000,-0.010888034,-0.012165607,1.022679148
3.370000000,-0.035069016,0.086197733,1.001289434
3.375000000,0.033370290,0.003835946,1.011319922
3.380000000,0.066843127,0.002880697,1.016594805
3.385000000,-0.011891641,-0.064590406,1.004243481
3.390000000,0.025583793,-0.059583505,1.014052415
3.395000000,-0.040011267,0.022654696,0.998285699
3.400000000,-0.045174491,-0.038925118,1.002276939
3.405000000,0.045273065,0.052551209,1.021395789
3.410000000,0.016565615,-0.001333771,1.007864149
3.415000000,0.021544506,-0.049067061,1.001319615
3.420000000,0.026369527,-0.027224030,1.007289560
3.425000000,-0.001568886,-0.049055946,1.009593422
3.430000000,-0.021343070,0.011705095,0.997578497
3.435000000,0.010335007,0.009093770,0.999178270
3.440000000,0.033919162,-0.035610496,1.016786673
3.445000000,0.040306059,-0.011743644,1.008881396
3.450000000,0.003783422,0.049783713,1.001518675
3.455000000,-0.019080572,-0.048310693,1.007085696
3.460000000,0.024654538,-0.010443648,1.012325288
3.465000000,0.002867754,0.018459371,0.999983509
3.470000000,-0.040403172,-0.032424228,0.996111272
3.475000000,-0.028158674,0.007626149,1.005749698
3.480000000,-0.005392177,-0.024598050,1.004120557
3.485000000,-0.030976094,0.076274837,1.006291612
3.490000000,0.018176218,-0.038442937,1.002087277
3.495000000,0.039589666,-0.051934813,1.008658446
3.500000000,-0.013237923,0.068983934,1.017444014
3.505000000,0.027332923,-0.035925799,0.996964941
3.510000000,-0.016485806,0.028374350,0.996386660
3.515000000,-0.008362083,0.011078120,1.007115162
3.520000000,0.027265234,-0.026906477,1.003942824
3.525000000,0.016389707,-0.008931045,1.007085868
3.530000000,0.017364503,0.009466391,1.015822110
3.535000000,-0.038863405,0.035334829,1.009528727
3.540000000,0.057683855,-0.014442811,0.996977544
3.545000000,0.019634448,-0.037941373,1.008234787
3.550000000,-0.067346141,-0.014194359,1.005643007
3.555000000,0.040335593,0.033363003,0.994629108
3.560000000,-0.001523043,-0.062818017,1.022323051
3.565000000,0.008603322,-0.029184521,1.009381808
3.570000000,0.030919743,0.059103663,0.995741673
3.575000000,0.006832392,-0.000008544,1.003954547
3.580000000,0.007254097,0.015808889,0.998878076
3.585000000,-0.020658712,-0.012873317,1.018895586
3.590000000,0.011108758,0.001006057,1.004221128
3.595000000,-0.076437917,0.038186592,1.002624003
3.600000000,-0.014775397,-0.012346077,1.020675529
3.605000000,0.096359554,-0.014488873,0.997621477
3.610000000,-0.001714719,-0.004146128,1.002713362
3.615000000,-0.003706537,0.048450539,1.004395202
3.620000000,-0.021271621,0.048226426,1.000176262
3.625000000,0.003070845,-0.078231097,1.006865501
3.630000000,0.027982453,-0.032305768,1.004963725
3.635000000,-0.003459703,0.011478756,1.008093708
3.640000000,0.043713743,-0.029263541,1.006219290
3.645000000,0.003009144,-0.007139840,1.013243553
3.650000000,-0.005516135,-0.024779331,1.005537233
3.655000000,-0.020162587,0.030569344,0.989625339
3.660000000,-0.031092446,-0.008545459,1.013690694
3.665000000,0.018745050,-0.043533412,1.011308028
3.670000000,0.009434332,0.010405837,0.999596929
3.675000000,0.007024127,0.000827363,1.006410979
3.680000000,-0.019527119,0.012530794,1.001691006
3.685000000,0.058392625,-0.010420217,1.009468284
3.690000000,0.057615497,-0.013350258,1.004621820
3.695000000,-0.030523504,0.000284433,0.999690387
3.700000000,0.022755895,0.019494503,1.005469746
3.705000000,-0.003595148,-0.024073961,1.005143968
3.710000000,0.009217747,-0.003410453,1.021910434
3.715000000,0.018792273,0.018546070,1.015123342
3.720000000,-0.021126187,-0.005416127,1.005076208
3.725000000,0.007319511,0.037837308,1.006764805
3.730000000,0.012881530,-0.067659954,1.002249453
3.735000000,0.006267380,-0.035176157,1.007144314
3.740000000,-0.042945194,0.013231859,0.999939607
3.745000000,-0.005586575,-0.034384690,1.005610730
3.750000000,0.031678540,0.032888281,1.008576037
3.755000000,-0.025824409,-0.001843995,1.001916403
3.760000000,-0.026716593,-0.028576912,1.011516558
3.765000000,0.026892455,-0.001636990,1.002597359
3.770000000,-0.002601997,-0.025486056,1.000567330
3.775000000,-0.016205191,0.008412459,1.015209772
3.780000000,0.072295380,0.059304047,1.013276827
3.785000000,-0.021852424,-0.019090949,1.005098426
3.790000000,-0.029558760,0.003691553,1.003969622
3.795000000,0.012062277,0.001181174,1.007563434
3.800000000,-0.045271199,-0.017925481,1.003438927
3.805000000,0.019142944,0.045532423,1.010124044
3.810000000,0.038406357,-0.028112644,1.009877538
3.815000000,0.051745787,0.054776993,0.993393982
3.820000000,-0.018507610,0.030540073,1.011605237
3.825000000,-0.019492441,-0.060011758,1.016964003
3.830000000,0.021796421,-0.009279178,0.994252342
3.835000000,-0.010186551,0.016628465,1.004460478
3.840000000,0.054601529,0.046080925,1.018558352
3.845000000,-0.008742839,-0.029056781,0.997318992
3.850000000,-0.034872485,0.004179376,0.993380282
3.855000000,0.030118030,-0.000370118,1.014213816
3.860000000,0.009101609,-0.019176609,1.003618919
3.865000000,-0.014023861,-0.018168016,1.005798883
3.870000000,0.020365348,-0.038149372,1.018243385
3.875000000,-0.013969538,0.041827607,1.002796989
3.880000000,-0.026181422,-0.005496838,0.999611367
3.885000000,0.066599224,-0.013366382,1.004027779
3.890000000,-0.004197602,0.004831838,1.002993288
3.895000000,-0.008650047,-0.024967958,1.002097543
3.900000000,0.018447494,-0.028172188,1.003007662
3.905000000,-0.000789874,0.011284382,1.012651755
3.910000000,0.038136403,0.015044851,1.009017505
3.915000000,-0.003418779,-0.037598074,0.990367634
3.920000000,-0.015854986,-0.044507168,1.010065992
3.925000000,0.001156323,-0.012859299,1.011378382
3.930000000,0.039112938,0.046570748,0.997500202
3.935000000,-0.012161027,-0.031123555,1.013304954
3.940000000,-0.057227882,-0.029649423,1.000980901
3.945000000,0.023687661,0.007120625,1.009780731
3.950000000,0.032497287,0.000166282,1.010474669
3.955000000,-0.032250080,0.021117131,1.001235399
3.960000000,-0.024987661,-0.025781884,1.009142319
3.965000000,0.031028419,-0.011285899,1.002842742
3.970000000,-0.023068769,-0.054651463,1.012269973
3.975000000,-0.022793650,0.018728156,1.000905119
3.980000000,0.054058974,0.015631044,1.000365453
3.985000000,0.090615772,-0.018885942,1.002011293
3.990000000,0.009691084,0.070848471,1.004019721
3.995000000,-0.053192149,-0.064374796,1.010846882
4.000000000,0.027702951,-0.028824149,1.001492179
4.005000000,-0.007736246,0.016008224,1.012495339
4.010000000,0.019823615,-0.024296641,1.008263639
4.015000000,0.033845095,0.030577503,1.020638520
4.020000000,-0.064742072,0.044576200,1.014407777
4.025000000,-0.021149041,0.031374598,0.992000927
4.030000000,-0.003499889,-0.023074875,1.012782643
4.035000000,-0.022634286,0.047935877,1.012215058
4.040000000,0.008862374,-0.012466396,1.001467238
4.045000000,-0.007012793,-0.048412940,1.000078085
4.050000000,-0.006715529,0.022863220,1.001335595
4.055000000,0.028546665,-0.030168147,1.003754567
4.060000000,-0.006818448,0.036554353,1.014542417
4.065000000,-0.021862082,0.011321606,1.010723165
4.070000000,0.004065042,-0.008161688,1.005115524
4.075000000,0.065297237,0.001715730,1.005790166
4.080000000,0.062494922,-0.006563310,0.995888147
4.085000000,-0.053032590,0.039019141,1.004506811
4.090000000,-0.020409647,-0.035044619,1.002061686
4.095000000,0.022078253,-0.017112611,1.006637607
4.100000000,0.024290835,0.008886327,1.001080054
4.105000000,0.023453059,0.048354898,1.008294588
4.110000000,-0.001700100,-0.002141691,1.018396033
4.115000000,0.020184021,-0.078470904,0.996692213
4.120000000,-0.027086642,-0.004186410,1.005370101
4.125000000,0.001778688,-0.064723984,1.008855179
4.130000000,0.029718881,-0.009124655,1.007986747
4.135000000,-0.026568646,-0.016447043,0.999935284
4.140000000,0.039203396,-0.017992224,1.006265215
4.145000000,0.045914793,0.047618929,1.013325467
4.150000000,-0.005615720,-0.010254606,0.993745225
4.155000000,0.014371362,0.038219277,1.006149386
4.160000000,-0.003927517,-0.025676432,1.003730634
4.165000000,0.002582132,0.022540998,1.005463595
4.170000000,0.019448979,-0.018810447,1.014236664
4.175000000,-0.033555021,-0.066061629,1.002453164
4.180000000,-0.039274601,0.066853900,1.000400752
4.185000000,0.005830214,-0.035791180,1.007298220
4.190000000,0.033039347,-0.009614599,1.005598680
4.195000000,0.033250792,0.022621091,1.006583024
4.200000000,0.001558289,0.016420831,1.014630481
4.205000000,-0.018179809,-0.023549906,1.004701475
4.210000000,-0.002972546,-0.045876912,1.016760582
4.215000000,0.015294295,0.041012735,1.013621767
4.220000000,0.021773913,-0.006265552,1.002211444
4.225000000,-0.002221834,0.002089752,1.003580551
4.230000000,-0.020395876,-0.020784686,0.992059555
4.235000000,0.011515458,0.007579906,1.015517142
4.240000000,-0.000187295,-0.012516939,1.008472678
4.245000000,-0.025528420,-0.008953340,0.995514099
4.250000000,-0.018475834,0.035613082,1.011359387
4.255000000,-0.015457360,-0.047107124,1.011014576
4.260000000,0.013719760,0.035999064,1.005612448
4.265000000,0.021183439,-0.012713176,1.000968251
4.270000000,-0.025939751,-0.032343248,1.010538425
4.275000000,0.006321877,0.054214792,1.004225712
4.280000000,0.046941844,0.010140475,1.002805599
4.285000000,-0.044846835,-0.022496726,1.010793294
4.290000000,0.007365364,-0.018550391,1.003569853
4.295000000,0.070263743,-0.009485780,1.008032203
4.300000000,0.002966372,-0.003281893,1.005125504
4.305000000,-0.008880848,0.051919923,1.001453942
4.310000000,-0.025812604,-0.036039482,1.006961524
4.315000000,0.022345856,-0.026718323,1.004892136
4.320000000,0.020277494,0.052607789,1.002854098
4.325000000,-0.035422464,-0.014320269,1.010837718
4.330000000,-0.030868378,-0.032263751,1.008705715
4.335000000,-0.013244723,-0.013130909,0.998479874
4.340000000,0.029259413,0.012033432,1.006985413
4.345000000,0.028794169,-0.063067946,1.003124638
4.350000000,0.016425288,-0.022922315,1.007090128
4.355000000,0.001186201,0.007487317,1.021700401
4.360000000,0.033028329,-0.017023302,0.999632154
4.365000000,0.034085900,0.021805686,0.997050400
4.370000000,-0.016372088,0.008442955,1.003619748
4.375000000,-0.014113026,0.032670085,1.000740347
4.380000000,-0.022243521,-0.061202323,1.016319610
4.385000000,0.023836515,-0.007333536,1.008229980
4.390000000,0.025958576,0.086769075,0.992297001
4.395000000,0.013621583,0.007242102,0.998829606
4.400000000,0.024292202,-0.000724481,1.013342777
4.405000000,-0.060372568,0.004101185,1.015010538
4.410000000,-0.001294690,0.001748468,0.991661357
4.415000000,0.054428485,-0.025097743,1.007137970
4.420000000,-0.048327988,0.001711547,1.017472222
4.425000000,0.032590794,-0.056828411,0.998458244
4.430000000,0.060668892,-0.020840556,1.008930443
4.435000000,-0.012219486,0.061523852,1.006109643
4.440000000,0.019192033,-0.001190129,1.007675231
4.445000000,-0.047324824,0.059750662,1.017212502
4.450000000,0.002365121,-0.040270478,1.000970021
4.455000000,0.057396882,-0.043933639,1.009429931
4.460000000,-0.016885979,0.056953869,1.011494169
4.465000000,0.020043368,-0.071834026,1.003707062
4.470000000,-0.017143647,-0.078233796,1.010107192
4.475000000,0.002226795,-0.002177574,1.000904055
4.480000000,0.062226658,0.038624751,1.009502100
4.485000000,-0.032292898,0.019040643,0.999106610
4.490000000,0.013386111,-0.036820430,1.001483626
4.495000000,0.086850943,-0.022683873,1.022002289
4.500000000,-0.035557984,0.018662336,1.000448095
4.505000000,-0.054889031,-0.023740361,1.016515655
4.510000000,0.012085520,-0.023595552,1.008198695
4.515000000,-0.021581983,0.026934230,0.995296878
4.520000000,-0.025036367,-0.009296953,1.012755656
4.525000000,0.000260431,0.002187398,1.000774914
4.530000000,-0.025018010,0.000835975,1.009135027
4.535000000,-0.036588298,0.046039790,0.993759175
4.540000000,0.052929276,-0.003413444,1.002022936
4.545000000,0.073557894,-0.006015786,1.003125032
4.550000000,-0.043405877,0.069140003,1.001586097
4.555000000,-0.029144115,-0.098206502,1.025217978
4.560000000,0.077657277,-0.000703047,0.996136876
4.565000000,0.020816642,0.020657506,1.002532089
4.570000000,-0.052464118,-0.036530884,1.004240164
4.575000000,0.031790368,0.077680540,1.000477313
4.580000000,-0.023316938,-0.043354768,1.023327222
4.585000000,-0.052889181,0.026968935,0.999045863
4.590000000,0.025221382,0.031906781,1.000722971
4.595000000,-0.039725054,-0.064962780,1.017586145
4.600000000,0.000751425,0.038216687,0.997979700
4.605000000,0.034457330,0.019458529,0.999815848
4.610000000,0.029534158,-0.071181543,1.019551268
4.615000000,0.049254154,-0.044280213,1.008306792
4.620000000,-0.045287601,0.006995993,1.011976082
4.625000000,-0.031478907,-0.058469439,1.005467798
4.630000000,0.020862803,0.031932518,0.994664126
4.635000000,0.005664543,0.025409553,1.016582687
4.640000000,0.009044952,-0.050514165,0.999193508
4.645000000,0.003144183,0.083225648,0.996645819
4.650000000,-0.009695341,-0.009258801,1.009897268
4.655000000,-0.018380313,-0.047547711,0.999302981
4.660000000,0.035919014,0.032474504,1.006281482
4.665000000,0.016819309,-0.026287232,1.009602504
4.670000000,-0.027590764,-0.011859682,1.007885803
4.675000000,0.041060552,0.027175444,1.007862749
4.680000000,0.013560137,-0.032388761,1.000691017
4.685000000,0.017640487,0.003852788,1.002740350
4.690000000,0.087632952,0.077330864,1.014585506
4.695000000,0.031832326,-0.035934055,1.009150637
4.700000000,0.013347933,-0.040012706,1.008492162
4.705000000,0.004315294,0.026464193,1.004884670
4.710000000,-0.031113055,0.010366583,0.999414073
4.715000000,-0.009237891,0.000480352,1.010246180
4.720000000,0.013414467,-0.057063109,1.007919090
4.725000000,0.024495828,-0.010711346,1.007507759
4.730000000,-0.018424248,0.032852683,0.999862966
4.735000000,-0.049467308,-0.030671945,1.002232570
4.740000000,0.023682479,-0.011959983,1.013298864
4.745000000,-0.007659405,0.014982598,1.001399415
4.750000000,-0.028171439,0.003238670,0.998714962
4.755000000,0.050431726,-0.006848341,1.004224263
4.760000000,0.014566043,-0.019201256,1.016732698
4.765000000,0.004707869,-0.012956007,1.008966938
4.770000000,-0.013560255,0.016658004,0.996871390
4.775000000,-0.053854182,0.056634978,1.002476711
4.780000000,-0.010280965,-0.022100098,1.008618022
4.785000000,0.045874281,-0.043562504,1.005600703
4.790000000,-0.022216872,0.003730071,1.001461702
4.795000000,-0.068450385,-0.003504217,1.010789907
4.800000000,0.057325838,0.009668634,1.008502090
4.805000000,0.003630461,-0.089774204,1.011311576
4.810000000,0.025777092,0.004989893,1.004921933
4.815000000,0.037119959,0.035913782,0.989693018
4.820000000,-0.041322136,-0.045078470,1.003974448
4.825000000,0.058504028,0.076807251,1.014482441
4.830000000,-0.007825797,-0.021061493,1.006183571
4.835000000,0.006554240,-0.010896972,1.004252190
4.840000000,-0.002647986,0.033392954,1.010320697
4.845000000,-0.041521200,-0.001564633,1.004342769
4.850000000,0.046142097,0.001915603,1.006403926
4.855000000,0.026788762,-0.074778637,1.011583583
4.860000000,0.004990509,-0.001727566,1.003602339
4.865000000,0.000719607,-0.019756019,1.006579047
4.870000000,0.015514183,-0.010954900,1.006925130
4.875000000,-0.062842296,0.010873748,1.007849893
4.880000000,-0.022117928,-0.004446518,1.011245128
4.885000000,0.012924015,0.017203231,0.998225548
4.890000000,0.019165772,-0.014347233,1.008707473
4.895000000,0.031084271,0.056100605,1.015636219
4.900000000,-0.043274062,0.003389409,0.996548229
4.905000000,0.067985943,-0.023098880,1.004956864
4.910000000,-0.027308957,-0.008452497,1.013694024
4.915000000,-0.003789002,0.002685038,1.010150801
4.920000000,0.081546633,0.032826472,1.011454683
4.925000000,-0.056707037,-0.034025963,1.008157596
4.930000000,-0.005842158,-0.007710517,1.000283048
4.935000000,0.013438468,-0.012093979,0.997088491
4.940000000,0.034287882,0.014490632,1.015374680
4.945000000,0.005356674,0.014201798,1.004055725
4.950000000,-0.024619700,0.000550263,0.995720720
4.955000000,0.009959939,0.028602901,1.009634690
4.960000000,0.020466888,-0.065298071,1.004118853
4.965000000,-0.021433287,-0.009654069,1.009332441
4.970000000,-0.012798264,0.042785364,1.000557047
4.975000000,0.024928454,-0.012856034,1.002196176
4.980000000,-0.028021380,0.027346599,1.007061843
4.985000000,0.049611934,-0.000479481,1.002894740
4.990000000,-0.000851475,-0.031392299,1.001577015
4.995000000,0.006034715,0.035733422,1.000860633
5.000000000,0.026988668,-0.000185764,1.019978101
5.005000000,-0.010267765,-0.004444994,1.010009834
5.010000000,0.021692809,0.010115204,0.992457116
5.015000000,-0.064949176,-0.079095833,1.007426009
5.020000000,0.035047140,-0.024475815,1.011956174
5.025000000,-0.010776650,-0.006812254,1.001097640
5.030000000,-0.019698361,-0.004746844,1.008676107
5.035000000,0.076548701,0.052576954,1.013121984
5.040000000,0.027187423,-0.016422799,1.000431243
5.045000000,0.023181480,0.015443869,1.012038080
5.050000000,-0.044006686,-0.012226627,1.012353825
5.055000000,0.045858430,-0.071645245,0.998846165
5.060000000,-0.021464256,0.052961408,0.999752693
5.065000000,-0.076991959,0.031437203,1.002927959
5.070000000,0.046539978,-0.059588499,1.005851018
5.075000000,0.009476676,-0.012388901,1.010895573
5.080000000,0.034673979,-0.011690444,1.008597198
5.085000000,-0.042960533,-0.029536798,1.003577420
5.090000000,-0.027808473,0.012102728,1.002844897
5.095000000,0.084819211,0.003105898,0.995855363
5.100000000,-0.025985973,-0.010653520,1.004876240
5.105000000,0.000924476,0.016413082,1.010353251
5.110000000,0.062968524,0.016274855,1.005177062
5.115000000,-0.039245516,-0.028089558,1.014477791
5.120000000,-0.021054054,-0.066513303,1.001358121
5.125000000,0.008067424,0.004317793,0.993293754
5.130000000,0.011037251,0.034499703,1.009433514
5.135000000,0.026761035,-0.038048162,1.017362405
5.140000000,-0.015813634,0.015592325,1.005652910
5.145000000,-0.008443646,0.041865618,1.003570686
5.150000000,-0.039450337,-0.043539223,1.002140705
5.155000000,-0.020022462,-0.018393755,1.004663493
5.160000000,0.023311674,0.022344230,1.011762021
5.165000000,0.019544898,-0.017722184,1.000123487
5.170000000,-0.010013517,-0.005214292,1.009982898
5.175000000,-0.006073586,0.018254968,1.002026153
5.180000000,0.060973509,-0.008853796,1.008073887
5.185000000,0.007244765,0.026789430,1.020561474
5.190000000,-0.016037345,0.019107067,1.001180573
5.195000000,-0.023125915,-0.036495950,1.015971740
5.200000000,0.024430394,0.011686124,1.004730657
5.205000000,0.031315051,0.017616177,1.007052889
5.210000000,-0.015568419,-0.041480301,1.013502461
5.215000000,0.019298591,-0.018817740,0.999102689
5.220000000,-0.024986297,0.015240887,1.011890807
5.225000000,0.043838217,0.015511346,1.012688957
5.230000000,-0.028720258,0.034909367,1.009767729
5.235000000,-0.018789292,-0.025105361,0.992220793
5.240000000,0.090250653,-0.050472430,1.003947190
5.245000000,-0.043253854,0.033332835,1.009609744
5.250000000,0.029146318,0.029752653,0.995921059
5.255000000,0.023835485,0.012475150,1.014399773
5.260000000,0.009884009,0.000063049,1.008658089
5.265000000,0.028634269,-0.042819715,1.012744869
5.270000000,-0.062652932,-0.027650892,1.010190281
5.275000000,0.032682846,0.021474543,0.991970152
5.280000000,-0.006920705,0.042378401,1.001424881
5.285000000,-0.021705466,-0.009362090,1.005070630
5.290000000,0.043082320,-0.015547007,1.009026696
5.295000000,-0.000328557,0.042293662,1.005605149
5.300000000,0.014346714,-0.024931677,0.999114806
5.305000000,-0.004640785,-0.034831372,1.008670637
5.310000000,-0.000932530,0.023566631,1.011150589
5.315000000,-0.001661197,-0.024252826,1.002221855
5.320000000,0.008138305,0.025156454,1.000498009
5.325000000,0.014285213,-0.027198956,1.000047001
5.330000000,-0.029859518,-0.069516211,1.007017767
5.335000000,0.025452597,0.044147016,1.012972690
5.340000000,-0.011307213,0.011408671,1.001886202
5.345000000,-0.012606733,0.044489644,1.006146779
5.350000000,0.025650400,-0.000209062,1.007320555
5.355000000,-0.021721043,-0.074671357,0.994749084
5.360000000,0.017659816,-0.025367385,1.001759714
5.365000000,-0.017496624,-0.028928375,1.010902127
5.370000000,0.005968900,0.035348152,1.005153353
5.375000000,0.001513247,-0.016473217,1.008510673
5.380000000,-0.035271963,-0.062433219,1.014965561
5.385000000,0.095293597,0.037161034,1.000910327
5.390000000,0.026137734,0.025221804,0.999658079
5.395000000,-0.065220237,-0.041028734,1.008887309
5.400000000,0.000491905,-0.040309284,1.007835982
5.405000000,-0.000239030,-0.002134625,0.997701076
5.410000000,-0.023790202,0.031772631,0.998570113
5.415000000,-0.006792900,0.044773446,1.019947521
5.420000000,0.009290511,-0.019771746,1.010218435
5.425000000,0.006195931,-0.037004558,0.999343952
5.430000000,0.022232003,0.022707318,1.001687425
5.435000000,0.061006723,0.003658485,1.010583445
5.440000000,0.015524159,-0.030182413,1.010150498
5.445000000,-0.073299431,-0.029442083,1.000100590
5.450000000,0.032100260,-0.012509574,1.007304619
5.455000000,0.052888806,0.037169972,0.998406109
5.460000000,-0.069036389,-0.005712245,1.013623167
5.465000000,0.002661594,-0.017121911,1.010584342
5.470000000,0.043227827,0.038312920,1.000004545
5.475000000,-0.033762490,-0.007786208,1.022871223
5.480000000,-0.033135987,-0.003203688,1.005220397
5.485000000,0.043699559,-0.029981467,1.010190364
5.490000000,0.056827607,0.008621082,1.009561379
5.495000000,0.010998388,0.014455296,0.993502136
5.500000000,0.011273576,-0.063097810,1.005779550
5.505000000,-0.005764338,0.077034740,1.007456544
5.510000000,0.004886196,0.030926716,1.010125595
5.515000000,0.012284171,-0.029047896,1.012011875
5.520000000,-0.022746689,0.008036941,1.008525870
5.525000000,0.025838583,-0.008784039,0.998715212
5.530000000,-0.018406472,0.011628334,1.003462646
5.535000000,-0.016179595,-0.054261050,1.018839407
5.540000000,0.054887346,0.003182207,1.000879968
5.545000000,-0.056874924,0.032060402,1.000949593
5.550000000,0.036985006,-0.008684706,1.018125455
5.555000000,0.056242511,0.004401162,1.008599320
5.560000000,-0.055378036,-0.010625160,1.009635861
5.565000000,0.014547984,-0.000238760,1.004972416
5.570000000,-0.001741277,0.007166141,0.994753560
5.575000000,0.022050438,-0.021064305,1.003549181
5.580000000,0.020758035,-0.050411381,0.996644284
5.585000000,-0.008349217,0.011935837,1.012745851
5.590000000,-0.048722823,-0.012334034,1.015626636
5.595000000,0.010693315,-0.013885116,0.990527500
5.600000000,0.045608886,-0.000745607,1.001605241
5.605000000,-0.048396993,-0.014374131,1.004568251
5.610000000,0.048047119,0.073406841,1.011997222
5.615000000,0.001691303,-0.003661124,1.013477319
5.620000000,0.004061566,0.015221654,1.006354882
5.625000000,-0.001245982,0.018622481,1.000517308
5.630000000,-0.000307925,-0.064275433,0.997494378
5.635000000,0.035606056,0.038536297,1.010523770
5.640000000,-0.062204043,-0.010701833,1.009071753
5.645000000,0.040779179,-0.068669608,1.008216368
5.650000000,-0.051449216,-0.035498754,0.997477909
5.655000000,0.035671038,0.037175385,1.001075894
5.660000000,0.088058430,0.047618836,1.001241660
5.665000000,-0.047299260,-0.039187602,0.992844561
5.670000000,0.025074149,0.050095081,1.011858854
5.675000000,-0.037613071,-0.039798137,1.004200655
5.680000000,0.027518052,-0.049644517,1.011286212
5.685000000,-0.040303775,0.064846757,1.010305350
5.690000000,0.026982853,-0.074229134,0.996178514
5.695000000,0.059007507,0.051199330,1.012881099
5.700000000,-0.085902035,0.030678850,1.003460900
5.705000000,0.073961625,-0.063114780,0.998894270
5.710000000,-0.006336962,0.035126782,1.017620770
5.715000000,-0.019026966,-0.051025592,1.006437546
5.720000000,-0.005744479,0.012650288,0.998318006
5.725000000,-0.038205801,0.007181020,1.013898024
5.730000000,0.056621889,-0.015831296,1.016072296
5.735000000,0.020773456,-0.014513210,1.005257795
5.740000000,-0.007427827,-0.018850277,0.997618410
5.745000000,-0.015933709,0.073740905,1.008451659
5.750000000,0.018059892,-0.030334747,1.006182593
5.755000000,0.005898763,-0.030229863,1.000555169
5.760000000,0.035270280,0.012701227,1.010105459
5.765000000,0.026269437,0.005029945,1.005727186
5.770000000,0.001273423,-0.052775989,1.025221607
5.775000000,-0.000053030,-0.048372815,1.011556950
5.780000000,-0.080479866,0.088688530,0.994621839
5.785000000,0.011565109,0.003769157,1.018561913
5.790000000,0.037854996,-0.023887269,1.008468667
5.795000000,-0.021984042,-0.009676561,0.998583443
5.800000000,-0.000431710,-0.057336885,1.002199925
5.805000000,0.007570475,0.016831576,1.013264944
5.810000000,0.017472658,0.020774252,1.006710805
5.815000000,0.030109195,-0.046104147,0.999072009
5.820000000,0.012720143,0.034005500,1.013929829
5.825000000,-0.012361119,0.028567140,1.007482356
5.830000000,-0.025614121,-0.006696148,1.007423452
5.835000000,-0.006520373,0.038232453,1.007983790
5.840000000,0.044487376,-0.067164020,0.999443890
5.845000000,0.019102261,-0.002159038,1.004539179
5.850000000,-0.030983149,0.001325894,1.001386450
5.855000000,-0.082179878,-0.015196792,1.004020279
5.860000000,0.036237499,0.019567543,1.021466795
5.865000000,0.058608383,-0.072042198,1.008696118
5.870000000,-0.061769126,0.030641545,0.994026119
5.875000000,0.044363332,0.015807839,1.006679474
5.880000000,-0.012040340,0.008130215,1.004064762
5.885000000,-0.003750781,0.003357041,0.997379124
5.890000000,0.053894721,-0.011517649,1.006013070
5.895000000,-0.030002541,0.037086369,1.005232189
5.900000000,0.011217195,-0.014678947,1.002494803
5.905000000,0.008874872,0.019662989,1.010058477
5.910000000,0.031539520,-0.034618058,1.000711748
5.915000000,0.035454057,0.014826964,1.003695307
5.920000000,0.011919286,0.056895043,1.012851126
5.925000000,0.013491555,-0.017241282,0.996338576
5.930000000,-0.003080034,-0.029019206,1.010149618
5.935000000,0.010037701,-0.020726635,1.005886951
5.940000000,0.038184485,0.042693332,0.999637983
5.945000000,-0.009894875,-0.032961845,1.010771893
5.950000000,-0.031863863,-0.028284001,1.005278873
5.955000000,0.028647039,0.028323378,1.001060819
5.960000000,-0.040180674,-0.026948636,0.997601692
5.965000000,-0.002918027,-0.021421669,1.010863582
5.970000000,0.022340157,0.005634194,1.015526499
5.975000000,-0.012787929,-0.029246595,1.009432059
5.980000000,0.001428506,-0.012415545,1.001849379
5.985000000,-0.021417318,0.005970717,0.996123955
5.990000000,0.024309737,-0.041315890,1.009297408
5.995000000,0.033976113,0.013284870,1.006831014
6.000000000,0.090457599,-0.017640876,1.008246069
6.005000000,-0.004614618,-0.003332391,1.007157233
6.010000000,-0.044800667,0.037445785,0.999724028
6.015000000,0.024095217,0.009474915,1.002295159
6.020000000,-0.054011049,-0.005643784,1.002862805
6.025000000,0.031971201,-0.045309101,1.013200855
6.030000000,0.017178247,0.018947794,1.010565836
6.035000000,-0.030217502,-0.019928771,1.006231249
6.040000000,-0.007590261,0.015171994,1.015440142
6.045000000,-0.005939635,0.022049992,1.010154340
6.050000000,-0.011724152,-0.039809790,1.010543881
6.055000000,-0.039304581,0.027475141,1.008464756
6.060000000,0.040376460,-0.012917641,1.005554693
6.065000000,0.036687088,-0.023631122,1.007509358
6.070000000,0.039917625,-0.040091536,1.003326554
6.075000000,-0.023172441,0.045365079,1.013599073
6.080000000,-0.079186968,0.033747363,1.009411147
6.085000000,-0.022285539,-0.055749560,1.012443855
6.090000000,0.005696889,0.043229759,1.012882735
6.095000000,0.067358341,-0.016944799,1.000096210
6.100000000,-0.028002078,0.014470035,1.012565804
6.105000000,0.008500779,0.030727278,1.001838440
6.110000000,0.082936477,-0.040374765,1.004853284
6.115000000,-0.035434403,0.053126351,1.001735944
6.120000000,0.000463350,0.029578446,1.000185850
6.125000000,0.003000858,-0.020399748,1.013076086
6.130000000,-0.010543530,-0.006212708,0.991277134
6.135000000,0.019891265,-0.003805230,1.002608103
6.140000000,-0.009498575,-0.023564331,1.006997394
6.145000000,0.006630848,-0.059391117,1.003655164
6.150000000,-0.004989979,0.008933856,1.010547284
6.155000000,-0.012177527,0.013209606,1.000978368
6.160000000,0.038698891,-0.038126678,0.997396476
6.165000000,0.059776649,0.007824209,1.002828173
6.170000000,-0.012370852,-0.025919768,1.012477137
6.175000000,-0.059127168,-0.025342036,0.988136219
6.180000000,-0.003790086,0.032019410,1.005853679
6.185000000,-0.009667806,-0.011148175,1.011585267
6.190000000,0.030144200,-0.017507319,0.990332163
6.195000000,0.037329120,-0.013217927,1.016373614
6.200000000,-0.025467662,-0.039856292,1.014571552
6.205000000,0.048196447,-0.004798516,1.004224572
6.210000000,0.024269792,0.031409746,0.997516486
6.215000000,-0.028831360,0.038491676,1.004533421
6.220000000,0.005728423,0.015207089,1.020070840
6.225000000,0.029924018,-0.020522740,1.016085842
6.230000000,0.043969198,0.006244288,1.002346421
6.235000000,-0.045356875,-0.028630298,0.998355205
6.240000000,-0.031932129,-0.023986178,1.011172168
6.245000000,0.038363296,-0.003801156,1.009979532
6.250000000,0.002387448,-0.046179026,1.007328054
6.255000000,0.027892483,0.033760440,1.006794708
6.260000000,0.009438710,0.046666217,1.003876367
6.265000000,-0.055587703,0.031562191,1.006882035
6.270000000,0.011007038,-0.040623255,1.016087953
6.275000000,0.037337157,-0.039784811,1.004558938
6.280000000,0.001878272,0.044101391,0.999550073
6.285000000,0.001324554,-0.035612404,1.008077394
6.290000000,-0.002528972,0.046129225,0.995904709
6.295000000,0.000540225,0.015962153,1.016063385
6.300000000,-0.022590114,-0.041257906,1.003399783
6.305000000,0.040088778,0.009766115,0.998255055
6.310000000,0.028363497,-0.037656668,1.031509588
6.315000000,-0.057799069,0.017255567,1.009208881
6.320000000,0.036816603,-0.026939436,0.997377736
6.325000000,0.017051679,-0.061739930,1.000410831
6.330000000,-0.029546266,0.011376327,1.008775862
6.335000000,0.024635568,0.063125541,1.001018924
6.340000000,0.028137232,0.000575790,1.004575911
6.345000000,0.018288234,-0.028569888,1.015460679
6.350000000,-0.026971648,0.043261562,0.994169336
6.355000000,-0.012696720,-0.046624101,1.006419644
6.360000000,-0.028078706,-0.016278256,1.006592339
6.365000000,-0.019022783,0.052319763,1.007934940
6.370000000,0.087687120,0.006982136,1.009471370
6.375000000,-0.000878000,-0.022073507,0.998665779
6.380000000,-0.049243711,-0.033524626,1.010545147
6.385000000,0.041430089,0.009721716,1.001332256
6.390000000,0.009833740,-0.005293814,1.004139455
6.395000000,-0.015476220,0.005911056,1.004536221
6.400000000,-0.015851826,0.032962515,0.999964381
6.405000000,0.019121141,-0.007632852,1.011614166
6.410000000,0.030141295,-0.011717741,1.007714479
6.415000000,-0.031790122,0.014716301,1.006047875
6.420000000,0.001351217,-0.016356439,0.999341935
6.425000000,-0.001272171,-0.027158978,1.004406560
6.430000000,-0.009607248,0.056328878,1.015315719
6.435000000,-0.011483476,0.026248539,1.003838973
6.440000000,-0.003655605,-0.066143085,1.003862488
6.445000000,0.094674615,0.010296059,1.003492079
6.450000000,0.038495686,0.011578965,1.012211439
6.455000000,-0.068203636,-0.052296394,1.011198766
6.460000000,-0.011134218,-0.002312410,0.996678111
6.465000000,0.038537273,-0.014432077,1.006863243
6.470000000,0.008302659,0.044821044,1.009413260
6.475000000,0.023733564,0.029060183,1.009705483
6.480000000,0.008200725,-0.062727417,1.003919789
6.485000000,-0.018346213,-0.012969157,1.006562646
6.490000000,0.029706030,-0.018486886,1.009872441
6.495000000,0.009588099,-0.019331491,0.996310449
6.500000000,-0.012471999,-0.034745520,1.016568353
6.505000000,-0.024834531,-0.001065047,1.003188569
6.510000000,-0.025971855,-0.006817542,1.005168165
6.515000000,-0.018504811,-0.016250183,1.021529827
6.520000000,-0.037235333,0.030254016,0.989713061
6.525000000,0.000319754,-0.036568049,1.004816447
6.530000000,0.019294051,0.006108685,1.017611561
6.535000000,0.004469379,-0.033790979,1.003004485
6.540000000,0.045125094,0.004778537,1.005482026
6.545000000,0.042272534,0.044434662,1.002511913
6.550000000,-0.018833217,-0.064709519,1.002016380
6.555000000,0.055289841,0.014855587,1.013229500
6.560000000,-0.000284756,0.006531134,1.007198226
6.565000000,-0.047153747,0.019645517,1.002929084
6.570000000,0.069540510,0.010789083,1.009507521
6.575000000,-0.025384189,-0.018675241,0.991603625
6.580000000,-0.009725627,0.033033723,1.003427161
6.585000000,0.032679956,-0.024189008,1.003220686
6.590000000,-0.029394028,0.023161893,0.999589570
6.595000000,0.003186912,0.040623597,1.018331524
6.600000000,0.012232057,-0.024212491,1.005740020
6.605000000,-0.004803195,-0.030967426,1.010502389
6.610000000,-0.057736187,0.013922811,1.001938854
6.615000000,0.037878895,0.044236785,1.007822397
6.620000000,0.019360992,-0.000571719,1.009090364
6.625000000,-0.003141966,-0.026920830,0.991829208
6.630000000,0.094141139,-0.027348857,1.016191351
6.635000000,-0.022350417,0.000796789,1.005232682
6.640000000,-0.002100021,0.030155844,1.001365768
6.645000000,-0.023867144,0.010196641,1.015631204
6.650000000,-0.017418791,-0.044879137,1.012076497
6.655000000,0.044294176,0.006421340,0.998091139
6.660000000,-0.033622556,0.032332057,0.994625390
6.665000000,-0.001033417,-0.019498989,1.015777253
6.670000000,-0.036994097,0.034475230,1.004232403
6.675000000,0.051674297,0.005688550,1.003743889
6.680000000,0.025788495,-0.046746984,1.004024254
6.685000000,-0.057138833,-0.020791497,1.004628149
6.690000000,0.035179153,-0.001122993,1.015214215
6.695000000,-0.025077800,-0.006154745,1.012008052
6.700000000,0.050908076,-0.021283926,1.008262597
6.705000000,0.022390955,-0.000473201,0.996208189
6.710000000,-0.011629140,-0.021810795,1.003333235
6.715000000,0.052605812,0.006172938,1.007509644
6.720000000,0.000868917,0.035460616,1.014789234
6.725000000,0.031064257,-0.030959609,1.016518742
6.730000000,-0.008074271,-0.024710291,1.004758489
6.735000000,-0.022403787,0.011309749,1.010561774
6.740000000,0.019396624,-0.000859114,1.001133648
6.745000000,0.071787561,-0.002392269,1.005907861
6.750000000,-0.046483417,0.014276142,1.008814221
6.755000000,-0.020493908,-0.016612738,0.999349448
6.760000000,0.103703959,-0.056173717,1.010921880
6.765000000,-0.105177960,-0.000892311,1.010170378
6.770000000,-0.011533616,0.041641990,0.998825586
6.775000000,0.050130647,-0.014578127,1.003567177
6.780000000,-0.020457068,-0.069200371,1.005872623
6.785000000,-0.003165692,-0.016893936,1.002726351
6.790000000,-0.061323378,0.045498832,1.003782489
6.795000000,0.027883676,-0.016146559,0.992775927
6.800000000,0.016870052,-0.017529514,1.007508144
6.805000000,0.015752424,0.045657220,1.016677935
6.810000000,0.006692616,0.013389539,1.000514410
6.815000000,-0.027234357,-0.013121512,1.013499044
6.820000000,-0.020260686,-0.016263227,1.005220268
6.825000000,-0.013456647,-0.001375035,0.995571634
6.830000000,0.006661841,0.018172808,1.012903236
6.835000000,-0.014086333,0.000413936,0.996542203
6.840000000,0.018406018,-0.023756893,1.000110356
6.845000000,-0.022545995,-0.023917853,1.018382524
6.850000000,0.055432813,0.018392689,0.995470548
6.855000000,0.027345536,-0.007157406,1.005234628
6.860000000,-0.040582671,0.017704516,1.010648933
6.865000000,0.049269196,0.058970259,0.997571739
6.870000000,-0.064300419,-0.061927030,1.017834281
6.875000000,-0.011946188,0.000079145,0.996237797
6.880000000,0.111617259,0.077309507,1.003467117
6.885000000,0.014446193,-0.026790585,1.017042609
6.890000000,-0.030192302,-0.004680142,0.987418617
6.895000000,0.034095300,-0.005553383,1.021294608
6.900000000,0.006612423,-0.017176658,1.016463357
6.905000000,0.004993256,-0.007482706,0.998995641
6.910000000,0.012149246,-0.029049153,1.014350977
6.915000000,-0.040579768,0.049499286,1.002855609
6.920000000,0.029377331,-0.023150218,1.010164295
6.925000000,-0.030672688,-0.054131004,0.996502189
6.930000000,-0.023847000,0.033938352,1.005844707
6.935000000,0.030813310,-0.031964608,1.021556835
6.940000000,-0.019793361,0.007345048,1.001312853
6.945000000,0.022287794,0.033642454,1.003718956
6.950000000,0.009913656,-0.037500285,1.002584248
6.955000000,-0.029366094,-0.042007042,1.005619386
6.960000000,0.012936891,-0.017056421,1.010317883
6.965000000,0.103187222,0.032395536,1.008765033
6.970000000,0.004812620,0.011298461,1.009872769
6.975000000,-0.044982822,0.005737148,1.001936684
6.980000000,0.014895714,-0.022258887,1.008182753
6.985000000,-0.035831548,-0.054526780,1.011918180
6.990000000,-0.009842593,0.015619644,1.010489328
6.995000000,0.057429951,-0.024101019,1.003842993
7.000000000,0.064549313,-0.022753915,1.003685762
7.005000000,0.010332666,0.030838400,1.000780336
7.010000000,0.002848224,-0.009596739,1.000144893
7.015000000,-0.029511668,0.008875536,1.014314101
7.020000000,-0.040628552,0.015014031,1.003444755
7.025000000,-0.026498237,-0.014368641,1.001533175
7.030000000,0.035472146,-0.008709713,1.005275963
7.035000000,0.047940412,0.047682171,1.005472613
7.040000000,-0.051127580,0.029162875,1.011940105
7.045000000,0.050793258,-0.013398543,1.001998362
7.050000000,-0.001519422,0.025933260,1.006760448
7.055000000,-0.018771896,-0.061550358,0.998368282
7.060000000,0.054416784,-0.019874077,1.001604079
7.065000000,-0.043774117,0.046134716,1.014306081
7.070000000,0.000088272,-0.042573834,1.009594885
7.075000000,0.006249039,0.036875704,1.006196010
7.080000000,-0.011091840,-0.000795930,0.997519223
7.085000000,0.026555354,-0.009062776,1.014013326
7.090000000,0.031351798,0.026492072,1.006121000
7.095000000,-0.021701284,-0.077442413,0.994097013
7.100000000,0.022655305,0.039836757,1.006904346
7.105000000,0.051783432,0.023169612,1.010001322
7.110000000,-0.046948829,-0.044871616,1.011202899
7.115000000,-0.020113885,0.037381566,1.000982337
7.120000000,-0.007082019,-0.025482871,1.006822632
7.125000000,-0.005273984,-0.047376602,0.999836126
7.130000000,0.008440177,-0.021888169,0.996379399
7.135000000,0.020554890,-0.008984417,1.013846565
7.140000000,0.020248532,-0.007780875,1.011374146
7.145000000,-0.001700475,-0.019965954,1.007329207
7.150000000,-0.016216063,0.009623072,0.999418340
7.155000000,0.015956283,-0.003729664,1.001433072
7.160000000,0.060206716,-0.013006114,1.005339132
7.165000000,-0.015485984,0.006139662,1.012619316
7.170000000,-0.012959493,0.017619360,1.004910212
7.175000000,-0.013759760,-0.004244069,0.994705055
7.180000000,0.019635640,-0.013410670,1.009230288
7.185000000,0.021291804,0.014113712,1.007651221
7.190000000,-0.039801897,0.013675567,1.008220017
7.195000000,-0.027468882,-0.026741991,1.007974224
7.200000000,0.014089432,-0.032891329,1.010137863
7.205000000,0.087216745,0.012580852,1.003792567
7.210000000,-0.023855041,0.031029842,1.008452141
7.215000000,-0.018119882,0.034154064,1.008137205
7.220000000,-0.021365707,0.003867574,1.008274295
7.225000000,-0.026616953,0.017318417,1.017384155
7.230000000,0.036792950,0.002991233,0.993791309
7.235000000,-0.062831036,-0.048978181,1.008081719
7.240000000,0.049171913,0.000694054,1.009097057
7.245000000,0.004865073,-0.012831796,1.000622634
7.250000000,-0.063157185,0.010626374,1.014956512
7.255000000,0.035493794,-0.008094978,1.002382597
7.260000000,0.007521881,-0.046339085,1.009196060
7.265000000,-0.000713605,0.024235606,1.007601839
7.270000000,-0.020798632,0.008216420,1.000084097
7.275000000,0.013030130,0.014976694,1.008612854
7.280000000,-0.002102270,-0.022532164,1.008258576
7.285000000,-0.008370432,-0.002782753,1.001566278
7.290000000,0.037037676,0.016751861,1.011450183
7.295000000,0.021653858,-0.011171576,1.006647271
7.300000000,-0.020545133,0.037836197,1.001295452
7.305000000,-0.002424446,-0.044982149,1.012879526
7.310000000,0.038275199,-0.000206119,0.990973070
7.315000000,-0.014035974,0.000845644,1.006303235
7.320000000,0.011531757,-0.027935064,1.011243179
7.325000000,0.031480856,0.059488824,1.000993434
7.330000000,0.007353277,-0.057584410,1.013585428
7.335000000,0.006547693,-0.050082358,1.008310162
7.340000000,0.025894681,0.035596644,1.008203110
7.345000000,0.049278472,-0.016277005,1.003467838
7.350000000,0.015282939,-0.037838530,1.002677865
7.355000000,0.015365208,-0.018588525,1.003122301
7.360000000,0.030020321,-0.006222251,1.010750962
7.365000000,-0.032219457,0.034308005,1.005473781
7.370000000,-0.053553286,-0.007976697,1.006723089
7.375000000,0.062258749,-0.064625863,1.012605750
7.380000000,0.022296232,0.041347536,0.996473588
7.385000000,-0.035273669,-0.008866753,1.009879680
7.390000000,0.039495279,-0.015216596,0.999677317
7.395000000,0.038279385,0.041350165,1.001126618
7.400000000,0.012650822,-0.034294882,1.009987571
7.405000000,-0.012828235,-0.009030450,1.000695485
7.410000000,0.005215889,-0.008376366,1.009729644
7.415000000,-0.023268944,0.024316499,0.997662450
7.420000000,0.031588738,0.024065654,1.000251476
7.425000000,0.020470676,-0.010242711,1.007223191
7.430000000,-0.051616542,0.036083447,1.005312793
7.435000000,0.048079490,0.005192091,1.000540283
7.440000000,-0.039674925,-0.031096873,1.012233988
7.445000000,-0.018854593,-0.002898015,1.016062582
7.450000000,0.035868097,0.022713048,0.992581327
7.455000000,-0.044375609,-0.010769266,1.009087991
7.460000000,0.008144689,0.016561122,1.007723367
7.465000000,0.015266521,0.009973351,1.000212923
7.470000000,0.015359689,-0.040031744,1.017936801
7.475000000,-0.019668418,0.029783709,1.004428955
7.480000000,0.040246610,0.010702234,1.002096016
7.485000000,0.023020532,-0.060363674,1.016882524
7.490000000,-0.089006828,-0.005644469,1.004062500
7.495000000,0.022832452,0.012856649,0.998468315
7.500000000,-0.017999472,-0.024214636,1.010579917
7.505000000,-0.056376071,0.056064075,1.008256183
7.510000000,0.023487972,0.012339035,1.009373805
7.515000000,0.023127100,-0.080880849,1.004735100
7.520000000,-0.013710260,0.019484405,1.006461217
7.525000000,-0.032399521,0.007062213,1.004927066
7.530000000,0.019701202,-0.041173092,0.998434573
7.535000000,-0.020614696,0.015087065,1.006002666
7.540000000,-0.001132685,-0.001075605,1.005578911
7.545000000,-0.002166763,-0.037701770,1.019713787
7.550000000,0.014097458,0.012346716,1.004161753
7.555000000,0.068080106,0.027037558,0.988613155
7.560000000,-0.031692523,-0.017319418,1.019597208
7.565000000,0.025908792,0.002327640,1.008652878
7.570000000,0.012683877,0.013023968,0.995789375
7.575000000,0.020560813,-0.046376913,1.017120782
7.580000000,0.027331655,-0.007234215,1.010200092
7.585000000,-0.081677107,0.053038252,1.001949535
7.590000000,0.045572330,-0.022557621,1.009371226
7.595000000,0.014507642,-0.032397540,1.008540933
7.600000000,-0.025843955,-0.042618018,1.008053970
7.605000000,0.036273403,-0.013567125,1.016748652
7.610000000,-0.006728451,0.041212285,1.009938451
7.615000000,-0.003410859,-0.032470088,0.997139301
7.620000000,0.025391463,-0.002376850,1.008199627
7.625000000,0.036478100,0.015447716,1.003042263
7.630000000,-0.016451376,0.044536869,0.995271471
7.635000000,0.008172841,0.007972611,1.004248629
7.640000000,0.019509519,-0.051847403,1.003480659
7.645000000,0.003302006,0.023054671,1.009502927
7.650000000,0.006408220,-0.010244437,0.998983095
7.655000000,0.003179663,0.005906821,0.995872452
7.660000000,0.028703421,-0.012362795,1.004629048
7.665000000,-0.023720236,-0.019925065,1.011890635
7.670000000,0.001313906,0.020310330,1.010550328
7.675000000,0.046721570,-0.004396094,0.996528430
7.680000000,0.021374148,0.036441358,1.009169545
7.685000000,-0.007036874,-0.013684150,1.004781451
7.690000000,0.012891349,-0.047442410,1.015196832
7.695000000,0.043326463,-0.001282646,1.016393227
7.700000000,0.013251258,0.013079668,0.985282050
7.705000000,-0.004078972,-0.013994840,1.000819546
7.710000000,-0.014743987,-0.014650636,1.015322982
7.715000000,-0.000894767,0.014705371,1.008011651
7.720000000,-0.022675904,-0.022213410,1.004000972
7.725000000,0.028218646,-0.022510592,1.010938171
7.730000000,0.029166276,0.041204684,1.010246162
7.735000000,-0.046560761,0.000132121,0.998980086
7.740000000,0.034195848,-0.060285075,1.004529901
7.745000000,-0.003598653,0.028249435,1.014628631
7.750000000,-0.011798510,0.019852121,1.014442089
7.755000000,0.034553335,0.015541246,1.006289978
7.760000000,-0.013866814,-0.024193462,1.003742016
7.765000000,-0.007933391,-0.063904583,0.991305841
7.770000000,-0.060721299,0.058570097,1.005806304
7.775000000,0.006773892,-0.008591704,1.009605673
7.780000000,0.020524969,0.029661119,1.002808935
7.785000000,-0.038654064,0.026574098,1.017367757
7.790000000,0.098977415,-0.058916511,1.006272737
7.795000000,-0.011439665,0.000064259,1.004163538
7.800000000,-0.034200600,-0.030146298,1.004863467
7.805000000,0.071563880,0.010604984,1.006505348
7.810000000,-0.067102142,-0.023257919,1.013658807
7.815000000,-0.017197284,0.009152649,0.999391977
7.820000000,0.005797935,0.025701128,0.992431742
7.825000000,-0.034262923,-0.035382680,1.010879620
7.830000000,0.011151431,0.052807318,1.012340297
7.835000000,0.024150339,0.016002793,1.004706564
7.840000000,-0.007748675,-0.031114500,1.016277040
7.845000000,-0.031165288,-0.036186943,1.002371916
7.850000000,0.039979910,0.031297020,0.998346787
7.855000000,-0.032940551,0.012375741,1.004248077
7.860000000,0.007435199,-0.101331120,1.002166320
7.865000000,0.055365875,0.016171328,1.012956899
7.870000000,-0.017889422,0.048354099,0.999841578
7.875000000,0.032283106,-0.042452618,1.000996260
7.880000000,0.008472686,-0.013832925,1.016295582
7.885000000,-0.017703577,-0.004968136,0.998943468
7.890000000,-0.018889683,0.016672755,0.998801965
7.895000000,0.035862611,0.015691514,1.010816365
7.900000000,0.014300729,-0.030807188,1.012134956
7.905000000,-0.020243588,0.032439988,1.019754515
7.910000000,0.032078203,-0.013346297,0.998004618
7.915000000,0.008937163,-0.008950894,1.001248949
7.920000000,0.029222985,0.040326156,1.015518229
7.925000000,-0.013308566,-0.056299622,0.995437261
7.930000000,-0.006561997,-0.002898744,1.004597215
7.935000000,0.066514692,-0.008426061,1.005884762
7.940000000,-0.022758114,-0.012338483,1.016769706
7.945000000,-0.064009636,0.046407765,1.005171962
7.950000000,0.050198718,0.043287178,0.997575338
7.955000000,0.024583637,0.018142520,1.021855521
7.960000000,-0.006416689,-0.036434567,1.002093485
7.965000000,-0.006444421,-0.008014668,1.007258336
7.970000000,-0.035583871,-0.032522029,1.005003801
7.975000000,0.067030541,-0.001876085,1.005925772
7.980000000,-0.030151094,0.023302103,1.008012384
7.985000000,-0.013232855,-0.036917010,0.999709705
7.990000000,0.072211175,-0.011380765,1.011681686
7.995000000,-0.006097716,0.000879595,1.000005323
8.000000000,-0.007483126,0.013587144,1.008761885
8.005000000,-0.010041098,0.028497275,1.007353715
8.010000000,0.011914600,-0.065211275,1.008605183
8.015000000,-0.025590331,-0.086593761,1.011891798
8.020000000,0.047055725,0.077198161,1.002489143
8.025000000,0.006487136,-0.022057621,1.005733896
8.030000000,0.026915552,-0.065791193,0.994055446
8.035000000,0.033440251,0.043836236,1.001716809
8.040000000,-0.102772003,-0.035819789,1.004660927
8.045000000,0.046017691,0.012424662,1.018006854
8.050000000,-0.042234151,-0.003930350,1.000166320
8.055000000,-0.007992150,-0.007671762,0.994568724
8.060000000,0.049202442,0.009408447,1.026202454
8.065000000,-0.014006405,-0.043362064,0.998910282
8.070000000,0.047644149,0.023400016,0.997578808
8.075000000,-0.013955742,0.018364480,1.009825257
8.080000000,-0.014954625,-0.012036708,1.016091169
8.085000000,-0.033641179,-0.020563820,1.016617553
8.090000000,0.043561555,0.032659011,0.999058811
8.095000000,-0.026292297,0.039052358,1.003681763
8.100000000,-0.026386292,-0.025479210,0.993946961
8.105000000,0.004646655,-0.012103813,1.002118268
8.110000000,-0.009412254,0.041844315,1.009677414
8.115000000,0.108803836,0.027540542,1.002970896
8.120000000,-0.033876837,-0.016036949,1.016770971
8.125000000,0.048379870,0.014928426,1.007697300
8.130000000,0.035552832,-0.025062771,1.005175698
8.135000000,-0.016741602,0.016704364,1.009074356
8.140000000,0.051003355,0.018448397,1.000660221
8.145000000,-0.015180405,-0.035630900,1.001571872
8.150000000,0.016131381,0.029935169,1.001250503
8.155000000,-0.018463854,0.009118788,1.012012613
8.160000000,0.030823845,-0.015943740,1.006223622
8.165000000,-0.033091484,-0.016505865,1.005810436
8.170000000,0.024067850,0.046905770,1.007593351
8.175000000,0.043935700,0.014890591,1.003300730
8.180000000,-0.047952916,-0.096672678,1.016975377
8.185000000,0.006052760,-0.027509636,0.994061198
8.190000000,-0.047282964,0.041105904,0.998625313
8.195000000,0.053916988,0.024939480,1.006317133
8.200000000,-0.041597153,-0.064329187,0.997313744
8.205000000,-0.036803099,-0.032475219,1.013999505
8.210000000,0.051790412,0.049718437,1.003209934
8.215000000,-0.016955170,-0.000168794,1.010504244
8.220000000,0.025709586,-0.000733290,1.001170946
8.225000000,-0.040375134,-0.010621708,1.007191933
8.230000000,0.017830190,-0.042539090,1.009618621
8.235000000,0.003623305,-0.012547633,0.998848892
8.240000000,-0.006192483,-0.019271571,1.016692883
8.245000000,-0.011575006,-0.032469816,0.995938874
8.250000000,-0.016596576,0.006559866,1.011893538
8.255000000,0.033948291,0.016095897,1.006446581
8.260000000,-0.069798441,-0.013325321,1.007881391
8.265000000,-0.000416017,0.004595273,1.016297791
8.270000000,-0.038367685,0.024888435,0.989159072
8.275000000,-0.014501607,-0.039880516,1.013843522
8.280000000,0.070003038,-0.013090770,1.005478888
8.285000000,-0.003492886,-0.000655244,1.012408407
8.290000000,0.072549825,-0.047658263,1.016964091
8.295000000,0.013605555,0.040602945,1.003211390
8.300000000,-0.033873427,0.017366255,1.015933119
8.305000000,0.004400287,-0.027591532,1.002676395
8.310000000,0.029843962,0.000639953,1.005162296
8.315000000,0.059668749,-0.015141997,0.998860365
8.320000000,-0.012284943,0.005556235,1.012460215
8.325000000,-0.015678280,0.008236251,1.007012981
8.330000000,-0.001124070,-0.008141034,0.990408470
8.335000000,0.016834295,0.010566543,1.017109049
8.340000000,-0.003409429,0.009309834,1.009143980
8.345000000,-0.006253457,-0.021137627,1.006391764
8.350000000,0.065896491,0.015033992,1.008145269
8.355000000,-0.005333092,-0.023677023,1.002834116
8.360000000,-0.000893162,-0.020601019,1.013925854
8.365000000,0.059069151,0.051060198,1.007945581
8.370000000,0.011405479,0.002575199,1.001872787
8.375000000,0.021307260,0.018620920,1.010111900
8.380000000,-0.001272763,-0.007011973,0.999022194
8.385000000,-0.043099739,-0.009573640,1.002486933
8.390000000,-0.040775534,-0.007228824,1.005231065
8.395000000,0.004533111,0.011318572,0.997835203
8.400000000,0.013632431,0.078343120,1.014743601
8.405000000,0.010788483,-0.008378306,1.001530577
8.410000000,0.074718943,-0.014641519,0.993780711
8.415000000,-0.020581724,-0.001079178,1.001994613
8.420000000,-0.057526256,-0.013615602,1.007729126
8.425000000,0.042883781,-0.031261953,1.021378733
8.430000000,0.003461098,-0.051281192,1.008083259
8.435000000,-0.044691075,0.010419105,0.997242687
8.440000000,0.000638392,0.018989963,0.996027599
8.445000000,0.032696567,-0.010982712,1.015657122
8.450000000,-0.012794874,-0.031136689,1.011162504
8.455000000,0.006320001,0.002672337,0.994091539
8.460000000,0.029936044,0.016073371,1.006772958
8.465000000,-0.001411359,0.018278875,1.004670165
8.470000000,0.008400477,-0.010194436,1.011786765
8.475000000,-0.007318580,-0.000332802,1.007692843
8.480000000,0.002137963,0.026481244,0.997312273
8.485000000,0.023137743,-0.025285132,1.006778579
8.490000000,0.003134291,0.004941620,1.014072393
8.495000000,-0.006532494,-0.024150625,1.006077170
8.500000000,0.023755208,0.024141148,1.001378111
8.505000000,0.006803810,0.009234314,1.003724488
8.510000000,-0.026328939,-0.082947134,1.003285717
8.515000000,0.033180938,-0.002402660,1.014581463
8.520000000,-0.021476162,-0.007458214,1.003351573
8.525000000,-0.038717828,0.007724562,1.007764063
8.530000000,0.059043597,-0.033815693,1.015037717
8.535000000,0.010611660,-0.050822044,0.998580201
8.540000000,-0.015002912,0.033367232,0.997206121
8.545000000,-0.006229833,0.017638345,1.007007799
8.550000000,-0.009923097,0.024179022,1.028932105
8.555000000,-0.001921146,0.009661675,1.001708162
8.560000000,-0.002289782,-0.021706466,0.996093231
8.565000000,0.025471457,-0.030842082,1.015450335
8.570000000,-0.027577145,-0.019210055,1.000678996
8.575000000,-0.008846691,-0.025846564,1.009265702
8.580000000,0.006270912,-0.012519598,1.005556979
8.585000000,-0.011583640,0.017187090,0.996071775
8.590000000,0.036177572,0.002541611,1.005104232
8.595000000,-0.079020111,0.004932744,1.016498583
8.600000000,0.000688912,0.000328008,1.004713117
8.605000000,0.080594751,-0.000626989,0.996502306
8.610000000,-0.049524068,-0.017738263,1.011418170
8.615000000,0.023391839,-0.011078844,1.006177889
8.620000000,0.041762809,0.013054898,1.005591230
8.625000000,0.026628676,0.057050220,1.006905315
8.630000000,0.001869926,0.010922516,1.012079275
8.635000000,-0.006349861,-0.065078131,1.005853896
8.640000000,0.034493371,0.015539595,1.000642344
8.645000000,-0.030550860,0.004731679,1.016799675
8.650000000,0.042608109,0.018313236,1.011568073
8.655000000,0.049157812,0.026664533,1.009981703
8.660000000,-0.019560562,-0.047938741,0.998674219
8.665000000,-0.014058263,-0.003076918,1.002808737
8.670000000,-0.028135823,0.039901123,1.010480754
8.675000000,0.041557079,-0.026826617,1.000357661
8.680000000,0.001258864,-0.064100733,1.011123319
8.685000000,-0.032865363,0.049148780,1.003792022
8.690000000,0.069142048,-0.005996826,0.999559329
8.695000000,0.019135034,0.002593828,1.001859892
8.700000000,-0.052109136,0.070562798,1.001439164
8.705000000,-0.021333986,-0.067139943,1.014015589
8.710000000,-0.032415957,-0.010714982,1.013696296
8.715000000,0.000978856,0.006042010,1.002608305
8.720000000,0.001297882,0.004958482,1.000658877
8.725000000,0.006207187,0.023922896,1.011294165
8.730000000,0.039085797,-0.076045626,1.012414068
8.735000000,0.007731450,-0.025221115,0.993683393
8.740000000,0.045083128,0.023328054,1.001596302
8.745000000,-0.012844975,0.046777036,1.016680991
8.750000000,-0.013242794,0.008716038,0.993395533
8.755000000,0.016588743,-0.055126748,1.008899721
8.760000000,0.013148003,-0.008263863,1.013856113
8.765000000,0.054122519,0.016678807,0.992341784
8.770000000,-0.024965099,0.013716462,1.016527019
8.775000000,0.021359556,-0.011074833,1.009615251
8.780000000,-0.015876548,-0.015695865,1.002067616
8.785000000,-0.023277114,-0.011042076,1.009963226
8.790000000,0.029537114,0.012284227,1.002184823
8.795000000,0.029635131,-0.002365822,1.003242122
8.800000000,0.084066241,-0.050723337,1.009764894
8.805000000,-0.048938555,0.008747886,1.003110018
8.810000000,-0.020908224,0.017335082,0.996817842
8.815000000,-0.018188536,0.006067473,1.008689096
8.820000000,0.005894452,0.062423870,1.007438056
8.825000000,0.026325390,-0.008489065,1.013372195
8.830000000,-0.044598001,-0.072352881,1.004832685
8.835000000,0.066925204,0.011721949,1.005066373
8.840000000,-0.051016133,0.009023432,1.014595788
8.845000000,0.025488434,-0.031960834,0.995008598
8.850000000,0.014196980,0.043976431,1.006699857
8.855000000,-0.070702585,0.027436476,1.000202528
8.860000000,0.076707431,-0.063732736,1.004981053
8.865000000,-0.074756937,0.004376904,1.015395568
8.870000000,-0.024456407,0.041093311,1.000385065
8.875000000,0.052608381,-0.063206088,1.006028767
8.880000000,0.005092736,-0.017398743,1.008804807
8.885000000,-0.001918071,0.038015699,1.010736643
8.890000000,-0.011980714,-0.045359079,0.999980821
8.895000000,0.057554710,-0.042022742,1.002544148
8.900000000,-0.013651560,-0.006996965,1.005455425
8.905000000,-0.000378136,0.007250090,1.009206019
8.910000000,0.000741144,0.008421717,1.011538022
8.915000000,-0.068923203,-0.035942088,0.993609047
8.920000000,0.037327522,-0.013639471,1.005938752
8.925000000,0.029170089,0.024276579,1.009085668
8.930000000,-0.052798668,0.004601877,1.010169837
8.935000000,0.037549220,0.007430095,1.010459720
8.940000000,-0.002264049,-0.031285988,1.002405503
8.945000000,-0.018473830,-0.043718429,1.004493479
8.950000000,0.041750993,0.031699112,1.007855534
8.955000000,-0.005794509,0.000590043,1.003673798
8.960000000,0.054673001,0.022792313,1.009236311
8.965000000,-0.009271235,0.013413095,1.015681171
8.970000000,-0.011004212,-0.059938955,0.997556156
8.975000000,0.016065875,0.039622113,0.998449820
8.980000000,-0.008955511,0.008618350,1.010335114
8.985000000,0.058844749,-0.006424889,1.011945203
8.990000000,-0.028142351,0.030307174,1.007634536
8.995000000,0.019921180,-0.026247160,1.007126747
9.000000000,0.044923007,0.011480720,1.005385668
9.005000000,-0.004809815,-0.012282374,0.999696659
9.010000000,0.007587463,0.007159758,1.016949681
9.015000000,-0.029977669,0.007515374,1.004229492
9.020000000,-0.022036460,-0.034978254,0.998268963
9.025000000,-0.011286817,0.010525074,1.010699447
9.030000000,0.022334853,0.017462277,1.000328794
9.035000000,-0.027169122,0.032443963,1.001677687
9.040000000,-0.023128095,-0.031750966,1.002866073
9.045000000,0.042754877,-0.011506174,1.006961827
9.050000000,0.053859146,0.025680396,1.005612859
9.055000000,0.029386234,0.000194660,1.002555809
9.060000000,-0.028994831,0.045547915,1.017265401
9.065000000,0.007805192,-0.019507091,1.011974661
9.070000000,0.010617634,-0.054703550,1.000303588
9.075000000,-0.003069876,-0.042381669,1.010424175
9.080000000,0.039777682,0.032920299,1.002013601
9.085000000,-0.013637147,0.065235928,1.001725903
9.090000000,-0.046392285,-0.038946635,1.013022352
9.095000000,0.031441671,-0.022777587,1.002973769
9.100000000,-0.040326443,-0.003544793,1.004842191
9.105000000,-0.002484063,-0.027873644,1.007119841
9.110000000,0.050747225,0.003132189,1.020299409
9.115000000,-0.044703894,0.047632547,1.001781378
9.120000000,0.039635377,-0.024363278,0.990793433
9.125000000,0.017373536,-0.052451913,1.015156821
9.130000000,0.031816722,0.016221221,1.000290636
9.135000000,-0.020195586,-0.006091752,1.004385300
9.140000000,-0.072708987,-0.031256394,1.000775009
9.145000000,0.105589591,-0.056207163,1.009351687
9.150000000,0.002504247,0.013485367,1.013359372
9.155000000,-0.062020520,0.023071229,0.996244343
9.160000000,0.018828966,0.015954030,1.012094739
9.165000000,0.005383598,0.023686729,1.000966945
9.170000000,0.024286811,-0.063268089,1.010813464
9.175000000,0.034967058,0.019365397,1.010862394
9.180000000,-0.005193527,0.003648966,0.998971603
9.185000000,0.021433579,-0.024354700,1.009495579
9.190000000,0.013387236,0.032255235,0.997979216
9.195000000,-0.034405107,-0.025378297,0.999801675
9.200000000,0.018677098,-0.032820159,1.000483036
9.205000000,-0.015631045,0.038362741,1.009953391
9.210000000,0.020204872,0.027199994,1.010358092
9.215000000,0.016441880,-0.080706219,1.003852965
9.220000000,0.002715158,-0.005050425,1.006285028
9.225000000,0.031627368,0.028849993,1.007339268
9.230000000,-0.072609484,-0.010369861,1.017956425
9.235000000,-0.028253894,-0.016105472,1.004581481
9.240000000,0.005766971,-0.020707404,1.007102525
9.245000000,0.023466997,0.042406773,1.007466033
9.250000000,0.049274130,-0.020055699,1.006770306
9.255000000,0.019011389,0.005719070,1.014464423
9.260000000,-0.009981500,-0.002342687,0.999270264
9.265000000,-0.006077905,-0.016859286,1.004095322
9.270000000,0.050835441,0.022522526,1.006678758
9.275000000,-0.011795734,-0.039967661,1.006134425
9.280000000,-0.039826876,0.010426427,1.000692557
9.285000000,-0.016101503,0.023104481,1.006380277
9.290000000,0.033828962,0.044819995,1.015318728
9.295000000,-0.001350384,-0.017659923,0.995203185
9.300000000,-0.047144167,0.001875369,1.006147961
9.305000000,0.028074255,0.083322998,1.006754515
9.310000000,-0.037210360,-0.069510481,1.005216500
9.315000000,0.008032950,-0.045887675,1.022166467
9.320000000,0.074738511,-0.000398326,0.997358614
9.325000000,-0.017043023,-0.016937999,1.005131786
9.330000000,-0.006169709,0.025417977,1.016630887
9.335000000,-0.055313401,0.004589721,0.996527341
9.340000000,-0.033236251,-0.024044271,1.002453925
9.345000000,0.082522472,-0.017753297,0.999630532
9.350000000,-0.008207255,0.013651772,0.999954561
9.355000000,0.012085111,-0.017523243,1.009546308
9.360000000,0.031399593,-0.022984077,1.006057260
9.365000000,-0.055068532,-0.000679483,1.000610424
9.370000000,0.013100241,-0.018451878,1.008988905
9.375000000,0.018916164,0.041355698,1.017568059
9.380000000,0.038909508,0.039540778,1.004061528
9.385000000,0.011261353,-0.070722248,1.003971205
9.390000000,-0.020844933,0.009922468,1.011558610
9.395000000,0.018375221,0.031804997,1.008697728
9.400000000,0.010156670,0.003452181,1.004713286
9.405000000,0.029050984,0.038069555,0.997071807
9.410000000,0.005440798,-0.053227308,1.006339669
9.415000000,0.026720078,0.032402108,1.008207316
9.420000000,-0.047073538,-0.004844091,1.005169133
9.425000000,-0.010817410,-0.069541635,1.019846402
9.430000000,0.077331576,0.031247018,1.000791988
9.435000000,-0.014347099,-0.024890834,0.991303318
9.440000000,0.043226917,-0.008781163,1.012993031
9.445000000,0.005748532,-0.042319644,1.008618362
9.450000000,-0.025860410,0.004621799,1.010149938
9.455000000,0.028895552,0.063801620,1.002617154
9.460000000,-0.013953438,-0.046796505,0.996911707
9.465000000,-0.004887377,0.043264511,1.013047721
9.470000000,0.001157777,0.041293526,1.008154487
9.475000000,-0.008885697,-0.076953289,1.013570258
9.480000000,0.013488386,0.003695804,1.016222853
9.485000000,-0.005114211,-0.023141719,1.002297950
9.490000000,0.000224129,-0.079636983,0.997864762
9.495000000,0.042905665,0.014214923,1.005879427
9.500000000,-0.000808965,-0.005007669,1.003972983
9.505000000,-0.018677967,0.003860064,0.996633053
9.510000000,0.004653351,-0.005393625,1.006885478
9.515000000,0.002263603,-0.021638146,1.001854530
9.520000000,-0.035603484,0.013617032,1.011013625
9.525000000,0.023469152,0.008622320,1.017631161
9.530000000,0.027198591,0.039976214,0.995347761
9.535000000,-0.055393164,-0.061011311,1.006128202
9.540000000,0.046511419,-0.013910499,1.026655330
9.545000000,0.012421176,0.069254299,1.005562988
9.550000000,-0.012022663,-0.007759584,0.987061118
9.555000000,0.015906203,-0.039981844,1.019132258
9.560000000,-0.003284821,-0.015500606,1.009560794
9.565000000,0.011137032,0.081494615,0.991167363
9.570000000,-0.008786664,0.017764704,1.008129889
9.575000000,0.025938181,-0.021395952,0.999604755
9.580000000,-0.027078165,0.005758290,1.004000440
9.585000000,-0.001695124,-0.008862065,1.007994524
9.590000000,-0.013863016,-0.032396275,1.008495023
9.595000000,-0.012152166,-0.000964120,1.007283654
9.600000000,0.046191297,0.017647554,1.002941252
9.605000000,0.016157722,-0.055907246,1.008765433
9.610000000,0.015976904,0.065459637,1.007865093
9.615000000,-0.075903301,0.023689547,1.013419935
9.620000000,0.018985835,-0.029403482,0.996900712
9.625000000,-0.006304302,0.033094941,0.997998293
9.630000000,-0.043010845,-0.053897774,1.015448140
9.635000000,0.101213071,-0.017606028,1.008410455
9.640000000,0.013083332,0.038248318,1.003464137
9.645000000,-0.045921380,-0.003851098,0.993804891
9.650000000,-0.011955033,-0.044650815,1.011923272
9.655000000,0.055757916,0.012381096,1.013200240
9.660000000,-0.022604529,-0.014252004,1.003942882
9.665000000,-0.041238163,-0.007785157,1.013864425
9.670000000,0.032535271,0.008121747,0.989670872
9.675000000,0.014355987,-0.054787934,1.007589770
9.680000000,0.036417407,0.006136660,1.008451505
9.685000000,0.016219051,0.000180345,0.992781033
9.690000000,0.024152251,0.027032037,1.015559619
9.695000000,-0.069006858,-0.025302026,1.005212496
9.700000000,-0.019990349,0.005663832,1.009499564
9.705000000,0.049451915,0.008616877,1.005661420
9.710000000,-0.037987394,-0.079083947,0.996284857
9.715000000,0.045991425,0.016919785,1.008851786
9.720000000,0.012754904,-0.025525730,1.010354855
9.725000000,-0.005715834,0.032800980,1.011804506
9.730000000,0.048358245,0.009997693,1.005346950
9.735000000,0.005550851,-0.021570443,1.007145403
9.740000000,0.013628029,0.043024831,1.007812349
9.745000000,-0.010398627,-0.014668855,1.010259878
9.750000000,0.025895861,0.011792875,1.006678073
9.755000000,0.042420209,-0.029542626,1.004053058
9.760000000,-0.036857094,-0.015706221,1.006318806
9.765000000,0.031796386,-0.033567842,1.001780616
9.770000000,0.000041354,0.003868458,1.012469075
9.775000000,-0.006605697,0.071225351,1.009982354
9.780000000,0.071989928,-0.022466549,1.012449354
9.785000000,-0.047122623,-0.013775450,1.010737801
9.790000000,-0.006303779,-0.009706065,1.004225092
9.795000000,-0.001035156,-0.001872616,1.005572731
9.800000000,-0.011883747,0.007601596,0.994409673
9.805000000,0.053587723,-0.012546765,1.001258028
9.810000000,-0.048350025,-0.047904342,1.001483563
9.815000000,-0.008195313,-0.001435494,1.014427650
9.820000000,0.004907940,0.028147830,1.011761580
9.825000000,-0.007364145,-0.004312137,0.995549696
9.830000000,0.045311915,0.022046683,1.005569004
9.835000000,-0.027692255,-0.037139885,1.006450918
9.840000000,-0.032647729,0.042201152,1.014653440
9.845000000,0.022588237,0.026310148,1.005656647
9.850000000,-0.017238706,-0.094234236,1.007543479
9.855000000,-0.000562216,0.002725777,1.016559857
9.860000000,0.038989667,-0.007949574,0.998009707
9.865000000,0.016526179,0.006124978,0.992786973
9.870000000,0.036287353,0.043618096,1.006966451
9.875000000,-0.036912024,-0.029326922,1.006063527
9.880000000,0.008514454,-0.006943334,1.006556864
9.885000000,0.052021054,-0.020312864,1.007139417
9.890000000,-0.067953911,-0.012539604,0.989458986
9.895000000,-0.034457841,0.072094090,1.015630830
9.900000000,-0.027051868,-0.001407944,1.015124977
9.905000000,-0.003523354,0.010676640,0.997882903
9.910000000,0.033380476,0.025479619,1.009557486
9.915000000,-0.003169065,-0.088754711,0.994441445
9.920000000,0.023714952,0.030267555,1.011889662
9.925000000,0.012227782,0.061995365,1.009505408
9.930000000,-0.023795830,-0.046506688,0.995641553
9.935000000,0.032162874,0.016027652,1.007842745
9.940000000,0.015354194,0.004592119,1.008071846
9.945000000,-0.047338209,-0.007179281,1.013515196
9.950000000,0.042587178,0.052654881,0.998597551
9.955000000,0.025834558,-0.046068620,1.004314430
9.960000000,-0.015990709,-0.049075970,1.007810782
9.965000000,0.069394073,0.028508804,0.995176690
9.970000000,0.007174977,-0.037935654,1.007278746
9.975000000,-0.061681302,-0.006345138,1.011294428
9.980000000,0.036428133,0.007595838,1.008347284
9.985000000,0.002242713,-0.030451218,1.006208378
9.990000000,-0.025752464,-0.012463655,1.006042350
9.995000000,0.076937495,-0.060455676,1.009745548
10.000000000,-0.010965875,-0.001093708,1.010728723
10.005000000,-0.006251971,0.055111194,0.995610934
10.010000000,0.005729366,-0.036357090,1.004110080
10.015000000,-0.007720130,-0.002701885,1.014015022
10.020000000,0.055043632,0.005670986,1.001884553
10.025000000,-0.046392410,-0.030804370,1.012034081
10.030000000,-0.020030596,0.016918410,1.007574719
10.035000000,0.032440371,-0.037984121,0.999787299
10.040000000,0.021871141,0.018420599,1.007985523
10.045000000,-0.016364332,-0.000387614,1.014519580
10.050000000,0.028988580,-0.038256175,1.004601637
10.055000000,0.053491791,0.083871321,0.998909941
10.060000000,-0.069112664,-0.038434310,1.006547402
10.065000000,0.045271190,-0.028290795,0.999855517
10.070000000,0.022539643,0.017393860,1.004950896
10.075000000,-0.043335314,-0.035577732,1.005508613
10.080000000,-0.003281486,0.029326798,1.008631622
10.085000000,-0.044005255,-0.016238331,1.008402532
10.090000000,0.004028745,-0.029359908,1.009317510
10.095000000,-0.019709150,0.015205873,1.015778643
10.100000000,0.031950826,0.019968055,0.996174497
10.105000000,0.032875535,-0.010495869,1.008127123
10.110000000,0.009019930,0.010380998,1.008629542
10.115000000,0.046496202,0.002849293,1.005135667
10.120000000,-0.062447798,-0.015729724,1.016467630
10.125000000,0.009501364,0.015252492,1.008884858
10.130000000,0.035790832,-0.008819326,1.008181362
10.135000000,-0.017019247,0.021284906,0.990234836
10.140000000,0.037243846,0.009332865,0.998879024
10.145000000,-0.044878028,-0.015944148,1.019565992
10.150000000,0.014548842,-0.002096690,1.006334079
10.155000000,0.045474039,0.001009419,1.000981317
10.160000000,-0.019691378,-0.010669373,1.004781507
10.165000000,0.071961708,0.020967580,1.009765395
10.170000000,0.009649037,0.004379043,1.017513302
10.175000000,-0.025183928,-0.026172593,1.010984405
10.180000000,-0.025657544,0.077828565,0.997867521
10.185000000,-0.026096047,-0.021158502,1.006217965
10.190000000,0.034632935,-0.029857486,1.003537833
10.195000000,-0.021501803,0.005818528,1.006483799
10.200000000,0.013594615,-0.045333448,1.007691440
10.205000000,0.014870929,0.056517473,0.994715417
10.210000000,0.001758244,-0.045840221,1.009273215
10.215000000,0.007814824,-0.078929441,1.007095751
10.220000000,-0.024088913,-0.015485155,1.002463312
10.225000000,0.009810311,0.000200066,1.000322959
10.230000000,-0.010484697,0.044679514,1.004543929
10.235000000,0.027058625,0.020684639,1.012562383
10.240000000,0.014015597,0.001463138,1.003455932
10.245000000,0.015732225,-0.025772424,1.006452147
10.250000000,0.030251796,0.018524750,1.002416110
10.255000000,-0.087131069,-0.001784478,1.009999468
10.260000000,-0.039145330,-0.064331337,1.002220463
10.265000000,0.010754157,0.006435784,1.000856895
10.270000000,-0.002845767,0.016240778,1.016459751
10.275000000,0.038474444,-0.033865138,0.996359700
10.280000000,-0.001399949,0.020678703,1.009996203
10.285000000,0.034479970,0.024149507,1.018198906
10.290000000,0.026452256,-0.000861246,1.001138511
10.295000000,-0.092950148,0.032478315,0.997924434
10.300000000,0.022170206,-0.021134441,1.009310892
10.305000000,0.053171686,-0.016628375,1.013712730
10.310000000,-0.009135961,0.017687592,0.991187888
10.315000000,0.034739370,0.009216165,0.999213823
10.320000000,-0.020151538,-0.006030083,1.014520066
10.325000000,0.061592573,0.026527231,1.000045071
10.330000000,0.021998045,0.013093694,0.998123564
10.335000000,-0.031447889,-0.081447525,1.011672184
10.340000000,0.077712800,-0.007534537,1.013123007
10.345000000,-0.041889844,-0.022880453,0.998321052
10.350000000,-0.009736672,-0.023003184,0.997763792
10.355000000,0.053422529,0.032540640,1.019330980
10.360000000,-0.009400272,-0.015845666,1.012487535
10.365000000,0.013677689,-0.013878597,1.005120246
10.370000000,-0.007840367,-0.032229052,1.016664429
10.375000000,-0.006834377,0.043430980,1.005771743
10.380000000,0.000412964,0.033972665,1.007634496
10.385000000,0.013241914,-0.028698339,1.008833654
10.390000000,0.037107028,0.009447922,1.005126283
10.395000000,-0.012718406,-0.009024100,1.005777290
10.400000000,-0.039858946,-0.018545749,1.006216564
10.405000000,0.026297550,-0.053855376,1.010363577
10.410000000,-0.007192843,-0.002723741,0.999717378
10.415000000,-0.003285903,0.041754028,1.007682466
10.420000000,0.033017154,-0.051919805,1.001597830
10.425000000,-0.071196319,-0.053252442,1.010167566
10.430000000,-0.022860513,-0.004071274,1.007606085
10.435000000,-0.027873772,0.029344164,0.988879262
10.440000000,-0.039934847,0.001488098,1.023660800
10.445000000,0.037543146,-0.020269174,1.005191001
10.450000000,0.050419296,0.030580595,0.994298088
10.455000000,0.032081604,-0.030539679,1.009210612
10.460000000,-0.058288673,0.011883394,0.998339417
10.465000000,0.067564278,0.026980968,1.003312045
10.470000000,0.027348136,-0.024255534,1.001163220
10.475000000,-0.052085463,0.069696783,1.016446159
10.480000000,0.060866049,-0.037653429,1.007822912
10.485000000,-0.010731761,-0.006646258,0.993360520
10.490000000,-0.006540860,0.054605082,1.009968985
10.495000000,-0.053184826,-0.024313807,1.015043223
10.500000000,0.024860283,0.028612378,1.007601340
10.505000000,0.065758251,-0.027966593,1.003856177
10.510000000,-0.049373190,0.023316803,1.011965098
10.515000000,0.006804358,0.016227791,1.004898027
10.520000000,-0.001244804,-0.025232879,1.002606391
10.525000000,0.053042113,0.023206169,1.006351912
10.530000000,-0.021319351,-0.024944874,1.001945196
10.535000000,-0.017084413,-0.008175120,1.011629130
10.540000000,0.080931741,-0.043784112,1.012186463
10.545000000,0.002088117,0.023636731,1.006878497
10.550000000,0.049068805,0.031982131,1.010476805
10.555000000,0.012074844,-0.044462703,1.005050377
10.560000000,-0.017266843,0.030596281,1.000783554
10.565000000,-0.014848731,-0.007540287,1.008240966
10.570000000,-0.020643514,-0.030388993,1.014807295
10.575000000,0.011479539,0.008560642,1.005928377
10.580000000,-0.009690971,0.006871170,0.996733441
10.585000000,0.026552162,-0.010154305,1.007627829
10.590000000,0.046251077,-0.009228431,1.000865504
10.595000000,-0.001201972,0.016345038,1.002077445
10.600000000,-0.034046058,-0.054713933,1.009948105
10.605000000,0.020374424,-0.035223524,1.004286893
10.610000000,0.004020992,0.032601574,1.012430140
10.615000000,-0.027944175,-0.008227486,1.004623615
10.620000000,0.002015848,0.020692853,1.000803684
10.625000000,0.035168224,-0.027521067,0.998516778
10.630000000,0.042065257,-0.035093980,1.001198516
10.635000000,-0.025783371,0.010939761,0.999735175
10.640000000,-0.007482339,-0.035890270,1.009409102
10.645000000,-0.029197976,0.033494666,1.005121358
10.650000000,-0.025541295,0.004846977,0.988571138
10.655000000,0.030900005,-0.000310156,1.024879150
10.660000000,0.015042824,0.026651483,1.000968171
10.665000000,-0.029386994,0.014464164,1.001632726
10.670000000,-0.030436283,0.023027352,1.027303520
10.675000000,0.014943942,-0.068998244,0.990936914
10.680000000,-0.032366260,0.025420944,1.008361671
10.685000000,-0.000952311,0.017575240,1.003494433
10.690000000,-0.005569416,-0.048834515,1.009924898
10.695000000,-0.007448487,-0.005691695,1.010030665
10.700000000,0.015615510,-0.029273109,0.991680386
10.705000000,-0.018301108,0.034273015,1.017365283
10.710000000,0.018164787,-0.008795518,1.011000664
10.715000000,0.015448396,-0.012039529,1.009014351
10.720000000,0.021927822,0.012958651,1.001904445
10.725000000,-0.032291580,-0.048699629,1.012685227
10.730000000,0.063170627,-0.003937878,1.014181801
10.735000000,0.060513342,0.035237143,0.998468918
10.740000000,-0.062028073,-0.005932899,1.008853161
10.745000000,0.067583381,-0.014464796,1.000532689
10.750000000,0.016006211,-0.002668740,1.009531270
10.755000000,-0.012077066,-0.042555479,1.007645545
10.760000000,0.007839798,0.000398681,1.002823806
10.765000000,0.013665813,0.015330667,1.012766885
10.770000000,0.030595582,0.016288274,1.007471777
10.775000000,-0.025648335,0.002241678,1.000827879
10.780000000,0.026286640,-0.049590338,1.001538322
10.785000000,-0.011288076,0.040279434,1.004444214
10.790000000,-0.019688971,0.010011767,1.007766573
10.795000000,0.005807191,-0.062036084,1.009387019
10.800000000,-0.001599978,0.047856670,1.005584363
10.805000000,0.026145463,0.033471964,1.011525258
10.810000000,0.043815291,-0.063838087,0.999602114
10.815000000,0.005755241,-0.004607843,1.003254190
10.820000000,-0.024938481,0.012994483,1.008353276
10.825000000,0.054588647,-0.003342365,0.999438541
10.830000000,0.013442339,-0.012199599,1.020718458
10.835000000,0.002735057,-0.018791025,1.009644717
10.840000000,0.013481707,0.028790232,1.002418102
10.845000000,-0.021133645,0.001814972,1.004056673
10.850000000,-0.050225879,0.010751176,1.002000500
10.855000000,-0.036177006,-0.014458068,1.006972481
10.860000000,0.044049685,-0.003163729,1.001718616
10.865000000,-0.068814477,0.012639448,1.004790073
10.870000000,0.016097099,0.012441477,0.997379264
10.875000000,0.087318972,0.036519264,1.011214021
10.880000000,-0.039461027,-0.068933283,1.007576808
10.885000000,0.009501338,-0.019617692,1.001106554
10.890000000,0.016413989,-0.008494667,1.012697680
10.895000000,0.003456145,-0.007865990,1.001740423
10.900000000,-0.066955371,0.037795973,0.999825131
10.905000000,-0.035124743,-0.029005907,1.001241906
10.910000000,0.039238883,-0.023652150,1.013103266
10.915000000,0.015626148,-0.041182408,1.003379181
10.920000000,0.055775817,0.017347180,1.009988481
10.925000000,-0.010538393,0.037857510,1.016303334
10.930000000,-0.007460087,-0.019603284,0.999678923
10.935000000,0.019140389,0.028785045,1.016680928
10.940000000,-0.020197437,0.057525046,1.003690610
10.945000000,0.003121176,0.000004839,1.010475818
10.950000000,0.063638099,0.006172383,1.014005016
10.955000000,0.023590596,-0.007275477,0.998418268
10.960000000,-0.034704542,-0.030659021,1.009178377
10.965000000,0.063416435,0.017962356,1.009670783
10.970000000,-0.024723887,-0.017282707,1.016937917
10.975000000,-0.032118333,0.028818188,0.996394347
10.980000000,0.010003206,-0.064470433,0.992642752
10.985000000,-0.049218921,-0.005229366,1.011591298
10.990000000,0.044841807,0.061240467,1.001631871
10.995000000,0.001086247,-0.097399784,1.001158628
11.000000000,0.017054340,0.085067342,1.001957195
11.005000000,0.000306663,-0.028754358,1.012494278
11.010000000,-0.034650430,-0.063535547,1.004390679
11.015000000,0.055997515,0.053547789,1.001819603
11.020000000,-0.022002047,-0.077723093,1.012913082
11.025000000,0.018908934,0.008955926,0.997744300
11.030000000,0.021607531,-0.020600317,1.007493794
11.035000000,-0.077720673,-0.021658644,1.007143889
11.040000000,0.033777908,0.014846454,0.991870357
11.045000000,0.055948871,-0.015189318,1.009761625
11.050000000,-0.032766176,-0.009297614,1.009015004
11.055000000,0.006031325,-0.002148314,1.002112286
11.060000000,-0.007925560,0.000733658,1.009191642
11.065000000,-0.001599208,0.005101166,1.007507246
11.070000000,0.034519058,0.029329512,1.006050442
11.075000000,-0.037952958,-0.077708421,1.007064109
11.080000000,-0.013400481,0.014644303,1.005927961
11.085000000,0.005721182,0.069199024,1.001658010
11.090000000,0.035391320,-0.025381422,1.014092486
11.095000000,0.041976430,0.003119219,1.009489751
11.100000000,-0.018106943,-0.036895898,0.988882814
11.105000000,-0.002780465,-0.015082021,1.008930732
11.110000000,-0.000613787,0.013834505,1.015488225
11.115000000,-0.003796504,-0.004381662,1.003583250
11.120000000,0.008140335,-0.000809912,1.013203635
11.125000000,0.041183768,0.011272933,1.006855467
11.130000000,-0.020527505,-0.012331958,0.997336607
11.135000000,0.013518888,-0.003151471,1.009515291
11.140000000,0.033447853,-0.000901501,1.009553659
11.145000000,-0.010570123,-0.037838728,0.993574067
11.150000000,0.020983045,0.053043744,1.007981217
11.155000000,-0.042102918,0.003087850,1.008456190
11.160000000,0.084289316,-0.030612024,1.006328833
11.165000000,0.024354565,0.038993713,1.021220980
11.170000000,-0.065188150,-0.024733431,0.998180457
11.175000000,0.015948413,-0.010796616,1.002910007
11.180000000,-0.056198319,-0.001489643,1.010133150
11.185000000,0.053446319,-0.004629353,1.006267548
11.190000000,0.057944163,0.021557099,1.014711328
11.195000000,-0.029218267,-0.041654299,0.998647865
11.200000000,-0.049361619,-0.025019115,1.009560893
11.205000000,0.004660193,0.015345099,1.015752334
11.210000000,0.035759558,-0.010182057,1.006262358
11.215000000,0.004591500,-0.001692574,0.999688944
11.220000000,0.054134128,-0.020655780,0.999928162
11.225000000,-0.019693506,-0.012909093,1.008951122
11.230000000,0.019274932,0.008734366,1.007521551
11.235000000,0.000166750,-0.004769612,1.009366062
11.240000000,-0.007962449,0.032127656,1.000699012
11.245000000,0.031910603,0.032575469,1.014777410
11.250000000,-0.044318648,0.002717003,1.002416648
11.255000000,0.004235412,0.048831403,0.989383822
11.260000000,-0.002822998,-0.004792284,1.020399219
11.265000000,0.027690675,-0.079148771,1.010059382
11.270000000,-0.067716480,-0.002102821,1.014487012
11.275000000,-0.075226070,0.020957256,1.000092971
11.280000000,0.066462836,0.031975638,0.993871872
11.285000000,-0.021210186,0.015447902,1.020337479
11.290000000,0.049388739,-0.021722410,0.994171115
11.295000000,0.001767358,0.012485019,1.002528279
11.300000000,-0.069626040,-0.028734760,0.999953267
11.305000000,0.070866108,-0.012875428,0.995176984
11.310000000,0.000919503,0.037131436,1.020480371
11.315000000,-0.022905195,0.001168105,1.002897043
11.320000000,0.017735441,-0.015547430,1.009225578
11.325000000,0.011547695,0.006436001,1.010107474
11.330000000,0.023775607,-0.034696057,0.996649392
11.335000000,-0.037669758,0.005839535,1.012842344
11.340000000,0.014144427,0.008311696,1.006879529
11.345000000,0.022815673,-0.060255601,1.014515351
11.350000000,-0.014579206,0.020466035,1.005909882
11.355000000,0.054088593,-0.063074523,0.989148488
11.360000000,0.025123129,0.026012643,1.009373363
11.365000000,0.025493643,0.059334447,1.000769382
11.370000000,0.019147547,-0.061099282,1.014721092
11.375000000,-0.025956858,0.002530880,1.010891321
11.380000000,-0.018106302,-0.097282392,0.993421475
11.385000000,0.007379429,0.002466936,1.011663211
11.390000000,0.041608644,-0.003034604,0.991685359
11.395000000,0.026243674,0.006189892,1.011285855
11.400000000,-0.000414114,0.061755579,1.015828946
11.405000000,-0.005266540,-0.101041931,0.992310023
11.410000000,0.021936671,-0.019512851,1.014305169
11.415000000,-0.002476251,0.017485637,1.003193054
11.420000000,0.029743812,0.056464735,1.003163465
11.425000000,0.005699986,-0.010771353,1.010470038
11.430000000,-0.048101237,0.033457256,1.008517603
11.435000000,-0.007257054,0.018345440,1.010763573
11.440000000,-0.010583459,-0.115184453,1.006092208
11.445000000,0.056417148,0.128171146,1.006451300
11.450000000,-0.042359666,-0.000744035,1.001081528
11.455000000,-0.022853592,-0.083093426,1.013010175
11.460000000,0.016779458,0.029934808,1.009519512
11.465000000,-0.033620310,-0.044437427,1.003500298
11.470000000,0.089845744,0.010452097,1.007896632
11.475000000,-0.099633794,0.033165561,1.004621456
11.480000000,-0.045802429,-0.001284375,1.003041515
11.485000000,0.090108496,0.018310858,1.007563902
11.490000000,-0.049266679,0.019972250,1.008326534
11.495000000,0.008577885,-0.045431296,0.997588510
11.500000000,0.010397239,0.042771507,1.014985864
11.505000000,-0.030078916,-0.014116433,1.005645407
11.510000000,-0.045229208,-0.063732760,0.995556534
11.515000000,0.032922028,0.023797333,1.017461959
11.520000000,0.061885249,-0.031121968,1.002425107
11.525000000,0.034179301,0.008201016,1.008879502
11.530000000,0.024858868,-0.028155102,1.005028002
11.535000000,-0.021695858,0.038143854,0.993864345
11.540000000,0.030570902,0.028390496,1.013416360
11.545000000,-0.016930067,-0.081805480,1.007362380
11.550000000,-0.018295690,0.023689630,1.002035767
11.555000000,0.045884116,-0.012884169,1.010797480
11.560000000,0.047468741,-0.005212811,1.006585297
11.565000000,0.016706566,0.020466590,0.998556793
11.570000000,-0.000003856,-0.024526569,1.010762279
11.575000000,0.003610252,-0.007417204,1.013952881
11.580000000,-0.015691704,-0.010986354,0.999088772
11.585000000,0.056129829,0.030513263,1.006892065
11.590000000,0.008828242,0.034951038,1.012657804
11.595000000,0.005509384,-0.022371592,1.003295660
11.600000000,0.034887809,0.018190043,1.005550270
11.605000000,-0.012956214,0.004589908,1.007167807
11.610000000,0.006177648,-0.012967886,1.003825567
11.615000000,-0.045740437,-0.008872639,1.001735056
11.620000000,0.041629582,-0.055036222,1.012133592
11.625000000,0.010924092,0.061913929,1.012286991
11.630000000,-0.029628847,0.007115517,0.998282914
11.635000000,0.047516226,-0.037902937,1.003191940
11.640000000,-0.054706540,0.047926759,1.010660794
11.645000000,-0.009814712,-0.024696328,1.007228852
11.650000000,-0.008987897,-0.001277577,1.000188216
11.655000000,0.001182744,-0.023000786,1.009509112
11.660000000,0.041257379,0.057674907,1.015173796
11.665000000,-0.064408699,0.057152670,0.994154975
11.670000000,-0.038591043,-0.090078168,1.003327734
11.675000000,0.007692066,-0.007184685,1.010556732
11.680000000,0.013527108,-0.002278576,1.006194505
11.685000000,-0.002803024,-0.037694899,1.006213108
11.690000000,0.021964028,0.005975113,1.005974802
11.695000000,0.011944722,0.026310129,1.013795557
11.700000000,-0.003840704,-0.006119002,0.997309548
11.705000000,0.025592116,-0.011125776,0.997948069
11.710000000,-0.015790997,-0.019718445,1.013902797
11.715000000,-0.035360671,-0.012736528,1.001520889
11.720000000,-0.035883707,0.000044662,0.998107261
11.725000000,0.021537151,-0.030361594,1.007608037
11.730000000,-0.007600387,0.016523183,1.008706171
11.735000000,0.036294129,-0.039598369,1.002565344
11.740000000,0.046249594,0.002966907,1.004657428
11.745000000,-0.040257585,0.028241539,1.002814107
11.750000000,0.040252019,-0.045612346,1.000396813
11.755000000,0.010391576,0.037873898,1.008214586
11.760000000,0.056572121,-0.030109882,1.007668779
11.765000000,-0.002354311,-0.055915983,1.001064473
11.770000000,-0.045947626,-0.029363040,1.005837462
11.775000000,0.035617058,-0.014070302,1.011059747
11.780000000,-0.024271861,0.035247163,1.001225806
11.785000000,0.031762379,-0.015850005,1.007019587
11.790000000,-0.022523920,0.024627750,1.012118322
11.795000000,0.040302036,0.017068430,1.008364212
11.800000000,0.071091991,-0.009523599,1.011955926
11.805000000,-0.054239535,0.006009545,1.005860660
11.810000000,-0.032638020,-0.025493099,1.012421186
11.815000000,0.012297469,0.005565228,1.009910618
11.820000000,0.041267646,0.006708400,1.003505783
11.825000000,-0.025700118,-0.018996679,1.011163320
11.830000000,0.023012189,-0.001779667,0.997078051
11.835000000,-0.005049984,-0.003128919,1.013403929
11.840000000,0.019824952,-0.030779473,1.016973208
11.845000000,0.066356412,0.037505827,0.987285788
11.850000000,-0.056588919,0.012977890,1.007420999
11.855000000,-0.007035364,-0.048578621,1.009658499
11.860000000,0.007230964,0.088769425,0.997583669
11.865000000,0.021508105,0.032568972,1.014267113
11.870000000,0.011830657,-0.044172077,1.005149110
11.875000000,0.024376062,0.002424974,0.996628943
11.880000000,0.036459565,-0.019954017,1.012247336
11.885000000,-0.011419403,0.018275664,1.020305738
11.890000000,-0.029249948,0.000515744,1.006708005
11.895000000,-0.028734255,-0.002882102,1.000241085
11.900000000,0.075175472,-0.017780761,1.001695769
11.905000000,-0.027401522,-0.036981399,1.000492854
11.910000000,-0.049214165,0.032321398,1.004171249
11.915000000,0.057722156,0.039286328,1.011988507
11.920000000,0.002285566,0.002879075,1.006347452
11.925000000,-0.036924653,-0.028151694,1.001348616
11.930000000,-0.003252385,0.008960661,1.014106507
11.935000000,-0.009984684,-0.005341675,0.998623876
11.940000000,-0.036173794,0.004438301,1.000281454
11.945000000,0.081624753,-0.000608293,1.011967190
11.950000000,-0.000012569,-0.037765221,1.001626486
11.955000000,-0.012583596,0.035616794,1.016992770
11.960000000,0.031175402,-0.020257097,1.000004846
11.965000000,-0.058675600,0.002704653,0.992861877
11.970000000,0.025815344,0.037237961,1.019058647
11.975000000,0.020181658,-0.054878589,1.004599866
11.980000000,0.017440394,-0.032237065,1.000434918
11.985000000,-0.007312572,-0.007979874,1.010301088
11.990000000,-0.003751514,-0.023789011,1.005344046
11.995000000,0.016712809,-0.011983720,1.003108931
12.000000000,-0.035872994,0.015617461,1.011730812
12.005000000,0.064134703,-0.022424200,1.010593025
12.010000000,-0.004432520,0.010109757,0.998560793
12.015000000,-0.073828323,0.033116858,0.995109266
12.020000000,0.024835864,0.011990591,1.008139144
12.025000000,-0.006295414,0.002461307,1.008136610
12.030000000,-0.028953810,-0.043285366,1.004126724
12.035000000,0.009887591,0.025657771,1.017707221
12.040000000,0.010090506,-0.025165400,1.003986994
12.045000000,0.072368359,0.003561665,1.006251476
12.050000000,0.046101347,0.030024733,1.014534769
12.055000000,-0.030566558,-0.082591580,1.005456509
12.060000000,0.032634721,0.033677807,1.008020891
12.065000000,-0.004126096,0.010168213,0.997591183
12.070000000,-0.030908056,-0.059226296,1.000780142
12.075000000,0.000349500,-0.016129339,1.023949826
12.080000000,-0.041485212,0.014569710,1.011081349
12.085000000,-0.015057765,0.023789991,0.986502958
12.090000000,0.041518177,-0.031901774,1.004829399
12.095000000,-0.020764743,0.033268949,1.007478802
12.100000000,0.016728091,0.004374915,1.000611920
12.105000000,0.073943073,-0.071223135,1.009309176
12.110000000,-0.035068845,-0.023279259,1.004338629
12.115000000,0.013011135,0.027434306,1.018227869
12.120000000,0.013728561,0.016816616,1.001532242
12.125000000,-0.002383441,-0.065529307,0.999374489
12.130000000,-0.017720202,0.015813842,1.016747153
12.135000000,-0.041194255,0.069145463,1.001035853
12.140000000,0.070445895,-0.002844428,1.009466346
12.145000000,-0.052173479,0.021890542,0.998709480
12.150000000,0.010082135,-0.023389182,0.994684891
12.155000000,0.098301070,-0.045319049,1.005103798
12.160000000,-0.032904041,0.007495458,1.007707358
12.165000000,-0.006367200,-0.002427784,1.019615679
12.170000000,-0.008077755,0.017385351,0.999963741
12.175000000,0.017059109,-0.009409236,1.004801495
12.180000000,0.009342632,-0.026769560,1.008508722
12.185000000,0.013755107,0.009256052,0.991715136
12.190000000,0.008410617,-0.012180345,1.011228355
12.195000000,-0.027451675,-0.002253430,1.005583000
12.200000000,0.003355047,-0.043412504,1.002184417
12.205000000,-0.006203665,-0.028404461,1.013513876
12.210000000,0.043090898,0.072534087,1.006545529
12.215000000,0.014551844,0.007517906,1.009268232
12.220000000,-0.012565408,-0.011004221,1.001324919
12.225000000,0.016553178,0.005475597,1.011288536
12.230000000,-0.003245909,-0.009351587,1.004649904
12.235000000,0.019263526,0.039617187,0.996512288
12.240000000,0.023876432,0.008265216,1.017081651
12.245000000,0.026937430,0.008072711,1.005890909
12.250000000,0.034196041,0.006887289,1.011675616
12.255000000,0.015107313,0.013294555,1.009147834
12.260000000,-0.039039517,0.021065319,1.003598343
12.265000000,-0.010937265,-0.034826898,1.008763098
12.270000000,0.032920008,0.000238027,1.005794433
12.275000000,-0.022201253,-0.022273255,1.019915648
12.280000000,0.013818992,0.027645269,1.005646897
12.285000000,0.021586419,0.023149559,0.998161470
12.290000000,-0.004654117,-0.076532561,1.005535545
12.295000000,0.024326905,0.008318376,1.003170936
12.300000000,-0.053224047,-0.004872712,1.007563873
12.305000000,-0.059577438,0.009161006,1.002757348
12.310000000,0.055606378,-0.026083302,0.996233690
12.315000000,0.021011249,-0.070006137,1.006249068
12.320000000,-0.028802986,0.063951671,1.014911564
12.325000000,0.013034863,0.007482922,1.005856691
12.330000000,-0.022202582,-0.050360597,1.005903224
12.335000000,-0.033444614,0.013676028,1.000727435
12.340000000,0.001957782,0.015608579,1.008817039
12.345000000,0.004452175,-0.025170992,0.997345171
12.350000000,-0.002798585,0.001322180,0.992111972
12.355000000,-0.013466566,-0.006879082,1.025210387
12.360000000,-0.002366549,-0.025899890,0.995983725
12.365000000,0.014429982,0.026128030,1.000102152
12.370000000,0.008342429,-0.062750014,1.020312079
12.375000000,0.008967044,-0.024143858,0.997868844
12.380000000,0.048656035,0.047515924,1.005854907
12.385000000,0.005457187,0.013340659,0.999607086
12.390000000,-0.029928843,0.025611483,1.009526013
12.395000000,-0.021039348,-0.039920340,1.016314141
12.400000000,-0.053588761,-0.038657532,0.998535342
12.405000000,-0.007232819,0.014927366,1.006273597
12.410000000,0.016581289,-0.002979320,1.001596619
12.415000000,0.084549572,-0.048742635,1.001364350
12.420000000,0.018020588,0.009178652,1.010914245
12.425000000,-0.065643442,0.052177359,1.001638549
12.430000000,0.091049788,-0.019302996,1.020959736
12.435000000,0.020146348,-0.051087953,1.023450266
12.440000000,0.001353446,-0.008308207,0.997267947
12.445000000,0.063743431,0.055998180,1.000001823
12.450000000,-0.049831731,-0.027971130,1.011643007
12.455000000,-0.033502444,-0.025054206,1.013482596
12.460000000,0.057614605,0.012337441,0.994286574
12.465000000,0.042218531,0.000665342,1.003402324
12.470000000,-0.008334483,0.052958473,1.010542034
12.475000000,0.002087422,-0.041267155,0.992806255
12.480000000,-0.010333549,-0.010662641,1.008994565
12.485000000,0.030997116,0.012047357,1.011698386
12.490000000,0.006243066,0.000407640,1.009979394
12.495000000,0.027359281,0.074602603,1.004613862
12.500000000,0.031063744,-0.014727006,1.006787702
12.505000000,-0.094675303,-0.039994369,1.010876868
12.510000000,0.021751728,-0.002654371,0.997051931
12.515000000,-0.024613757,-0.003003336,1.008544108
12.520000000,-0.000084127,-0.037360432,1.006122985
12.525000000,0.081945269,-0.014450112,1.007250806
12.530000000,-0.052420450,0.025873779,1.005515089
12.535000000,0.044085394,-0.005974709,0.996150938
12.540000000,-0.010701860,0.006455392,1.008046756
12.545000000,-0.043029834,0.006957851,1.005904190
12.550000000,0.070893742,0.054241882,1.006744761
12.555000000,-0.012283837,-0.018743598,1.006665133
12.560000000,-0.028310893,-0.032052838,1.003272574
12.565000000,0.023091832,0.055835600,1.009352913
12.570000000,-0.022724594,-0.062950483,1.008991136
12.575000000,-0.038182748,-0.020806277,0.999145070
12.580000000,0.026727474,0.014561296,1.006785300
12.585000000,0.029850430,-0.053422532,1.009407533
12.590000000,0.007544409,-0.003535247,1.001124107
12.595000000,-0.002333274,-0.005675014,1.014807710
12.600000000,-0.015032150,0.035970565,1.011216965
12.605000000,-0.027600008,0.012604172,1.005486912
12.610000000,0.005271974,-0.035355064,1.005143099
12.615000000,-0.005418587,0.015966893,1.003540817
12.620000000,-0.012843568,-0.002612247,1.007593846
12.625000000,0.029755293,-0.013500522,1.000568719
12.630000000,-0.018376088,-0.012841351,1.009765437
12.635000000,0.042140625,0.017752177,1.007068521
12.640000000,0.009748536,0.002193889,1.004160756
12.645000000,-0.039112399,-0.035165860,1.008617794
12.650000000,0.038737379,0.040324995,0.998677031
12.655000000,0.003048217,-0.004050281,1.008450932
12.660000000,0.032341484,0.000574923,1.011023365
12.665000000,0.025489113,-0.005310381,1.002656700
12.670000000,-0.021986621,-0.051003339,1.000639464
12.675000000,-0.027790631,0.018804246,1.010099764
12.680000000,-0.006681937,-0.020825645,1.019230570
12.685000000,0.054663598,0.056648725,1.001753967
12.690000000,0.018152446,0.021842015,1.001142186
12.695000000,0.017779177,-0.065740047,1.004100150
12.700000000,0.036485903,0.047440834,1.001647653
12.705000000,-0.065487727,-0.032264759,1.013986620
12.710000000,-0.004823238,-0.040688513,1.007260490
12.715000000,0.079924752,-0.005745577,0.998406489
12.720000000,-0.018880572,-0.025066270,0.996521591
12.725000000,-0.000723405,0.008369727,1.005279219
12.730000000,-0.022316169,-0.006758842,1.007067337
12.735000000,0.013646771,-0.033311797,0.996988020
12.740000000,0.025654431,-0.027318941,1.011987400
12.745000000,-0.043876543,0.038579627,1.012740327
12.750000000,0.081827349,0.011427221,1.006804892
12.755000000,-0.008918539,0.005651008,1.010220011
12.760000000,-0.055724107,-0.005058553,1.003313920
12.765000000,0.015866725,-0.038451078,1.001710145
12.770000000,-0.015948275,0.030604902,1.001810082
12.775000000,0.028006747,0.005354997,1.010737255
12.780000000,0.004672413,-0.024700318,1.006866114
12.785000000,0.005452934,0.007672527,1.004928520
12.790000000,0.014241162,0.006577458,1.014871922
12.795000000,-0.036422760,-0.024847763,1.004401500
12.800000000,-0.053823105,-0.000364346,1.001830708
12.805000000,0.021230137,0.031028916,1.012781597
12.810000000,0.017238534,0.018455199,1.005753865
12.815000000,-0.010570510,-0.032667863,1.005954278
12.820000000,0.039191758,-0.038823921,1.017289104
12.825000000,-0.042671393,0.007180375,0.999954503
12.830000000,-0.020945108,-0.036005360,0.995923360
12.835000000,0.026510368,0.026486437,1.014653237
12.840000000,0.004455665,0.015035613,1.007542200
12.845000000,0.055839568,-0.027260124,1.006152899
12.850000000,0.008046630,0.036410640,1.010312305
12.855000000,-0.017780966,0.006357279,1.011671738
12.860000000,0.006426240,-0.008493317,1.001450904
12.865000000,-0.029266802,-0.010271717,0.992533956
12.870000000,0.033720939,0.058137948,1.005585297
12.875000000,0.046391271,0.001427820,1.007961644
12.880000000,-0.021973616,-0.011121251,1.007522296
12.885000000,-0.015501719,0.010212825,1.003468877
12.890000000,-0.027712740,-0.055438857,1.004581435
12.895000000,-0.006276696,0.042938025,1.007481297
12.900000000,0.042911857,-0.039281003,1.010117578
12.905000000,0.085906472,-0.002087862,1.006509191
12.910000000,0.008096134,0.066495046,0.993967666
12.915000000,0.003462476,-0.051491651,1.009400396
12.920000000,0.064366291,-0.029955573,1.011954277
12.925000000,-0.049811182,0.002963897,1.002876718
12.930000000,0.017284108,0.024021234,1.006478208
12.935000000,0.041084212,-0.043240047,1.003023020
12.940000000,-0.013079174,-0.001477888,1.004886849
12.945000000,-0.004496236,0.050731997,0.998729884
12.950000000,-0.003943499,-0.003546499,1.010975391
12.955000000,0.046484050,-0.044151756,1.013673411
12.960000000,-0.028978632,-0.054336371,1.000680283
12.965000000,-0.029086720,0.033130047,1.011607360
12.970000000,0.010258975,-0.028619230,1.008938394
12.975000000,0.010482045,-0.036817405,0.998622149
12.980000000,-0.017606516,-0.000318386,1.003769476
12.985000000,0.007470380,0.014177116,1.009487576
12.990000000,0.023475674,0.060853637,1.002743186
12.995000000,-0.049790101,-0.011933656,1.008133486
13.000000000,0.026103043,0.005209625,1.016803296
13.005000000,0.008446656,-0.009433059,1.002001737
13.010000000,0.007422657,-0.052549757,0.999106504
13.015000000,0.003884769,-0.010727387,1.005757123
13.020000000,-0.045304163,-0.009009549,1.009223574
13.025000000,0.004641565,0.008249027,1.003747327
13.030000000,-0.015212166,0.004075496,1.010519340
13.035000000,0.026058593,-0.028553989,1.010832550
13.040000000,0.017893193,-0.001439631,1.000674701
13.045000000,-0.032660037,0.011267504,1.021121438
13.050000000,-0.024387103,-0.019023450,1.006227000
13.055000000,0.000295253,-0.005665812,0.993259289
13.060000000,0.019727491,-0.020533363,1.006607592
13.065000000,-0.013805660,0.027624724,0.997545110
13.070000000,0.018996849,0.081410795,1.008174694
13.075000000,0.024186834,0.010291996,1.008063413
13.080000000,-0.017282626,-0.049691060,1.002187206
13.085000000,0.032385394,-0.001319811,1.010844675
13.090000000,0.006579949,0.027059851,1.003337917
13.095000000,-0.045717359,-0.055253770,1.000123215
13.100000000,-0.006497668,0.003395347,1.007753862
13.105000000,-0.015426774,-0.020563562,1.018290526
13.110000000,0.025666569,0.007380218,1.009953039
13.115000000,0.023689775,0.101412835,1.002461140
13.120000000,0.004285099,-0.073368410,1.005912449
13.125000000,0.021658341,-0.006816733,1.005231273
13.130000000,0.016639182,-0.010466375,1.000543272
13.135000000,0.040760125,-0.077941679,1.001756475
13.140000000,0.003769287,0.034888048,1.018972260
13.145000000,0.024847447,-0.009233921,1.005684110
13.150000000,-0.030393086,0.032125192,0.999381496
13.155000000,0.003377780,-0.064002813,1.011411805
13.160000000,0.022807315,-0.056174189,0.997263458
13.165000000,-0.013014169,0.078669546,1.002739934
13.170000000,0.060443049,-0.031801780,1.005044818
13.175000000,-0.041689957,0.014945380,1.013138645
13.180000000,0.039285493,0.023127150,1.012262490
13.185000000,0.008902554,-0.015477987,0.993946813
13.190000000,-0.059655204,0.006370045,1.008976900
13.195000000,0.013266266,-0.014003649,0.995117454
13.200000000,0.020659642,0.046671091,1.003563119
13.205000000,0.095513251,-0.004084729,1.014998154
13.210000000,-0.024761629,-0.028943006,0.999002592
13.215000000,-0.033949852,0.000410547,1.001997062
13.220000000,0.008763750,0.002151867,1.002930323
13.225000000,0.016292737,0.051670973,1.019200773
13.230000000,-0.000454586,0.034979809,1.010123936
13.235000000,-0.010493725,0.002544849,1.013858576
13.240000000,0.014045715,-0.089173116,1.013413540
13.245000000,-0.056324547,-0.054550010,0.993963849
13.250000000,0.072652950,0.027589592,1.010795565
13.255000000,0.040330092,-0.030209269,1.010110967
13.260000000,-0.031734462,0.032150300,1.011392298
13.265000000,-0.010641481,-0.010622260,1.000248716
13.270000000,-0.009587407,-0.013595369,0.994561939
13.275000000,0.026032727,0.043707655,1.011902169
13.280000000,0.002879577,-0.002545207,1.003986597
13.285000000,-0.010277635,0.047555571,1.010015061
13.290000000,-0.047428597,-0.035767960,1.009912602
13.295000000,0.057803875,-0.048177274,0.998272453
13.300000000,0.007553570,-0.013723162,1.002464299
13.305000000,-0.014196814,0.021128089,1.015683768
13.310000000,0.034058411,0.033416103,1.007318938
13.315000000,-0.027124727,-0.103535662,0.989421625
13.320000000,0.012963176,0.042099745,1.004365475
13.325000000,-0.036135985,0.021677909,1.014121059
13.330000000,-0.029155942,-0.050432663,1.012315781
13.335000000,-0.030231074,0.053113781,1.008911180
13.340000000,0.031280175,-0.020288191,1.005834089
13.345000000,0.006506096,0.019554229,1.010743918
13.350000000,-0.027979250,-0.017112276,1.001745805
13.355000000,0.035624604,-0.043845216,0.997496579
13.360000000,-0.045566358,0.018877263,1.004335848
13.365000000,0.063328077,-0.011801977,1.007163592
13.370000000,0.017057794,-0.023865079,1.000413502
13.375000000,-0.011947062,-0.039340787,1.007048268
13.380000000,0.074602284,0.012681355,1.013699014
13.385000000,-0.038023004,-0.010693669,1.011966794
13.390000000,-0.005149267,-0.051130768,1.000350084
13.395000000,0.026057396,0.004335660,0.995329338
13.400000000,-0.038426199,0.010320963,1.011011807
13.405000000,0.022937938,0.034718192,1.002201782
13.410000000,0.086045706,0.061075175,0.997287757
13.415000000,-0.010095289,-0.051449597,1.010347654
13.420000000,0.001311726,-0.034175968,1.008362382
13.425000000,0.009638157,0.071759648,1.007405114
13.430000000,-0.035676901,-0.023796408,1.004860862
13.435000000,0.025148596,-0.031540790,1.012435569
13.440000000,-0.002807120,-0.001341863,1.003442220
13.445000000,-0.029198527,0.006168307,0.996666735
13.450000000,0.019457155,0.013023644,1.012305340
13.455000000,0.078635737,-0.008467576,1.009966542
13.460000000,0.029826403,0.005058386,1.010680264
13.465000000,-0.027895390,-0.001924952,1.006670215
13.470000000,-0.004688431,0.014298176,1.005021659
13.475000000,-0.013860891,-0.030467996,1.003953698
13.480000000,-0.044479592,0.031594965,1.006740202
13.485000000,-0.020044980,0.003160182,1.014665853
13.490000000,0.009950388,-0.033478672,0.998735610
13.495000000,-0.028658137,0.044589097,1.003229181
13.500000000,0.066759429,-0.061810074,1.008888591
13.505000000,0.045372068,0.024332450,1.009595364
13.510000000,-0.071078698,0.020970848,1.004114659
13.515000000,0.017412534,-0.028581894,1.006237236
13.520000000,0.004830108,-0.006067993,1.014669682
13.525000000,-0.077074782,-0.070779845,0.991702556
13.530000000,0.009533966,0.056046665,1.012377626
13.535000000,0.079166770,0.019375972,1.016120339
13.540000000,-0.012031071,-0.032229506,0.995486061
13.545000000,-0.021503819,-0.001862371,1.010493923
13.550000000,0.039089800,0.011883776,1.003622377
13.555000000,0.032953146,0.031781987,1.001493142
13.560000000,0.008946222,-0.052968563,1.013508404
13.565000000,0.012357531,0.006836686,1.016952173
13.570000000,0.036714551,0.009394905,1.002064555
13.575000000,-0.006935846,-0.019541074,1.009369482
13.580000000,0.000302923,0.043794322,1.009536482
13.585000000,0.037860511,-0.030162946,1.002226552
13.590000000,0.012765904,-0.051729353,1.005751975
13.595000000,-0.008905076,0.007504965,0.993559015
13.600000000,-0.024774866,0.013322878,1.018111719
13.605000000,-0.031726938,0.034913847,1.004068446
13.610000000,0.000156177,0.006683185,0.996600016
13.615000000,0.023942903,-0.020120835,1.011540951
13.620000000,-0.008922765,-0.032577913,0.992813815
13.625000000,-0.028435721,-0.061240404,1.015438504
13.630000000,0.002802119,0.013657883,1.008491016
13.635000000,0.027200218,0.010700473,1.005646413
13.640000000,-0.000045639,0.007529993,1.003367768
13.645000000,-0.010621048,0.018729077,0.991976717
13.650000000,-0.010737027,-0.017322528,1.017192415
13.655000000,0.009657901,0.021833465,1.006066091
13.660000000,0.027411976,-0.023110101,0.999704208
13.665000000,-0.015885635,-0.000184865,1.002758614
13.670000000,0.030426129,0.030985145,1.000627949
13.675000000,0.024046515,-0.019420481,1.008571980
13.680000000,-0.010214235,-0.026474871,1.008041285
13.685000000,0.046796228,-0.032532286,0.997838122
13.690000000,-0.029972941,0.022860895,1.006279369
13.695000000,-0.042839985,-0.004946585,1.018355966
13.700000000,0.060268259,-0.043195180,1.000499717
13.705000000,0.016934809,0.006955845,1.005978996
13.710000000,-0.011405401,0.029242247,1.014211332
13.715000000,-0.011556011,0.011340949,1.002806255
13.720000000,0.011055199,-0.015714760,1.000266972
13.725000000,0.008875151,0.006796236,1.008274625
13.730000000,-0.063861112,-0.004600184,1.005271424
13.735000000,0.038942700,0.020280683,1.006683577
13.740000000,0.043434337,0.013505281,1.015520606
13.745000000,-0.029398247,-0.035478251,0.992334177
13.750000000,-0.000086186,0.033511957,1.004136230
13.755000000,0.017533144,-0.019303616,1.014188658
13.760000000,0.025473772,-0.056095378,1.004831691
13.765000000,-0.050224024,-0.000073681,1.010580644
13.770000000,0.015905081,0.007476916,1.002380019
13.775000000,0.055896900,0.024203453,1.003105760
13.780000000,-0.034187183,-0.041080115,1.012572797
13.785000000,-0.037261251,-0.022848334,1.013435177
13.790000000,0.018653268,0.015579427,1.000324537
13.795000000,0.027952499,0.006897297,1.010076038
13.800000000,-0.007380739,0.024575314,1.008939240
13.805000000,0.036271032,-0.003749197,1.000842806
13.810000000,0.004563828,0.033036603,1.012043841
13.815000000,0.005841822,0.007532173,1.000550599
13.820000000,0.004588510,-0.049039665,1.005176425
13.825000000,-0.014650723,-0.053414491,1.008391781
13.830000000,0.040805063,-0.007546225,1.010502269
13.835000000,-0.017673299,0.015599421,1.015148349
13.840000000,-0.052692268,-0.022869274,1.004309173
13.845000000,0.004192951,-0.014019451,1.001467461
13.850000000,0.020236814,-0.023769157,1.001138708
13.855000000,-0.035519414,0.037103957,1.013598016
13.860000000,0.041833399,-0.014810796,1.006007205
13.865000000,0.003970295,-0.015961474,0.985163400
13.870000000,-0.060885726,0.029116583,0.995063743
13.875000000,0.065962057,-0.012736701,1.013496569
13.880000000,0.036408171,0.053271118,1.014377381
13.885000000,0.029303074,-0.047466602,1.007405698
13.890000000,0.019093790,-0.000889748,1.002060574
13.895000000,0.000238317,0.016201616,1.012472986
13.900000000,-0.051206287,-0.051204028,1.021302820
13.905000000,-0.014236986,0.044646026,0.991503442
13.910000000,0.083415833,0.006969300,1.010453785
13.915000000,-0.045222642,0.025354511,1.017425155
13.920000000,-0.016982141,-0.024667910,0.987056083
13.925000000,0.044504794,-0.027961198,1.006526136
13.930000000,0.011295125,0.034516690,0.998929330
13.935000000,0.002028335,0.028881367,0.996846208
13.940000000,0.046496569,-0.016145286,1.014932117
13.945000000,0.025183554,-0.048792745,1.005849596
13.950000000,-0.075301846,0.040073446,1.000663497
13.955000000,-0.007502554,-0.024523986,1.004313950
13.960000000,0.039095866,-0.024226499,1.007477248
13.965000000,0.010444654,0.013486279,1.010751752
13.970000000,-0.009526430,0.020468471,1.010009254
13.975000000,0.036234858,0.009769240,0.999721841
13.980000000,0.022000401,-0.002067766,1.010127513
13.985000000,-0.007521170,0.038871078,1.002576396
13.990000000,-0.004617593,-0.067903939,1.002487139
13.995000000,0.001948597,0.000287930,1.019977689
14.000000000,0.000945837,-0.011680816,1.002788219
14.005000000,-0.079067007,-0.049879521,1.011355724
14.010000000,0.017648695,0.037763962,1.006695756
14.015000000,0.041753543,-0.061501934,1.003804044
14.020000000,0.016495638,-0.012162750,1.012279576
14.025000000,-0.005738864,0.040717422,0.997479935
14.030000000,-0.031971268,0.007451611,1.012845140
14.035000000,0.025504130,-0.017206658,1.013239560
14.040000000,-0.025305296,-0.038221769,1.000013632
14.045000000,0.054439305,-0.005460027,0.999136576
14.050000000,0.005481641,-0.012139200,0.997734278
14.055000000,-0.029918018,-0.019156436,1.008126828
14.060000000,-0.004754927,-0.008176014,1.008821727
14.065000000,-0.077892870,0.021766352,1.007234195
14.070000000,0.039357650,-0.011095751,1.006082639
14.075000000,0.045671821,0.004458907,0.998560836
14.080000000,0.024271557,0.041020209,1.001253999
14.085000000,-0.004936549,-0.000877589,1.013543598
14.090000000,-0.007102415,0.039950114,1.008841173
14.095000000,0.024108883,-0.017977307,1.001005205
14.100000000,-0.061184155,-0.043964538,1.001415480
14.105000000,0.047254949,0.040196332,1.008143327
14.110000000,0.049895929,-0.034590198,1.013686594
14.115000000,-0.047537565,0.004949589,1.007699525
14.120000000,0.062688140,0.000064684,0.998552308
14.125000000,-0.018924488,-0.086635836,1.000075641
14.130000000,-0.044915709,0.057412867,1.016634908
14.135000000,0.049737196,0.029482742,1.000744852
14.140000000,-0.022264375,-0.027312200,1.002935491
14.145000000,0.077499017,0.038740803,1.022000494
14.150000000,0.021311551,-0.015025253,1.004436758
14.155000000,-0.060160242,-0.035158848,1.006069678
14.160000000,0.036969895,-0.028290854,1.004860197
14.165000000,0.014020071,0.020565469,1.009035982
14.170000000,0.026386325,0.026914577,1.011512444
14.175000000,-0.040947162,-0.041159268,1.006599401
14.180000000,-0.018417966,0.004520683,1.008506642
14.185000000,-0.016720703,0.008371448,0.991836791
14.190000000,-0.008978210,-0.023950953,1.010861087
14.195000000,0.028173391,0.008734582,1.008583645
14.200000000,-0.019636182,-0.051935764,0.997352171
14.205000000,0.061740133,0.003033643,1.010382447
14.210000000,-0.044294667,0.070346665,1.002008071
14.215000000,-0.004008135,-0.024720791,1.004057246
14.220000000,0.043245714,0.012705613,0.994559666
14.225000000,-0.063851409,-0.019462015,1.006026959
14.230000000,0.059192366,0.006008657,1.018023470
14.235000000,0.036812901,0.057986173,1.006820211
14.240000000,-0.033373634,-0.020854247,1.012981073
14.245000000,0.004354896,-0.026327271,1.001722070
14.250000000,0.032693075,-0.077356819,0.996208767
14.255000000,0.015453841,0.029644077,1.005662646
14.260000000,0.005347059,0.036064457,1.002448842
14.265000000,-0.003776138,-0.069236726,1.003951572
14.270000000,-0.008687400,0.034808141,1.004798561
14.275000000,0.044503871,0.029600339,1.008085860
14.280000000,-0.004668202,0.013010150,1.015911929
14.285000000,-0.036893724,0.009322934,1.000767104
14.290000000,0.006601329,-0.027488111,1.002643996
14.295000000,-0.000944314,0.014806026,1.013727874
14.300000000,0.015598689,0.004217935,1.002899153
14.305000000,0.037276455,-0.040652599,1.016777641
14.310000000,-0.000321281,-0.014335552,1.009496138
14.315000000,0.021382760,-0.016469501,1.005462471
14.320000000,-0.015255444,-0.000989360,1.019451907
14.325000000,-0.028330533,0.026775697,1.011182725
14.330000000,0.021245723,-0.029272626,1.003001676
14.335000000,-0.013398225,-0.015009089,1.005490937
14.340000000,0.043882039,-0.020392787,1.009344180
14.345000000,-0.021915617,0.018324270,0.990350925
14.350000000,-0.017224777,0.011276429,1.001738036
14.355000000,0.065058650,-0.078942688,1.010777605
14.360000000,-0.040031628,0.015249811,1.002505391
14.365000000,-0.008785588,0.010947143,1.014701111
14.370000000,0.006050021,-0.032792924,1.006116365
14.375000000,-0.021529756,0.059626506,1.015331819
14.380000000,-0.001677781,-0.010750544,1.011779998
14.385000000,0.012480852,-0.062159460,1.000549264
14.390000000,0.033234783,0.028369279,0.999633364
14.395000000,-0.019232147,-0.016782921,0.995776147
14.400000000,-0.032049982,0.009495952,1.009433481
14.405000000,0.003439695,0.032114741,1.000366480
14.410000000,-0.008912974,-0.011547774,1.001809911
14.415000000,0.005848997,0.030085026,1.007857193
14.420000000,-0.011069771,-0.025465707,1.006606278
14.425000000,0.002591094,0.037628709,1.004010354
14.430000000,0.077004332,0.014058936,1.004536295
14.435000000,-0.019745254,-0.046459964,1.004406449
14.440000000,-0.006097796,0.006237711,0.995621705
14.445000000,0.013174297,-0.053019374,1.000087215
14.450000000,-0.006425836,0.023775446,1.001194210
14.455000000,0.042690817,0.008329090,1.009666586
14.460000000,-0.047275841,-0.026315946,1.006478040
14.465000000,0.043852486,0.018462537,0.999133019
14.470000000,0.026561855,-0.030367912,1.006243410
14.475000000,-0.007934366,-0.010823940,1.016493373
14.480000000,0.056084217,0.047231791,1.009046036
14.485000000,-0.010674362,0.040979965,0.999934996
14.490000000,0.022167980,-0.040912650,1.013214366
14.495000000,-0.041862811,0.032313819,1.007379847
14.500000000,0.034556810,0.010772673,1.014225901
14.505000000,0.029805896,-0.080811425,1.003269511
14.510000000,-0.091401172,0.019260038,0.994758784
14.515000000,0.024163090,-0.004106904,1.007311793
14.520000000,0.028612676,-0.047542596,1.014656690
14.525000000,0.033758679,-0.011106215,1.014586416
14.530000000,0.029424524,0.041748711,0.983509668
14.535000000,-0.037534443,-0.001925899,1.012102758
14.540000000,-0.022897105,-0.034335340,1.019961771
14.545000000,0.038933536,0.033088622,1.000309031
14.550000000,-0.020020337,-0.036695387,1.006478210
14.555000000,-0.027767358,-0.000465204,1.004638555
14.560000000,0.072181856,-0.001753548,1.034987881
14.565000000,-0.020902053,-0.002074599,0.997964896
14.570000000,0.024715915,0.080394761,0.995321361
14.575000000,0.038904140,-0.070401544,1.014512925
14.580000000,-0.053151227,-0.046050709,0.995078294
14.585000000,-0.010127281,0.000868001,1.017374989
14.590000000,-0.016773482,-0.029203538,1.003882447
14.595000000,0.078865080,-0.006280276,1.004113381
14.600000000,0.034182230,-0.041126333,1.003395037
14.605000000,-0.037469829,0.076658672,1.004655995
14.610000000,0.011888253,0.024771411,1.020854044
14.615000000,-0.093909730,-0.024777796,0.992192666
14.620000000,-0.006947835,0.023795636,1.012526906
14.625000000,0.042479846,-0.023659395,1.021355706
14.630000000,-0.036493527,-0.019074057,0.989030592
14.635000000,0.023833468,-0.022180440,1.002904132
14.640000000,-0.007194385,0.012806018,1.015252525
14.645000000,0.002685939,-0.003812290,1.002151441
14.650000000,0.006003839,0.026296066,1.005135676
14.655000000,-0.014055405,-0.020040560,1.007790404
14.660000000,0.016762256,0.033158968,1.006797625
14.665000000,-0.013864911,0.045717836,0.998752342
14.670000000,0.018642908,-0.108223218,0.990035789
14.675000000,0.031226181,0.067502208,1.017472494
14.680000000,-0.027518582,0.017290732,1.007000053
14.685000000,-0.009106276,-0.003733229,0.988686445
14.690000000,0.027680938,0.001792785,1.012122082
14.695000000,-0.002797458,-0.064859726,1.004649865
14.700000000,0.018399607,0.048937022,0.999076513
14.705000000,0.030231152,-0.074720031,1.014047201
14.710000000,0.005841527,0.040707849,1.010301560
14.715000000,0.024909491,0.013460903,1.001165476
14.720000000,0.006393446,-0.079242553,1.003924990
14.725000000,0.001906879,0.031142841,1.011416349
14.730000000,-0.004348532,-0.029734096,1.008912854
14.735000000,0.017863405,0.038567548,1.003705746
14.740000000,0.004859612,-0.010837304,1.002588638
14.745000000,-0.011363731,-0.019389785,1.007378552
14.750000000,0.041220408,0.005819791,1.008384777
14.755000000,-0.001499412,-0.017497219,1.009394603
14.760000000,-0.012708914,0.032827062,1.011613650
14.765000000,0.027479291,-0.027334300,1.001631596
14.770000000,0.046976423,-0.000063975,1.001666013
14.775000000,-0.034939027,0.012787233,1.006518394
14.780000000,-0.035752959,-0.042385460,1.006842266
14.785000000,0.036710107,-0.034695088,1.005736070
14.790000000,-0.020885516,0.035555066,1.000816781
14.795000000,0.042303298,0.056238671,1.000945179
14.800000000,0.012809245,-0.016287917,1.004060842
14.805000000,-0.034537806,-0.000471601,1.008000675
14.810000000,0.041435238,-0.005384361,1.007387610
14.815000000,-0.017257944,-0.028888059,1.004923973
14.820000000,-0.032499893,0.027601940,1.005395068
14.825000000,-0.007732539,-0.052235497,1.016567492
14.830000000,-0.020095216,0.007833561,1.011381653
14.835000000,0.017047909,0.059459751,0.988203761
14.840000000,0.060118361,-0.104998719,1.005117724
14.845000000,-0.031991043,0.007041086,1.005703671
14.850000000,-0.054961399,0.028759968,1.003356429
14.855000000,0.057678248,0.037210296,1.016702234
14.860000000,-0.015154106,0.041799235,1.003628707
14.865000000,-0.024095117,-0.067201388,1.012241530
14.870000000,0.067355743,-0.005456545,1.006239337
14.875000000,0.009083393,-0.041413535,1.004268553
14.880000000,0.016994144,0.062335305,1.015823434
14.885000000,0.009272888,0.009145652,0.995780427
14.890000000,-0.030217136,-0.040697985,1.000543917
14.895000000,0.025875268,0.019267720,1.012128748
14.900000000,0.004753923,-0.096163533,1.008875517
14.905000000,-0.018045342,0.045457952,1.012506956
14.910000000,-0.004398048,-0.012144607,1.005112318
14.915000000,-0.009094384,-0.019871475,0.995452226
14.920000000,0.016742677,0.050211992,1.008116802
14.925000000,-0.011895517,-0.059833740,1.012638396
14.930000000,-0.047966718,0.050074280,1.015206106
14.935000000,0.021276894,0.027055694,1.002427366
14.940000000,0.051995944,-0.032265377,1.001034337
14.945000000,-0.014139841,0.036243304,1.017396033
14.950000000,0.005163801,-0.027311177,0.992309165
14.955000000,0.017650037,-0.051583234,1.006844245
14.960000000,0.028777876,0.029257590,1.010977306
14.965000000,0.020763493,-0.040250418,0.998332069
14.970000000,-0.075694801,-0.018059573,1.016240682
14.975000000,-0.007322192,0.037116880,0.998294951
14.980000000,0.072486878,-0.013488559,1.006974410
14.985000000,0.003536166,-0.002845200,1.016430961
14.990000000,-0.040243032,-0.062843055,1.002728228
14.995000000,0.026771228,0.019335960,1.010870697
15.000000000,0.009760498,0.009861053,1.008133987
15.005000000,-0.047575267,-0.052632538,0.999750876
15.010000000,0.043960829,0.064953599,1.000951845
15.015000000,0.015664146,0.010278434,1.006131870
15.020000000,-0.019960301,-0.049029105,1.013410842
15.025000000,0.032955615,-0.001960219,1.003207469
15.030000000,0.012361879,0.007631813,1.002008903
15.035000000,-0.013190441,-0.012483368,1.005806207
15.040000000,0.008155280,0.008898952,0.995039881
15.045000000,0.009207320,-0.009017609,1.020938245
15.050000000,0.015994785,0.016635709,1.007687145
15.055000000,0.041360895,0.023788891,0.988542358
15.060000000,0.023388720,-0.012604345,1.016681616
15.065000000,-0.000429228,0.030991399,1.007624639
15.070000000,-0.035063488,0.011067103,1.006388020
15.075000000,0.007969735,-0.015905753,1.004211055
15.080000000,-0.016249509,-0.053832083,1.003922540
15.085000000,0.006512842,0.029825928,1.011432254
15.090000000,0.030632837,0.012930297,1.000560860
15.095000000,-0.045042526,-0.019203494,0.996872578
15.100000000,0.037536328,0.074554575,0.998736001
15.105000000,-0.026905277,-0.036687860,1.014650902
15.110000000,0.047489731,-0.020021207,1.002506159
15.115000000,0.038732214,-0.020484033,0.999987417
15.120000000,-0.072135734,0.011007597,1.014366937
15.125000000,0.052112039,0.041935505,1.010754991
15.130000000,-0.049965128,-0.038304880,1.006215010
15.135000000,0.039032850,-0.000084723,0.999383807
15.140000000,0.028091516,-0.016972179,1.007468048
15.145000000,-0.037323098,0.018928558,1.006270204
15.150000000,0.070993182,-0.053006281,1.004528872
15.155000000,-0.031899349,-0.031337967,1.008773627
15.160000000,-0.004893888,0.071392783,1.011794011
15.165000000,-0.007698610,-0.013351813,1.006535214
15.170000000,-0.026040478,-0.007914516,0.998357754
15.175000000,-0.020939212,-0.015494999,1.000714535
15.180000000,0.015724904,0.006594790,1.004432678
15.185000000,0.031035812,-0.019944375,1.010712156
15.190000000,-0.027584252,-0.011725625,1.002643811
15.195000000,0.024900747,0.005071333,1.004184477
15.200000000,-0.004616877,-0.050927885,1.006575982
15.205000000,0.024251598,0.026691676,1.003997215
15.210000000,-0.015876109,-0.023843908,1.013752947
15.215000000,-0.031851912,-0.033856140,1.009681599
15.220000000,0.069510295,0.046134737,1.004325594
15.225000000,-0.010659055,0.023434018,1.005906417
15.230000000,-0.000267115,0.015904392,1.003340192
15.235000000,0.026917984,-0.038932149,1.008165985
15.240000000,-0.046112953,0.004471795,1.015596409
15.245000000,-0.000185631,0.051049472,0.996873462
15.250000000,0.024288661,-0.054085736,1.010616519
15.255000000,-0.020306978,-0.012155666,1.018280278
15.260000000,-0.005311382,0.008733764,0.994553139
15.265000000,-0.013823098,-0.063840503,1.000733951
15.270000000,0.048494251,0.000366265,1.004000355
15.275000000,0.045101578,-0.010565582,1.013500073
15.280000000,-0.037818749,-0.017795189,1.004834602
15.285000000,0.051087112,-0.015557266,1.004070396
15.290000000,0.018028810,-0.052135562,1.013154624
15.295000000,-0.041801440,0.027378578,1.003639583
15.300000000,0.002132032,0.045693928,1.005226562
15.305000000,0.011840485,0.027178270,0.998623373
15.310000000,0.022979092,-0.017331039,1.010669441
15.315000000,0.000369636,-0.021157691,1.019141684
15.320000000,-0.013509672,-0.011987023,1.006647841
15.325000000,0.024208347,-0.023146024,1.004819216
15.330000000,0.014954367,0.075916524,0.999901341
15.335000000,-0.057412784,0.013022895,1.002331100
15.340000000,0.021458594,-0.012778478,1.011586388
15.345000000,0.043318622,0.025349780,1.013746404
15.350000000,0.001069861,-0.033227718,1.013475329
15.355000000,0.012530508,0.013086370,1.000726922
15.360000000,-0.042305945,-0.009834574,0.990606445
15.365000000,0.030643928,-0.055034660,1.007693118
15.370000000,0.030326496,-0.022084148,1.012893517
15.375000000,-0.032167191,0.040540308,1.011956133
15.380000000,0.023145507,-0.006364712,0.996648007
15.385000000,0.005828924,-0.032029590,1.006025872
15.390000000,-0.023782549,0.061330738,1.006239928
15.395000000,-0.011990457,-0.012098168,0.987396635
15.400000000,0.019673395,0.001310106,1.021621206
15.405000000,0.025003218,0.016461157,1.015011593
15.410000000,-0.012316967,-0.034384332,1.008499238
15.415000000,0.025233338,0.004303007,1.004999988
15.420000000,0.062595970,0.005019115,0.996514824
15.425000000,-0.016186196,0.015269618,1.006614869
15.430000000,-0.020596698,-0.018331650,0.987327910
15.435000000,0.008920830,0.005772591,1.015659167
15.440000000,-0.013702010,-0.026183893,1.005807848
15.445000000,0.005188331,-0.018017138,0.995291034
15.450000000,0.021035638,0.015919011,1.017871813
15.455000000,0.011693841,-0.024817697,0.994128088
15.460000000,-0.006504721,0.068329548,1.003908866
15.465000000,0.000277933,-0.007782524,1.005374326
15.470000000,-0.041110794,-0.010142565,1.011579679
15.475000000,-0.007792850,0.019180460,1.004640138
15.480000000,0.064446424,-0.038241718,0.999436254
15.485000000,0.000547771,0.027038039,1.015270999
15.490000000,-0.006743808,-0.032059917,0.994667874
15.495000000,0.013083263,-0.017980455,1.005729232
15.500000000,0.010218418,0.044650823,1.008078297
15.505000000,-0.003937456,0.025051376,1.005371471
15.510000000,0.013756585,-0.036730525,1.016248480
15.515000000,0.010267437,-0.008428575,1.002694745
15.520000000,-0.047932415,0.007903644,1.004848702
15.525000000,0.016046404,-0.065786808,1.003152902
15.530000000,0.028450870,0.016071232,1.004527693
15.535000000,-0.042478692,-0.027801525,1.005000106
15.540000000,0.026229047,-0.031341675,0.994512812
15.545000000,0.019842740,0.027238445,1.008977199
15.550000000,-0.082645885,-0.036114351,1.012169471
15.555000000,0.022880637,-0.001458989,1.007630268
15.560000000,-0.002107852,0.025957575,1.009997144
15.565000000,-0.014097710,-0.024593426,1.012508433
15.570000000,0.064257457,-0.036170391,1.006512002
15.575000000,-0.060349738,0.064404014,1.006644931
15.580000000,0.071774008,0.002765807,1.025247529
15.585000000,0.042372023,-0.042926798,0.996422272
15.590000000,-0.048638927,0.038686010,0.990512804
15.595000000,0.057906517,-0.029280435,1.014075299
15.600000000,-0.082260314,-0.039116458,0.997927157
15.605000000,-0.010999837,-0.004638706,1.006086773
15.610000000,0.060318874,0.011876825,1.014153428
15.615000000,0.007190396,-0.007928972,1.009221479
15.620000000,-0.043017048,0.030500987,1.014492753
15.625000000,-0.041465416,0.027696304,1.013349155
15.630000000,0.108176940,-0.100943469,1.001682963
15.635000000,0.031309441,-0.022358257,0.994535320
15.640000000,-0.025699989,0.015546590,1.009609331
15.645000000,-0.036053516,-0.023307805,1.011288397
15.650000000,-0.014059738,-0.000875963,0.997048424
15.655000000,0.047516936,0.006748337,1.001584267
15.660000000,0.019319060,0.048588799,1.010838319
15.665000000,0.008676664,-0.015887628,1.005717174
15.670000000,-0.021608802,-0.007144502,1.005973767
15.675000000,0.068486805,0.055995765,1.006424231
15.680000000,-0.004476839,-0.018580613,1.014673509
15.685000000,-0.026893395,-0.022125331,1.012640356
15.690000000,0.096535348,-0.015344292,1.000193160
15.695000000,0.016987789,-0.033027945,1.005360777
15.700000000,0.037438679,0.018375398,1.005633990
15.705000000,0.000545984,0.009109432,1.008548306
15.710000000,-0.022747984,-0.032104716,1.008364208
15.715000000,-0.031578552,0.029874936,1.008090629
15.720000000,-0.044592776,0.053568950,1.003234350
15.725000000,0.059260362,-0.027558587,0.995673428
15.730000000,-0.048110143,-0.009043734,1.003176707
15.735000000,-0.033087421,0.027763707,1.014573289
15.740000000,0.076442142,0.006214484,0.999303567
15.745000000,-0.005839617,0.016887150,0.990319254
15.750000000,-0.046625838,-0.022839717,1.020175907
15.755000000,-0.019130500,-0.036104254,0.994343521
15.760000000,0.028875157,-0.012700535,1.001122927
15.765000000,0.039391272,-0.029618962,1.015726017
15.770000000,-0.007116145,-0.004043713,0.999262341
15.775000000,-0.020364440,0.009936227,1.012201358
15.780000000,0.003722757,0.003644384,0.992614234
15.785000000,-0.009963884,0.058054366,1.007249125
15.790000000,0.013896777,0.030738195,1.004784293
15.795000000,-0.008968315,-0.049153527,1.008771827
15.800000000,-0.032518138,0.003199061,1.017825525
15.805000000,0.015548550,0.021976190,0.994160892
15.810000000,-0.005502026,0.026126573,1.011791198
15.815000000,0.009109527,0.024666614,1.002577440
15.820000000,-0.017998129,-0.045155621,1.006857558
15.825000000,0.001978692,0.008690229,1.015109177
15.830000000,0.051162916,0.006636057,1.006938477
15.835000000,-0.008283117,-0.060893188,1.001186797
15.840000000,0.000797325,-0.016795149,1.001192571
15.845000000,0.023945887,-0.023734728,1.008015062
15.850000000,0.015178135,-0.013311551,1.007679865
15.855000000,0.006347365,0.012958228,1.012399502
15.860000000,0.045759337,-0.019469987,0.998640086
15.865000000,0.000714117,0.015278771,1.006111330
15.870000000,-0.023344164,-0.005343945,1.003281373
15.875000000,0.000864300,-0.014519508,1.002707243
15.880000000,-0.026579546,0.016182074,1.013574804
15.885000000,0.059566176,-0.033592323,1.005144643
15.890000000,-0.046584759,0.008719846,1.009003135
15.895000000,-0.048877103,-0.004471130,1.016061524
15.900000000,0.073157868,-0.014530479,1.005222178
15.905000000,-0.059751716,0.023148472,0.993887744
15.910000000,0.023494064,-0.032511203,1.018656765
15.915000000,0.080492149,-0.019272499,0.995600346
15.920000000,-0.011469996,0.010040115,0.998979347
15.925000000,0.015672982,0.009982850,1.012554114
15.930000000,-0.018319250,-0.043075497,0.988731284
15.935000000,0.005532433,-0.003030691,1.019954709
15.940000000,0.069358367,0.004280868,1.013327546
15.945000000,-0.008351672,-0.036081147,1.010014593
15.950000000,-0.027150343,0.030904320,1.005890023
15.955000000,0.036387642,-0.049962607,1.007196801
15.960000000,-0.016944185,-0.010079452,1.013221064
15.965000000,-0.018809644,0.016732399,0.994982911
15.970000000,0.028423655,-0.032584295,1.013271359
15.975000000,-0.037923801,0.002947046,1.002687637
15.980000000,-0.038643526,-0.031056646,1.009506005
15.985000000,0.000039866,0.025465862,1.006172356
15.990000000,0.012154042,0.021384250,1.000853092
15.995000000,0.038771547,0.033143384,1.010525878
16.000000000,0.012121747,0.003230181,1.000822837
16.005000000,0.010799598,-0.032481874,1.010863609
16.010000000,-0.004207516,0.035444737,1.006746837
16.015000000,-0.000585894,-0.038976007,0.999557046
16.020000000,0.042636329,-0.002210420,1.005177512
16.025000000,0.020061307,0.051805925,1.006895652
16.030000000,-0.009272292,0.028913351,0.998709709
16.035000000,-0.055852422,0.010209522,1.011244423
16.040000000,0.021255460,-0.025109365,1.009914900
16.045000000,0.034247719,-0.016203518,1.007344286
16.050000000,-0.017525986,-0.033796578,1.005987850
16.055000000,0.038535962,-0.013004887,1.003256832
16.060000000,-0.018845513,0.006480651,1.016765734
16.065000000,0.021854161,0.001595652,0.989403364
16.070000000,-0.010771515,-0.011430995,1.008047676
16.075000000,-0.030429675,-0.013991237,1.010140760
16.080000000,0.059492420,0.015077992,0.996556758
16.085000000,-0.030489645,0.014816947,1.017297563
16.090000000,-0.022228578,0.022147826,1.010191725
16.095000000,-0.002934858,0.019520015,1.007678933
16.100000000,0.004244578,-0.001850746,0.994630868
16.105000000,0.009947617,-0.000728754,1.009371599
16.110000000,-0.000189172,0.039295433,1.007056162
16.115000000,0.014589219,0.017748974,1.005561160
16.120000000,-0.008541548,-0.039066474,1.005017129
16.125000000,0.007186267,-0.021000987,0.994244569
16.130000000,0.029624512,0.001549712,1.014243911
16.135000000,0.042135056,0.001378541,1.002188234
16.140000000,-0.040190215,-0.013455489,1.007330957
16.145000000,0.004036918,-0.044359741,1.001678128
16.150000000,0.037355792,-0.018177818,1.006428858
16.155000000,-0.010437553,0.008522739,1.003707200
16.160000000,-0.001116439,-0.063591772,1.000142517
16.165000000,-0.043047217,-0.024609078,1.018433249
16.170000000,0.040993192,0.026396669,1.002044812
16.175000000,-0.036448685,-0.016450362,1.019273207
16.180000000,-0.000120259,0.053388252,0.997516609
16.185000000,0.119970454,0.035294704,0.995111773
16.190000000,-0.027068737,-0.036902889,1.011183544
16.195000000,-0.006791510,0.005348703,1.004305776
16.200000000,-0.015255153,-0.021969982,1.014984106
16.205000000,-0.003165125,-0.004961014,0.994034291
16.210000000,0.051012479,0.048989874,1.013694231
16.215000000,-0.021448437,-0.020073299,1.007066746
16.220000000,0.041429175,0.010003858,0.992177602
16.225000000,0.029625538,0.004859667,1.012487367
16.230000000,-0.073725249,-0.065915447,1.004832615
16.235000000,0.006170273,0.036125459,1.003268191
16.240000000,0.011983396,0.032943221,0.999370236
16.245000000,-0.022929806,-0.041652915,1.003254589
16.250000000,0.055989723,-0.014024209,1.014811985
16.255000000,0.016425623,0.017751263,1.007443766
16.260000000,-0.031704613,-0.031241030,1.005075135
16.265000000,-0.024637528,-0.039767554,1.008915492
16.270000000,-0.007952137,-0.012908538,1.005340727
16.275000000,0.016973018,-0.062203746,1.012770974
16.280000000,0.031172586,0.014614252,1.009562792
16.285000000,0.001423937,0.016406419,0.998438256
16.290000000,-0.038060409,-0.024387020,1.011411101
16.295000000,-0.027843051,0.029734806,1.004550971
16.300000000,-0.028724700,0.033817811,1.007081238
16.305000000,0.084482758,0.002886111,1.017450643
16.310000000,0.030397033,-0.065061474,0.993991182
16.315000000,-0.020128518,0.015387616,1.011083840
16.320000000,0.034324821,0.038002798,1.018471425
16.325000000,-0.047369013,-0.033011875,0.997629648
16.330000000,0.007385602,-0.022536711,1.012202546
16.335000000,-0.013001299,0.005161753,1.005490648
16.340000000,0.019538885,0.019854722,1.004254659
16.345000000,0.049281698,-0.008302268,1.003289157
16.350000000,-0.033359590,-0.024523058,1.002611916
16.355000000,-0.008504495,-0.023698181,1.005600197
16.360000000,-0.018411064,0.049842252,0.996672832
16.365000000,-0.002936001,-0.039504061,1.017178286
16.370000000,0.023175272,-0.040843805,0.997539828
16.375000000,0.033172224,0.083742761,1.002101310
16.380000000,-0.020018015,-0.030755966,1.014159696
16.385000000,0.008282160,0.010630839,0.991292095
16.390000000,0.039589002,0.014259302,1.014239304
16.395000000,0.028521872,-0.013835007,1.013470393
16.400000000,0.019584880,0.034899106,1.003575844
16.405000000,-0.046197970,-0.007418157,1.007512777
16.410000000,0.003010814,0.007775130,1.007254912
16.415000000,0.020499301,0.002677014,0.993206296
16.420000000,0.048644047,0.007537470,1.008649777
16.425000000,-0.038816803,-0.040052904,1.021198751
16.430000000,-0.017760326,-0.019675762,0.992383049
16.435000000,0.066819783,0.022882207,1.013588986
16.440000000,-0.077624698,0.010247845,1.007425014
16.445000000,0.030625841,0.036501018,0.998543749
16.450000000,0.082093965,-0.022628147,1.014046722
16.455000000,-0.007830568,-0.024220783,1.003946563
16.460000000,-0.034055186,-0.012930986,1.011237731
16.465000000,0.030745267,0.017854512,1.003670611
16.470000000,0.037488378,0.005163406,1.005711463
16.475000000,-0.053618735,-0.031486548,1.012253881
16.480000000,0.018946626,0.024992813,0.998256058
16.485000000,0.000880774,-0.018360414,0.998317548
16.490000000,-0.021106015,0.000102637,1.012506112
16.495000000,-0.015682981,0.026939134,1.009747094
16.500000000,0.024257269,-0.006811372,1.000660796
16.505000000,-0.002998258,-0.011609794,1.007102730
16.510000000,-0.025865103,-0.035884964,1.007575006
16.515000000,0.066159236,0.013637935,1.002256235
16.520000000,-0.027101502,0.002018193,0.999410338
16.525000000,-0.025863364,-0.052889936,1.012555471
16.530000000,0.027714804,0.013024537,1.009798108
16.535000000,0.033852672,-0.010796604,0.997632049
16.540000000,-0.015715934,-0.021188911,1.000609503
16.545000000,-0.028461613,0.048717914,1.008210721
16.550000000,0.045019316,-0.043235208,1.010199684
16.555000000,-0.005120460,-0.035057724,1.008431472
16.560000000,0.019911557,0.035598323,1.010748172
16.565000000,-0.013922699,0.006858542,0.992013473
16.570000000,-0.022969584,-0.010360617,1.002031784
16.575000000,0.015041792,-0.043421420,1.017078263
16.580000000,-0.041104297,0.019300085,1.005592586
16.585000000,0.023585562,-0.008259230,1.003992619
16.590000000,0.031308748,-0.042048810,1.003361934
16.595000000,-0.045817530,0.029789733,1.006522928
16.600000000,-0.015327477,-0.011399421,1.001606747
16.605000000,0.020044376,-0.003132342,1.010754026
16.610000000,0.028594478,0.025989997,1.007064473
16.615000000,0.037005732,0.018965292,0.996787817
16.620000000,0.000913265,-0.008047715,1.010061312
16.625000000,0.018744708,0.003855055,1.012619617
16.630000000,-0.008061583,0.009905207,1.008567603
16.635000000,0.014494068,-0.053145739,1.000143612
16.640000000,0.037332505,-0.013912183,1.001938870
16.645000000,-0.034718957,0.007091300,1.007372512
16.650000000,-0.005698497,0.024400743,0.997579427
16.655000000,-0.011072472,0.008300246,1.006328206
16.660000000,0.047445704,-0.024038422,1.019487209
16.665000000,0.015280160,0.040716260,1.007642895
16.670000000,-0.015151775,0.007091241,1.004600494
16.675000000,0.020824239,-0.039367063,1.007846819
16.680000000,-0.067894382,-0.072573009,1.008838330
16.685000000,0.015813186,0.005323036,1.003600808
16.690000000,0.037300840,0.066496149,1.000077816
16.695000000,-0.003268353,-0.058607237,1.012861708
16.700000000,-0.008251774,0.032999649,1.001624984
16.705000000,-0.017708465,0.026820553,1.008698439
16.710000000,0.002663090,-0.090883791,1.017345766
16.715000000,-0.011385037,0.003151172,1.010192630
16.720000000,0.040690565,0.011389605,1.009916212
16.725000000,0.044255570,0.013496963,1.002084606
16.730000000,-0.034295606,0.002381658,1.008735299
16.735000000,-0.033774852,0.004989861,1.003867332
16.740000000,0.035290968,0.057245507,1.008187607
16.745000000,-0.038485282,-0.035803847,0.999590837
16.750000000,0.012785252,-0.044663571,0.993500756
16.755000000,0.029848239,-0.006570182,1.009007456
16.760000000,-0.060167556,-0.040018813,1.007275010
16.765000000,0.066160055,0.001099750,1.011941852
16.770000000,0.013311274,0.011766653,1.006084246
16.775000000,0.030469940,-0.038280492,0.998531758
16.780000000,0.022560384,-0.006109274,0.997165156
16.785000000,-0.037867440,0.035243255,1.011029081
16.790000000,0.075693986,0.008031249,1.010449354
16.795000000,0.021207734,0.015667078,1.001640086
16.800000000,0.035441288,0.002375583,1.023355679
16.805000000,-0.005962431,-0.010056264,1.001564056
16.810000000,-0.045124185,0.030784579,0.996702667
16.815000000,0.008763930,-0.012781393,1.016287489
16.820000000,-0.002867250,-0.032122105,1.004342216
16.825000000,-0.006062986,0.002231959,1.003289880
16.830000000,-0.015824439,-0.012379719,1.004106419
16.835000000,0.032306957,-0.003497501,1.001821616
16.840000000,-0.009478887,0.013199831,1.005389276
16.845000000,0.001701123,-0.003150040,1.011598598
16.850000000,0.011872143,0.039988663,1.011901098
16.855000000,-0.036567960,0.035719572,1.000760993
16.860000000,0.045986743,-0.037203725,1.002935400
16.865000000,-0.021315132,0.033018584,1.010243395
16.870000000,-0.052221586,0.015279388,1.001374841
16.875000000,0.013751257,-0.050897155,1.003260689
16.880000000,0.038035812,-0.000787830,0.999315642
16.885000000,0.067821884,-0.030484374,1.005414866
16.890000000,-0.045761075,0.049478698,1.011483162
16.895000000,-0.027931563,0.019163331,0.995580830
16.900000000,0.017795294,-0.049916847,1.016270644
16.905000000,-0.018172439,0.066990757,1.011864510
16.910000000,0.038283582,-0.047000434,0.996626830
16.915000000,-0.029963603,-0.040397905,1.008017542
16.920000000,0.015325730,0.053654830,1.005328758
16.925000000,0.036552747,-0.038975300,1.004611016
16.930000000,-0.005873458,-0.011874803,0.999744923
16.935000000,0.042015141,-0.013315717,1.009114039
16.940000000,-0.040873613,-0.023055844,1.008488954
16.945000000,-0.016771141,0.011830182,1.006668430
16.950000000,-0.011191406,-0.029685979,1.006269845
16.955000000,0.015322428,-0.000549466,0.999242637
16.960000000,0.015935802,-0.009805994,1.006743627
16.965000000,-0.035777020,-0.065919276,1.005918849
16.970000000,0.023886172,0.019993761,1.003649997
16.975000000,-0.012917914,0.018644440,1.011626200
16.980000000,0.053817579,-0.023353030,1.014880109
16.985000000,0.005456116,0.021077183,1.003983307
16.990000000,-0.034306064,-0.002370256,1.011733555
16.995000000,0.033456047,-0.017803918,1.008201369
17.000000000,-0.029594149,-0.007763818,0.998028396
17.005000000,-0.002199953,-0.016646972,1.009553057
17.010000000,0.026530480,-0.047095073,0.995374343
17.015000000,0.013826347,-0.016288790,1.013735421
17.020000000,-0.002475055,0.030740323,1.011595821
17.025000000,0.051902935,0.013805141,0.997851859
17.030000000,-0.045422836,-0.020250474,1.010645163
17.035000000,-0.013351079,-0.019591268,0.994294428
17.040000000,0.105875078,-0.007878778,1.007387901
17.045000000,-0.051041966,-0.038099450,1.016982289
17.050000000,0.015769504,0.039437127,1.011320569
17.055000000,-0.005404561,-0.035187539,1.003269708
17.060000000,-0.005520088,0.019749440,1.000580724
17.065000000,-0.002177943,0.120681264,1.008422424
17.070000000,-0.072905423,-0.087018289,1.005576278
17.075000000,0.068006319,0.036404595,1.012530671
17.080000000,-0.001416714,0.018931807,1.002576970
17.085000000,0.023008662,-0.042486677,1.005585636
17.090000000,0.013223407,0.037204537,1.009903161
17.095000000,-0.029637111,-0.058082627,1.006168478
17.100000000,0.026856657,0.053578609,1.016589166
17.105000000,-0.032256970,0.007645961,0.995925964
17.110000000,0.050375770,-0.024257332,1.005249684
17.115000000,0.052673121,0.014428537,1.009977000
17.120000000,0.012293231,-0.021701802,0.995909479
17.125000000,-0.010219712,0.008650094,1.014247964
17.130000000,-0.010497288,0.017016661,1.008880040
17.135000000,0.017764982,0.017142521,1.002918322
17.140000000,-0.000805342,-0.068477410,1.004188287
17.145000000,-0.014556121,0.027275479,1.004260924
17.150000000,-0.016251488,0.036027900,1.003687536
17.155000000,0.050086678,-0.034744150,1.007147590
17.160000000,-0.029914736,0.024609210,1.006951679
17.165000000,-0.002751140,0.022269764,1.002370647
17.170000000,0.063566791,0.003080488,1.011098820
17.175000000,-0.026422120,-0.056638767,0.999744578
17.180000000,-0.008020334,0.013973750,0.998423814
17.185000000,-0.001304527,0.017812007,1.009741225
17.190000000,0.013025733,-0.014651635,1.011546946
17.195000000,-0.003109098,-0.008956311,1.004544424
17.200000000,0.020412249,-0.010808016,0.999256940
17.205000000,-0.007846234,-0.007039856,1.004047507
17.210000000,-0.032226813,-0.025393132,1.006678325
17.215000000,0.038778552,0.084580639,1.009434802
17.220000000,-0.009603295,-0.022351351,1.001600108
17.225000000,0.035021185,-0.031376645,1.007957578
17.230000000,-0.031229396,0.063928717,1.004507404
17.235000000,-0.022324175,-0.046261475,0.996734148
17.240000000,0.057870487,-0.059177780,1.005416923
17.245000000,-0.051596674,-0.025913906,1.003302249
17.250000000,-0.000195533,0.027229427,1.021118550
17.255000000,-0.021320173,-0.058474262,1.000227959
17.260000000,-0.019889326,-0.041530465,1.000695699
17.265000000,-0.004725421,0.016282100,1.014690564
17.270000000,0.007432179,0.000604513,0.998197258
17.275000000,0.062009745,0.055604236,1.014727726
17.280000000,-0.028748867,-0.053732598,1.008096370
17.285000000,0.032048143,-0.025665370,1.005954560
17.290000000,0.009072265,-0.008849328,1.001551678
17.295000000,-0.032875263,-0.008210942,1.001546459
17.300000000,0.032467173,0.081020563,1.020112192
17.305000000,-0.006664789,-0.033369349,1.001139678
17.310000000,0.005297927,-0.013890117,1.003392427
17.315000000,0.008837926,0.007991704,1.012743170
17.320000000,0.023699067,-0.028257318,1.009713424
17.325000000,0.010963599,0.007002183,1.009403781
17.330000000,0.003080498,-0.038623514,1.003289932
17.335000000,-0.027690940,-0.016544544,0.996652355
17.340000000,-0.018675797,0.001978740,1.005657952
17.345000000,0.078672657,0.033665011,1.016626519
17.350000000,0.012017947,0.039843314,1.011937553
17.355000000,0.034307340,-0.046372960,1.002658848
17.360000000,0.001659616,-0.015839917,1.000843919
17.365000000,-0.079605904,0.001499208,1.010308088
17.370000000,0.055625990,-0.018362673,1.003912407
17.375000000,0.021459186,0.017664001,1.009046621
17.380000000,-0.023638910,0.041710682,1.009876395
17.385000000,0.069855259,0.023495947,1.003742096
17.390000000,-0.012320340,-0.006242662,1.013085276
17.395000000,-0.074607677,0.002656311,1.004317773
17.400000000,0.008826095,0.021724297,0.997192114
17.405000000,-0.014512414,0.007161579,0.993604537
17.410000000,-0.001383509,-0.060184332,1.017974510
17.415000000,0.050092063,-0.013220415,1.015106577
17.420000000,-0.023032571,0.013604759,0.994461991
17.425000000,-0.021060801,-0.020168051,1.010086291
17.430000000,0.050279524,0.039499008,1.002272397
17.435000000,0.058471014,-0.036393962,1.013602393
17.440000000,-0.012328369,-0.072667270,1.003212883
17.445000000,-0.001682470,0.021541096,0.998469538
17.450000000,-0.000925092,0.050255298,1.012164130
17.455000000,-0.046762639,0.006555720,0.998697163
17.460000000,0.046332528,-0.004703239,1.019900738
17.465000000,-0.001549534,0.033704072,1.002324436
17.470000000,-0.035735051,-0.006705040,0.998186387
17.475000000,-0.000225920,-0.030817795,1.013497277
17.480000000,-0.006248208,-0.017438780,0.994074904
17.485000000,0.070844346,0.005154342,1.003101713
17.490000000,0.016069250,-0.037498032,1.006768152
17.495000000,0.009687624,-0.023007715,1.003960617
17.500000000,0.017715652,0.025050792,1.013258771
17.505000000,-0.043473129,-0.033777843,1.014254718
17.510000000,0.005238025,0.019883992,0.995064783
17.515000000,-0.011394616,0.032831522,1.000906237
17.520000000,-0.035530324,0.010109567,1.006331079
17.525000000,-0.004524834,-0.032474914,1.000662902
17.530000000,0.062426437,-0.056704104,1.017481800
17.535000000,0.022424178,0.020569183,0.999667330
17.540000000,-0.052260748,-0.024618458,1.011906364
17.545000000,-0.029023418,-0.007281548,1.009851270
17.550000000,-0.012643026,0.024617917,0.995577749
17.555000000,0.025072924,-0.025785010,1.013877054
17.560000000,-0.022442010,0.025866110,0.996818966
17.565000000,-0.001730872,0.048161645,1.013907496
17.570000000,0.048513081,-0.037528211,1.008245691
17.575000000,0.014997130,0.008543364,0.993114739
17.580000000,0.011788848,0.044011609,1.013034252
17.585000000,-0.005466858,-0.060277761,1.005965304
17.590000000,0.026412653,-0.006993874,1.006434322
17.595000000,0.034771649,0.011595422,1.014552662
17.600000000,0.010597780,-0.012417486,1.008498377
17.605000000,-0.058289225,-0.021850714,1.005143564
17.610000000,0.025539638,-0.022851773,1.012488149
17.615000000,0.065378400,0.058957722,0.996676296
17.620000000,-0.056515458,-0.031299241,1.006473486
17.625000000,0.081082365,-0.009941968,1.015745843
17.630000000,0.007860562,0.077294265,1.002774865
17.635000000,-0.042392407,-0.042174439,1.013404934
17.640000000,0.080037379,-0.004983191,0.993600895
17.645000000,-0.064184447,0.028305803,1.003366779
17.650000000,-0.020603825,-0.079655240,1.022674964
17.655000000,0.064507075,-0.009835831,1.003410244
17.660000000,-0.009310686,0.023569624,0.998545414
17.665000000,0.002822307,-0.028870756,1.012873996
17.670000000,0.032013147,-0.013097612,1.015727006
17.675000000,-0.032100300,-0.005736890,0.993506298
17.680000000,-0.031734656,0.075631050,1.005830104
17.685000000,0.049685543,0.005308561,1.001822198
17.690000000,-0.010979519,-0.052628420,1.001758177
17.695000000,-0.041844663,0.044769855,1.017948390
17.700000000,0.018946950,-0.039354181,1.002176455
17.705000000,0.014085394,-0.038058666,0.997480144
17.710000000,-0.005271897,0.039821692,1.008769277
17.715000000,-0.000606106,-0.032384838,1.012714932
17.720000000,-0.033757064,-0.020971857,0.998655776
17.725000000,0.005900247,0.050654495,1.006206402
17.730000000,-0.004650578,-0.000176382,1.004769678
17.735000000,-0.035764799,-0.006902274,1.006694067
17.740000000,0.085389355,-0.034116149,1.002720428
17.745000000,-0.017043700,-0.031229410,0.992430392
17.750000000,-0.062648689,0.033963932,1.022257268
17.755000000,0.069794565,-0.076921002,1.009615518
17.760000000,0.011270967,0.014474989,0.995243269
17.765000000,-0.016885328,0.060608398,0.996892820
17.770000000,0.025325862,-0.047177296,1.009383018
17.775000000,0.018632838,0.025100905,1.018155938
17.780000000,-0.034864170,-0.021996319,1.002542173
17.785000000,-0.005438255,-0.009150540,1.005178973
17.790000000,0.052840783,-0.010603780,1.011827176
17.795000000,0.006168607,-0.004741463,1.009237964
17.800000000,-0.024098745,0.036717823,0.992736375
17.805000000,-0.020029950,-0.061146897,1.008688763
17.810000000,-0.035465888,0.000132024,1.008006545
17.815000000,0.004762959,0.022987359,1.008160934
17.820000000,0.067314236,-0.018658335,1.022314899
17.825000000,0.011001358,-0.035912172,0.988136654
17.830000000,0.023648415,0.000671930,1.003736174
17.835000000,0.005652557,0.042494412,1.018159516
17.840000000,-0.017960506,-0.034427631,1.000005833
17.845000000,0.040760740,0.020152719,0.997894522
17.850000000,-0.025237012,0.035137334,1.011024407
17.855000000,0.019095431,-0.017742759,1.013635292
17.860000000,0.006184642,-0.006316061,0.998868045
17.865000000,-0.000090692,0.019198798,1.007376260
17.870000000,0.054131963,0.029895945,0.999361541
17.875000000,-0.043817813,-0.024437075,1.010250901
17.880000000,0.005928228,-0.010264286,1.007487622
17.885000000,0.033332018,0.000798997,0.993132919
17.890000000,0.024993827,-0.004130000,1.001690296
17.895000000,0.021968600,-0.019360329,1.010245883
17.900000000,-0.043714754,0.020945316,1.015830068
17.905000000,-0.009539479,0.054189217,0.997247522
17.910000000,0.021323708,-0.069086099,1.013513410
17.915000000,0.011475474,-0.024385859,1.012640760
17.920000000,-0.038576677,0.060610596,1.005673607
17.925000000,0.025442960,-0.007656821,1.015248084
17.930000000,0.044845299,-0.041384262,1.003803025
17.935000000,-0.058541061,-0.013945465,1.007338867
17.940000000,-0.019919135,0.001524364,1.010363068
17.945000000,0.012737736,-0.010267318,1.011361143
17.950000000,0.035945740,0.030367863,0.990760925
17.955000000,0.023991502,0.018781966,1.003889478
17.960000000,-0.052285787,-0.033500652,1.018134794
17.965000000,-0.001074942,-0.031185014,0.998832039
17.970000000,0.060026139,-0.001576012,1.012510097
17.975000000,-0.003353250,-0.003688382,1.006916853
17.980000000,-0.031700715,-0.005008731,1.004706910
17.985000000,0.027392764,0.033880694,1.003579129
17.990000000,0.061064478,-0.031075497,1.006434475
17.995000000,0.001406452,-0.026319475,1.005518222
18.000000000,-0.023890920,0.068893267,0.993585633
18.005000000,0.050037731,0.014582509,1.012308433
18.010000000,-0.007847458,-0.018408476,1.007707958
18.015000000,-0.026497254,-0.025416887,0.996618786
18.020000000,-0.005056502,-0.043902908,1.007484585
18.025000000,-0.039823227,0.046761114,1.005641948
18.030000000,0.023327366,0.007716705,0.997226385
18.035000000,-0.022502728,-0.026249211,1.009458345
18.040000000,-0.003026251,0.038371826,1.002921703
18.045000000,0.043873992,-0.070571309,0.989470781
18.050000000,0.024689631,-0.033365164,1.013693700
18.055000000,-0.017812213,0.013569971,1.013987050
18.060000000,-0.056119627,-0.017875706,1.001866933
18.065000000,0.022634719,0.026175038,1.006728736
18.070000000,-0.013991381,-0.019294517,1.007575646
18.075000000,0.030096026,-0.001734324,1.008937952
18.080000000,-0.009878015,-0.017999529,1.006882317
18.085000000,0.006737159,0.002824989,1.009204370
18.090000000,0.084722862,-0.000203314,1.012868439
18.095000000,-0.083052553,-0.016673709,1.000580494
18.100000000,0.030794269,0.029944187,1.005677474
18.105000000,0.002646133,-0.080442359,1.007848277
18.110000000,-0.030150573,0.005270264,0.998838583
18.115000000,0.060143491,0.023499608,1.015003208
18.120000000,-0.044278800,-0.043569595,1.010110790
18.125000000,0.007432968,0.012120376,0.998244102
18.130000000,-0.019902579,-0.025135627,1.009348112
18.135000000,0.014143213,0.051419574,1.006204717
18.140000000,0.035417472,0.016056811,1.000299754
18.145000000,0.009008898,-0.042584661,1.014467417
18.150000000,0.023551894,0.000537380,1.019211492
18.155000000,-0.085110297,-0.017147865,0.989575537
18.160000000,0.024380886,0.027022766,1.003254597
18.165000000,0.092698413,0.018947119,1.007160898
18.170000000,-0.050662785,0.004326788,1.001683531
18.175000000,-0.001028298,0.001610664,1.017839557
18.180000000,0.062017231,-0.053691302,0.997321606
18.185000000,-0.061977297,0.010908354,1.011792045
18.190000000,0.009344215,0.036073075,1.004574277
18.195000000,0.024897161,-0.054624401,1.004086658
18.200000000,-0.016893028,0.018626644,1.015349793
18.205000000,0.065171841,0.053037096,0.994805552
18.210000000,-0.029893123,-0.002975246,1.014906189
18.215000000,0.026610792,-0.019848410,1.001458280
18.220000000,0.029652409,-0.000530540,1.000707697
18.225000000,-0.008018608,0.039159047,1.008065473
18.230000000,0.012953944,-0.049510566,1.003627625
18.235000000,-0.034272207,0.005923004,1.010133830
18.240000000,0.058879137,0.036845516,1.000489359
18.245000000,-0.027557934,-0.021012694,1.015735153
18.250000000,-0.033509406,0.022034167,1.012539081
18.255000000,0.070263374,0.014889456,1.001471688
18.260000000,0.013585369,0.053684110,0.989865008
18.265000000,-0.003247378,-0.027869162,1.011965564
18.270000000,-0.014405834,-0.032206284,1.021952810
18.275000000,-0.018174368,-0.015614225,1.000740026
18.280000000,0.033372220,-0.081558553,1.015325570
18.285000000,0.014616848,0.035697963,0.998147348
18.290000000,-0.029005639,-0.002052586,1.006842944
18.295000000,0.023714137,-0.032031641,1.011237259
18.300000000,-0.038462281,0.036441397,1.005049387
18.305000000,0.008915869,-0.011534176,1.005636228
18.310000000,0.015775444,-0.045775390,1.002194089
18.315000000,-0.023788065,0.004759432,1.020812318
18.320000000,0.085298493,0.006889097,0.996695092
18.325000000,-0.010058873,-0.048002574,0.996817908
18.330000000,0.015749427,0.025163335,1.003788536
18.335000000,-0.035623245,-0.008120775,1.008217902
18.340000000,-0.028764360,-0.028538185,1.006442773
18.345000000,0.043909297,0.007120208,0.994075203
18.350000000,-0.080965042,-0.023713050,1.019162438
18.355000000,0.080936651,0.059737865,1.007688325
18.360000000,0.038480913,-0.016564194,1.003792980
18.365000000,-0.049850285,-0.050437355,1.003127506
18.370000000,0.021101834,0.032701412,0.995390206
18.375000000,0.007787307,0.000559429,1.001134361
18.380000000,0.014792422,-0.004911429,1.008267544
18.385000000,-0.055156705,-0.012392025,1.012363422
18.390000000,0.031228295,0.031350646,1.001640837
18.395000000,0.043777185,0.016783180,1.010828020
18.400000000,-0.028676406,0.010081291,1.003339830
18.405000000,0.014567844,0.010818579,1.003349257
18.410000000,0.018234144,-0.054295255,1.015754586
18.415000000,-0.032380997,-0.000154758,1.007618554
18.420000000,-0.050268231,-0.036657901,1.004103965
18.425000000,0.039935211,-0.051392655,1.010294818
18.430000000,0.006009233,0.008199757,1.008311219
18.435000000,-0.025608923,-0.010973160,0.996838450
18.440000000,-0.008930345,0.020413793,1.002265222
18.445000000,0.014692198,0.033086835,1.009116952
18.450000000,0.064703377,-0.045823888,1.008350523
18.455000000,-0.021840767,-0.070608144,0.995800400
18.460000000,-0.031913083,0.034971648,1.011065775
18.465000000,-0.009383762,0.009222189,1.015560598
18.470000000,0.015972347,-0.034247215,0.995828340
18.475000000,0.026691015,0.022842940,1.008861345
18.480000000,-0.031966678,0.017634734,1.006922691
18.485000000,-0.008363894,0.033946507,1.013736390
18.490000000,-0.008106643,0.024655308,1.004283149
18.495000000,0.031313491,-0.007505760,1.004372389
18.500000000,0.029284520,-0.017242880,1.006156275
18.505000000,-0.004953723,0.028503082,0.991299289
18.510000000,0.014370612,0.011309328,1.017136936
18.515000000,-0.017716682,-0.004245135,1.008980551
18.520000000,-0.002053181,0.021039221,1.000572914
18.525000000,0.022202593,-0.032990630,1.007799689
18.530000000,0.024247739,0.037734205,1.007777893
18.535000000,-0.028697306,0.011620357,1.007071498
18.540000000,0.047983522,-0.019401090,0.996603305
18.545000000,0.076684315,0.023406545,1.013505640
18.550000000,-0.055213601,-0.046325936,1.018033097
18.555000000,0.024074485,-0.060342220,1.001434175
18.560000000,-0.043215257,-0.021796339,0.995777100
18.565000000,-0.032108054,0.049101420,1.004513415
18.570000000,0.074440652,-0.047889710,1.015238946
18.575000000,-0.032805077,-0.054924768,0.999240317
18.580000000,0.027849309,0.057267195,1.004783339
18.585000000,0.042674195,-0.010994880,1.020140847
18.590000000,0.051786304,0.014735304,0.994434350
18.595000000,0.010889421,0.031534280,1.010423522
18.600000000,-0.065402813,-0.039261551,1.011293806
18.605000000,0.047121066,-0.010438307,0.988609650
18.610000000,-0.016349640,0.038109525,1.027546231
18.615000000,-0.008290968,-0.030730274,1.003148679
18.620000000,0.059545117,-0.022987884,0.993135588
18.625000000,-0.045003895,0.019263942,1.016036394
18.630000000,0.031611097,-0.016773688,1.002867577
18.635000000,0.055604802,0.024813715,1.008491905
18.640000000,-0.032818431,-0.023324587,1.001972027
18.645000000,-0.013397469,-0.044144884,1.004950975
18.650000000,0.001766877,0.002217020,1.003561759
18.655000000,0.044429520,0.011356886,1.008954498
18.660000000,0.012579696,0.038807640,1.010910179
18.665000000,0.002047509,-0.002171316,1.008221293
18.670000000,-0.025463405,-0.033636056,1.008708549
18.675000000,-0.075755046,-0.009040228,0.998106464
18.680000000,0.052133368,0.007620612,1.013771047
18.685000000,-0.001558233,-0.011528623,0.995609773
18.690000000,-0.018226099,0.009611145,1.005389348
18.695000000,-0.000408728,-0.012503347,1.018705729
18.700000000,-0.054807919,-0.035532279,0.988816084
18.705000000,0.045735206,0.021874818,0.999292068
18.710000000,-0.006354757,0.008731997,1.009714306
18.715000000,-0.005737000,0.000695072,1.007151348
18.720000000,-0.010055482,-0.009466667,1.003717342
18.725000000,-0.043277317,-0.000615857,1.005673785
18.730000000,0.033135339,0.012295516,1.008122470
18.735000000,-0.011086895,-0.022754984,1.007124694
18.740000000,0.002974101,-0.000268259,1.009913601
18.745000000,0.057461046,0.015738242,1.013591050
18.750000000,0.018868845,-0.044644119,1.010032981
18.755000000,-0.028083362,-0.038535011,1.002008092
18.760000000,0.012570907,0.042974448,1.006672165
18.765000000,0.009709747,-0.002818868,1.009748102
18.770000000,0.022535835,-0.009623182,1.004096729
18.775000000,0.001778695,0.017315195,0.994778721
18.780000000,-0.052415074,-0.041881740,1.009196779
18.785000000,0.035869982,-0.019759432,1.014053371
18.790000000,0.006439191,0.011344987,1.005350563
18.795000000,0.001530380,0.036798702,1.004641527
18.800000000,-0.002989781,-0.005421792,0.993626309
18.805000000,-0.005693978,-0.029686674,1.010712789
18.810000000,0.021285395,0.009749890,1.012129093
18.815000000,-0.061897123,0.024858566,0.998910290
18.820000000,-0.000748436,0.047157622,1.014680053
18.825000000,0.049353727,-0.048148936,1.002781704
18.830000000,0.023610119,-0.021577844,0.998233306
18.835000000,-0.022341448,0.049147456,1.010517294
18.840000000,-0.016438719,-0.012695923,1.000104931
18.845000000,0.030208998,0.018462295,1.010374104
18.850000000,0.050007352,-0.009133379,1.004817491
18.855000000,0.058777098,-0.028871813,1.000218131
18.860000000,-0.007895102,-0.009787922,1.021663268
18.865000000,0.014718617,-0.035868562,0.999292326
18.870000000,0.018834139,0.016298398,1.002905418
18.875000000,-0.037053166,0.028892295,1.009181729
18.880000000,-0.074493608,-0.036756433,1.004072985
18.885000000,0.007887603,-0.011923036,1.010038063
18.890000000,0.057734906,0.025264521,0.993963507
18.895000000,-0.022212829,-0.026271998,1.002248586
18.900000000,0.039518388,-0.006356926,1.016903654
18.905000000,0.023360066,-0.010620653,1.015544144
18.910000000,0.012228128,0.013233601,1.006503261
18.915000000,0.019445910,0.041906214,1.011504049
18.920000000,-0.029271829,-0.059987216,0.996529737
18.925000000,0.007386486,-0.044303450,1.006676737
18.930000000,0.016771552,-0.022870971,1.021971370
18.935000000,-0.014031272,-0.003674831,0.988272316
18.940000000,-0.028071129,0.049072688,1.017311760
18.945000000,0.029097182,0.004745990,1.014531002
18.950000000,0.020501231,-0.025149006,1.000544538
18.955000000,0.015886205,0.031388727,1.008080954
18.960000000,0.001513955,-0.000484521,0.990990382
18.965000000,0.008948581,-0.066595359,1.006435457
18.970000000,0.024457015,0.065691214,1.007330563
18.975000000,-0.035693594,0.006018124,1.010797863
18.980000000,0.038895428,-0.056463573,1.000803534
18.985000000,-0.010077289,0.043101876,1.008867951
18.990000000,-0.011284044,-0.010498249,1.009628442
18.995000000,0.033292192,-0.013368308,1.002845692
19.000000000,-0.017356541,-0.023266681,1.006976086
19.005000000,0.040577840,-0.017953451,0.988469284
19.010000000,0.013558604,0.012739412,1.015892262
19.015000000,0.006955950,0.040802842,1.006411808
19.020000000,-0.019655660,0.001200985,1.000803512
19.025000000,0.014627207,-0.053202775,1.011842495
19.030000000,0.030349206,0.007055827,1.000552227
19.035000000,-0.041862060,-0.022213441,1.002613951
19.040000000,0.035049675,0.023354388,1.005504447
19.045000000,-0.016121981,0.023014592,1.020539664
19.050000000,-0.036792137,-0.008630166,1.007344726
19.055000000,0.029281854,0.037449594,0.998757862
19.060000000,0.003239628,-0.022676653,1.009446771
19.065000000,-0.036666244,-0.048536385,1.011021371
19.070000000,-0.030906019,-0.013739680,1.003540463
19.075000000,0.012422233,-0.006633610,1.003849825
19.080000000,-0.057451379,-0.015981963,1.004731755
19.085000000,-0.004243558,0.052622610,0.998518412
19.090000000,0.063684059,0.016498751,1.011565531
19.095000000,-0.041002442,-0.031119141,1.002745800
19.100000000,-0.009574958,0.015099591,1.018577148
19.105000000,0.023015366,-0.028066187,1.005048979
19.110000000,0.001976596,-0.010537369,0.995306201
19.115000000,0.010798190,0.062746672,1.018477201
19.120000000,-0.006094995,0.003912763,1.001040640
19.125000000,0.035724389,-0.065900669,1.005092159
19.130000000,0.009257209,0.022413116,0.996077268
19.135000000,-0.009164673,-0.000271301,1.007690545
19.140000000,0.030604304,0.016823716,1.009986072
19.145000000,0.027913075,0.008058106,0.999883578
19.150000000,0.020314248,-0.067661827,1.016478887
19.155000000,-0.021666036,0.015474443,1.004143425
19.160000000,0.004194185,-0.003290394,1.014161713
19.165000000,-0.046283125,0.055533164,1.004007383
19.170000000,-0.059389284,-0.011040303,1.010332136
19.175000000,0.053325460,-0.025670265,1.005544090
19.180000000,0.016414215,-0.002282727,0.990896130
19.185000000,0.001653302,-0.052185427,1.015936500
19.190000000,0.039647360,0.071688141,1.004137010
19.195000000,0.071522055,-0.092066099,1.007029726
19.200000000,-0.000375376,-0.014023480,1.004998530
19.205000000,-0.031293702,0.026450988,1.011230348
19.210000000,0.038421439,-0.087232842,1.013015281
19.215000000,-0.049407517,0.046606850,0.996777734
19.220000000,-0.008347236,-0.028562479,1.001571814
19.225000000,0.059358497,-0.003592346,0.993395607
19.230000000,0.027694371,0.000975492,1.021425283
19.235000000,-0.005535158,0.018876458,1.010852216
19.240000000,-0.047248981,0.036153975,0.989092657
19.245000000,0.044977829,-0.049977382,1.012540050
19.250000000,0.026394593,0.037859931,0.996458544
19.255000000,-0.043321659,-0.002299994,1.013308485
19.260000000,0.029526478,-0.066525882,1.014384498
19.265000000,0.020464687,0.025645040,0.994847069
19.270000000,-0.014303188,0.044153663,1.015042388
19.275000000,0.038199143,-0.054365239,1.003928539
19.280000000,0.006726212,-0.028218867,0.992642798
19.285000000,-0.035521816,0.064076275,1.007340916
19.290000000,-0.000662365,0.011335141,1.010142662
19.295000000,0.012597655,-0.068684660,1.008643850
19.300000000,0.032640093,-0.013972631,1.019599150
19.305000000,0.024698817,0.036715340,1.009733210
19.310000000,-0.006464458,0.023916057,1.001455477
19.315000000,-0.022931515,0.018064476,1.010607309
19.320000000,-0.025161907,-0.005586532,0.997101630
19.325000000,-0.004724578,0.021045742,1.001084217
19.330000000,0.045947028,-0.034580456,1.012194991
19.335000000,0.010067228,-0.021680806,1.007016804
19.340000000,-0.042160588,0.012440391,1.003125896
19.345000000,0.062919056,-0.007432950,1.007272180
19.350000000,0.011347236,0.037545894,1.004904160
19.355000000,-0.033250678,-0.007067187,1.003745383
19.360000000,0.015043987,0.008232222,1.013161846
19.365000000,-0.028140050,-0.015236621,1.001963835
19.370000000,0.049788645,0.012793029,1.006522947
19.375000000,0.032460797,0.010176964,1.004072927
19.380000000,-0.047437556,-0.067465475,0.995733078
19.385000000,0.021897835,-0.011361125,1.007040907
19.390000000,0.011755228,0.022567160,1.010250286
19.395000000,-0.022212996,0.020849836,1.015760677
19.400000000,0.034562042,-0.059056356,1.000504138
19.405000000,-0.045949155,0.017832136,1.008247962
19.410000000,-0.030977123,0.011013854,1.012964364
19.415000000,0.046027695,-0.044320052,0.995520894
19.420000000,-0.028399780,0.010405550,1.012498926
19.425000000,0.050847704,-0.039454865,1.001614924
19.430000000,-0.025090475,0.040086058,1.008059483
19.435000000,-0.043839752,0.013538602,1.017481336
19.440000000,0.038951217,-0.006956362,0.995350640
19.445000000,-0.029254660,-0.003301148,1.006744394
19.450000000,0.035188866,-0.007665621,1.009209710
19.455000000,-0.046613120,0.030074121,0.999666694
19.460000000,-0.035845715,-0.054478945,1.005264879
19.465000000,0.015333021,0.001046977,1.002841709
19.470000000,-0.015192331,-0.006620379,1.002646424
19.475000000,0.022816600,-0.035290852,1.010502888
19.480000000,-0.015480484,0.034109830,1.002660851
19.485000000,0.051888212,0.035220823,1.005484753
19.490000000,0.029499074,-0.018909969,1.007831253
19.495000000,-0.005131546,-0.059278091,0.991426306
19.500000000,-0.022941348,-0.001063674,1.003724740
19.505000000,-0.016988467,0.004451600,1.017952528
19.510000000,0.040019608,0.014861902,1.009656532
19.515000000,-0.006196067,0.046315010,1.004440820
19.520000000,0.016583231,-0.031830429,1.013088992
19.525000000,-0.022937288,-0.050535573,1.016437107
19.530000000,0.028395420,0.026565533,1.004491758
19.535000000,0.033717412,-0.003963847,1.004583957
19.540000000,-0.024423091,-0.004813601,1.007824393
19.545000000,0.064226958,0.012670150,1.002477890
19.550000000,0.005595416,-0.012663049,1.011255984
19.555000000,0.008958145,-0.000157881,1.011147540
19.560000000,0.047597044,-0.052698296,1.000922425
19.565000000,-0.007916208,-0.013627726,1.002172606
19.570000000,-0.019238292,-0.007545825,1.004201847
19.575000000,-0.000606728,0.007148620,1.007289117
19.580000000,0.041033867,0.019670161,1.012487345
19.585000000,0.013820046,-0.046193290,1.002036773
19.590000000,-0.010059904,0.071283996,0.994159648
19.595000000,0.047689267,-0.009121405,1.000174657
19.600000000,0.017131954,-0.062032113,1.014648730
19.605000000,-0.034991550,0.050734631,1.011246085
19.610000000,0.004437606,-0.025740160,1.002958786
19.615000000,0.006346358,0.007741786,1.009083149
19.620000000,0.005400057,0.018839499,0.999542737
19.625000000,-0.015793288,-0.000475514,1.000768934
19.630000000,0.012516309,0.064502841,1.007434172
19.635000000,0.046343240,-0.028662659,1.001496959
19.640000000,0.004855115,-0.071453320,1.010330491
19.645000000,0.018098434,0.015282399,1.005097246
19.650000000,-0.019346024,0.009928962,1.005636020
19.655000000,-0.000792792,-0.018476644,1.006675188
19.660000000,-0.003380868,0.001837832,1.006471732
19.665000000,-0.000805788,0.006626293,1.014068149
19.670000000,-0.004101709,0.035840500,0.998488159
19.675000000,-0.078597399,0.034167410,0.997918052
19.680000000,0.022467327,-0.048017342,1.002418031
19.685000000,-0.018856432,-0.001566196,1.011475711
19.690000000,-0.016525100,0.015750209,1.009100417
19.695000000,0.045061811,-0.023472072,1.008539288
19.700000000,-0.052210763,0.001164330,1.014405999
19.705000000,0.019660082,-0.047188825,0.992165624
19.710000000,0.037015094,-0.013044330,1.008368498
19.715000000,0.008953373,-0.015515585,1.017021320
19.720000000,-0.026182420,0.026482018,0.996796013
19.725000000,-0.041169643,0.044903938,1.008337234
19.730000000,0.052394276,-0.047363439,1.010722828
19.735000000,0.020569737,0.020447657,1.001519716
19.740000000,-0.002332009,0.017603121,1.008653890
19.745000000,0.013843419,0.021477573,1.023253865
19.750000000,-0.026111078,-0.023247235,1.009222525
19.755000000,-0.044507785,-0.035705832,0.996669733
19.760000000,0.025691295,0.024360614,1.000250748
19.765000000,0.029986491,-0.013362362,1.014070872
19.770000000,-0.013004991,-0.014739565,1.015902531
19.775000000,0.008798156,-0.060926993,0.993722056
19.780000000,-0.028909148,0.030759223,1.006764751
19.785000000,0.049731955,0.002361413,1.014626272
19.790000000,0.018649255,-0.026120312,1.002611884
19.795000000,-0.033998572,0.001901381,0.997743867
19.800000000,0.076033010,-0.074988164,0.998079774
19.805000000,-0.039644215,0.030383093,1.013415838
19.810000000,-0.013263350,-0.021667028,1.014009520
19.815000000,0.056758951,0.005718873,1.002351739
19.820000000,0.001022430,0.068427451,1.004648406
19.825000000,0.023332017,-0.044178244,1.013037812
19.830000000,-0.010618922,-0.054380803,1.000639554
19.835000000,0.017571751,0.019009101,1.005946678
19.840000000,0.012422490,0.042259518,1.010123420
19.845000000,0.037085211,-0.027134219,0.989948310
19.850000000,0.003945443,0.033297113,1.009190772
19.855000000,-0.032325345,-0.024862023,1.008094822
19.860000000,0.040646010,-0.008084274,0.990473218
19.865000000,0.003767212,0.065816723,1.007550971
19.870000000,0.021543172,-0.041645762,1.005912502
19.875000000,-0.021934260,-0.010090872,1.002810483
19.880000000,-0.008491992,-0.004001129,1.008711966
19.885000000,0.024711565,-0.007602264,1.005284935
19.890000000,-0.016641081,-0.031238597,1.012853884
19.895000000,0.011508679,-0.022132055,1.017668470
19.900000000,-0.028141304,0.008054277,1.002720619
19.905000000,-0.019204446,0.010549863,1.000183337
19.910000000,0.002662098,0.051056818,1.001629803
19.915000000,0.010022377,-0.017685607,0.998142316
19.920000000,-0.006851128,0.005486382,1.017720584
19.925000000,0.039638385,0.040826737,1.005950137
19.930000000,0.009446392,0.011611792,0.994853235
19.935000000,-0.032914516,-0.012732437,1.014223302
19.940000000,0.042994934,-0.033367403,1.002114493
19.945000000,-0.035303719,0.007538309,1.001515427
19.950000000,0.036118550,0.002143771,1.015284525
19.955000000,0.008056719,-0.028795346,1.012845634
19.960000000,-0.031922814,-0.018582169,1.008143161
19.965000000,0.014456091,-0.015403748,1.005531310
19.970000000,-0.043361395,-0.001431033,1.008065635
19.975000000,0.054891008,0.021284747,1.001155400
19.980000000,0.014123148,-0.024447447,1.012271397
19.985000000,0.035079910,0.021971072,1.018679682
19.990000000,-0.024594790,0.016484887,0.993488483
19.995000000,-0.064475040,-0.017614409,1.003820713
20.000000000,0.102199950,0.035170694,1.016036724
20.005000000,0.011563426,-0.097092751,1.004358297
20.010000000,-0.046264130,-0.028789010,1.001301098
20.015000000,-0.028054215,0.096328277,0.995477625
20.020000000,0.014110473,-0.024141635,1.007424711
20.025000000,-0.017857447,-0.031691401,1.016973449
20.030000000,-0.012692615,0.046770079,0.999017889
20.035000000,0.106924500,0.023155392,1.002994750
20.040000000,0.028463177,-0.072134106,1.013848155
20.045000000,-0.046042073,-0.023883041,1.003358887
20.050000000,-0.016369663,0.009554081,0.998777876
20.055000000,0.021912986,0.019770576,1.011422771
20.060000000,-0.004219206,-0.011793120,1.011457804
20.065000000,-0.021841369,-0.079723800,0.997291802
20.070000000,0.011088139,0.003160188,1.012240125
20.075000000,0.021452438,-0.007885270,1.004086303
20.080000000,-0.005406786,0.022151596,1.003729893
20.085000000,0.021513422,0.025178493,1.020286171
20.090000000,0.032588505,-0.011410869,0.991924280
20.095000000,-0.039150429,0.015213139,1.003791549
20.100000000,0.012843493,-0.024081750,1.009932875
20.105000000,-0.012906539,0.042677351,0.998228300
20.110000000,0.006223088,0.015219553,1.013073971
20.115000000,0.041039937,-0.045488708,0.998210366
20.120000000,-0.033570049,0.013442293,1.004946621
20.125000000,0.000196706,0.019532202,1.009499156
20.130000000,-0.003654962,-0.046201093,1.002494395
20.135000000,0.032346674,-0.017443250,1.015222430
20.140000000,0.044957915,0.045077253,1.009389933
20.145000000,-0.017761612,-0.038892130,1.001060823
20.150000000,-0.038025464,0.033733185,1.006370836
20.155000000,-0.007096278,0.025602460,1.010386894
20.160000000,0.049887135,-0.080031499,1.002402328
20.165000000,0.020000455,-0.052281608,1.004238314
20.170000000,-0.013583432,-0.025835905,1.002194143
20.175000000,0.027135945,0.029444549,1.004825423
20.180000000,0.047843891,0.007288376,1.013177741
20.185000000,-0.049030024,0.021583064,1.004621379
20.190000000,-0.045737158,-0.004617135,1.010271546
20.195000000,-0.007033176,0.021889255,1.007531060
20.200000000,-0.003837614,0.030102322,0.999774868
20.205000000,0.040215421,-0.043444880,1.005351607
20.210000000,0.014102750,0.031753377,1.006424023
20.215000000,-0.013383401,0.002178294,1.008722839
20.220000000,-0.027477744,0.011716605,0.997567027
20.225000000,0.021703592,-0.045229922,1.009010315
20.230000000,0.035085342,-0.011730109,1.015712644
20.235000000,0.026404126,0.065219678,0.999975246
20.240000000,-0.030169439,-0.064368546,1.007326858
20.245000000,-0.037997995,0.025357658,1.001311660
20.250000000,0.041424357,-0.011374418,1.012493555
20.255000000,-0.017649914,-0.001134729,1.009050124
20.260000000,0.025107358,0.081421146,0.994036991
20.265000000,0.000782690,-0.053726379,1.012134254
20.270000000,-0.017891562,-0.007008974,1.003824517
20.275000000,0.039522708,0.048959089,1.007531550
20.280000000,0.004378857,-0.048455028,1.005805522
20.285000000,0.005168195,-0.057311352,0.999915678
20.290000000,-0.030479534,-0.008348049,1.005551729
20.295000000,0.032132269,-0.034265530,1.013291888
20.300000000,0.004278958,0.011657319,1.021291561
20.305000000,0.012083247,-0.010774643,0.996572789
20.310000000,0.028908960,-0.054509294,1.005120582
20.315000000,-0.057570567,0.001308866,1.001488014
20.320000000,0.016753218,0.014175953,0.998222884
20.325000000,-0.030479975,0.030816742,1.011740464
20.330000000,0.006182184,-0.013199784,0.996079905
20.335000000,0.055534856,-0.016821125,1.011957211
20.340000000,0.020008621,0.003160485,1.007343959
20.345000000,0.043232516,0.019286746,1.013376021
20.350000000,0.002143956,-0.041416867,1.004519065
20.355000000,0.026013458,-0.020456819,0.994767392
20.360000000,-0.041079941,0.097229838,1.014210529
20.365000000,-0.049133998,-0.047386308,0.999222530
20.370000000,0.016478847,-0.053909661,1.010163768
20.375000000,-0.009372642,0.018017153,1.006238894
20.380000000,0.026231129,0.008920090,1.004763143
20.385000000,0.012192808,0.014288007,1.014698574
20.390000000,0.022859443,-0.004549626,1.003095800
20.395000000,-0.002396887,0.012569757,1.000940166
20.400000000,-0.039028939,0.028962690,1.008717762
20.405000000,0.017902280,0.063132730,1.018985434
20.410000000,-0.009920383,-0.007013279,0.998313514
20.415000000,0.016496397,-0.025609017,1.005633819
20.420000000,0.013269604,-0.027665699,1.001233337
20.425000000,-0.035510394,-0.052163823,1.003632015
20.430000000,-0.007858017,-0.013888927,1.017563280
20.435000000,-0.019234074,0.000034886,0.993197056
20.440000000,0.076907388,0.019252933,1.014743381
20.445000000,0.007949512,-0.024561923,1.000402203
20.450000000,-0.056082804,0.016930615,0.992313748
20.455000000,0.065498118,0.018885492,1.016076035
20.460000000,-0.025555129,-0.031416600,1.003081754
20.465000000,0.036518209,0.036114413,1.015937497
20.470000000,0.058714568,0.013083431,0.998787838
20.475000000,-0.013362187,-0.040579316,1.001254822
20.480000000,0.019722258,-0.026159919,1.014370349
20.485000000,-0.070702649,-0.020677370,0.998637861
20.490000000,0.035045812,0.021303392,1.013540780
20.495000000,0.044609502,-0.007207545,0.998796324
20.500000000,-0.067604803,-0.054820074,0.997639830
20.505000000,0.022994110,0.023222867,1.018314483
20.510000000,0.015623242,-0.027433680,1.012742065
20.515000000,-0.022833403,0.007337110,1.011778113
20.520000000,0.024305308,0.014065191,1.002433546
20.525000000,0.043116900,-0.063370440,1.003561495
20.530000000,0.026621224,0.044363049,1.009813949
20.535000000,0.010730600,0.007649612,1.008502113
20.540000000,-0.040497455,0.039355257,1.010845657
20.545000000,0.007712283,0.000228540,0.997161181
20.550000000,0.070939922,-0.069921126,1.001190162
20.555000000,-0.076110766,0.046050929,1.009102611
20.560000000,-0.066859576,0.022003188,1.001507704
20.565000000,0.058773637,-0.001380717,1.005792369
20.570000000,-0.004214346,0.000964065,1.015631094
20.575000000,0.005313506,0.015042128,0.996665954
20.580000000,-0.012334854,-0.007667143,1.002879938
20.585000000,-0.062075919,-0.011898615,1.027819112
20.590000000,0.050779384,-0.021487772,1.004965118
20.595000000,0.019298687,-0.039947247,1.004229528
20.600000000,-0.063791425,0.005868691,1.008988666
20.605000000,0.009972758,0.019368780,1.002642906
20.610000000,0.041176001,0.018283529,1.013914744
20.615000000,-0.025036598,-0.045629189,0.995716671
20.620000000,0.012136271,-0.011644996,1.008890243
20.625000000,0.065681390,0.004765909,1.003725095
20.630000000,-0.019899559,0.017948743,0.985258942
20.635000000,-0.009990072,-0.003790951,1.010396198
20.640000000,-0.028656793,-0.073382248,1.002919139
20.645000000,0.001851946,0.008017740,1.002986572
20.650000000,0.075436475,0.022483482,1.013114592
20.655000000,0.020019492,0.015886466,1.002805986
20.660000000,0.039230603,-0.026462010,1.000815351
20.665000000,-0.048141816,0.001626505,1.018551705
20.670000000,-0.048763484,0.005098385,1.007044526
20.675000000,0.069274967,-0.005488516,0.990736974
20.680000000,0.038131700,0.024108467,1.008533412
20.685000000,0.001096745,-0.092142825,0.997655500
20.690000000,0.005298573,-0.025557070,1.008486440
20.695000000,-0.010816777,0.004639777,1.007924310
20.700000000,-0.026047326,0.038915998,1.000571805
20.705000000,0.034767218,0.061634746,1.020613152
20.710000000,0.012661676,-0.052040860,1.004221477
20.715000000,0.000948977,0.015532438,1.008529266
20.720000000,0.029598239,0.001235388,1.006897010
20.725000000,0.035163064,0.010752256,1.006468398
20.730000000,-0.000209039,0.033383561,1.004249843
20.735000000,-0.075279699,-0.051165923,0.997378607
20.740000000,-0.001178357,-0.007104785,1.022198652
20.745000000,-0.030256129,0.055635608,1.003250821
20.750000000,-0.055238552,-0.006348352,1.003181175
20.755000000,0.045210182,-0.062099745,1.016214448
20.760000000,0.024115681,0.005423881,1.000622563
20.765000000,-0.021879036,0.026117430,1.006954916
20.770000000,0.018930332,0.026392849,1.009488842
20.775000000,0.029299638,0.007455211,1.008919593
20.780000000,-0.028510629,-0.031693416,1.007524764
20.785000000,0.019776349,0.022321528,1.004837699
20.790000000,0.054993937,-0.038686603,1.001969785
20.795000000,0.023506098,-0.007604963,1.009225444
20.800000000,-0.030112357,0.105404684,1.005461366
20.805000000,0.004459464,-0.072019056,0.999031849
20.810000000,0.013621036,-0.052281410,1.005960310
20.815000000,0.003610360,0.054997834,1.005839059
20.820000000,0.009241373,-0.008541367,1.007314269
20.825000000,-0.052062811,0.023663234,1.011574114
20.830000000,0.070021584,-0.052223989,1.009835620
20.835000000,-0.045944082,-0.045825037,0.994319222
20.840000000,-0.017094541,0.007852380,1.002910777
20.845000000,0.105712395,-0.030914853,1.008650004
20.850000000,-0.049495316,-0.008440886,0.998753013
20.855000000,0.032192069,0.007832768,1.016636097
20.860000000,-0.022729981,0.011561799,1.010817931
20.865000000,0.026653152,-0.035464984,1.008706445
20.870000000,0.066302328,0.031392445,1.013066932
20.875000000,-0.008608043,0.039508140,1.004900478
20.880000000,-0.006102391,-0.071223727,0.996000881
20.885000000,-0.018192770,-0.030010285,0.994110346
20.890000000,0.041274688,0.009646877,1.018529896
20.895000000,-0.051880345,0.001755154,1.010750124
20.900000000,0.035315327,0.008289085,0.995474283
20.905000000,-0.005328210,0.008257535,1.001725340
20.910000000,-0.064004641,0.011545192,1.003268450
20.915000000,0.013533486,-0.020790173,1.006719151
20.920000000,0.004436799,-0.009259298,1.014292140
20.925000000,0.051298498,0.057018019,1.012126539
20.930000000,-0.038046391,-0.054798919,1.009953756
20.935000000,0.010510037,-0.058561447,1.009471913
20.940000000,-0.026362904,0.027026019,0.993727934
20.945000000,-0.005859219,-0.051609705,1.005886040
20.950000000,-0.014353919,0.015357133,1.005480129
20.955000000,-0.056162103,0.015457498,0.999140703
20.960000000,0.079924250,-0.027274809,1.015601651
20.965000000,-0.035971360,0.005732294,1.003444104
20.970000000,0.026433008,-0.005815419,1.008565468
20.975000000,0.002961098,0.037004432,1.004821562
20.980000000,-0.035471830,-0.002334192,0.997071056
20.985000000,0.058314227,-0.030696661,1.017879414
20.990000000,-0.020324033,0.019709254,1.008815840
20.995000000,0.004097500,0.021050894,1.005859352
21.000000000,0.039487382,0.034002630,1.003846464
21.005000000,-0.000547340,-0.002455146,1.001330475
21.010000000,-0.043508498,-0.025847915,1.009623800
21.015000000,0.052721812,0.026228883,1.001925382
21.020000000,-0.016823397,-0.034446399,1.009596056
21.025000000,-0.011126670,0.024701465,1.002229223
21.030000000,0.079665385,0.010498242,0.997534314
21.035000000,0.006677399,-0.088118250,1.010857491
21.040000000,-0.001737548,0.060352344,1.000260591
21.045000000,-0.030364626,-0.003728733,1.002029794
21.050000000,0.066407543,0.006223424,1.004106005
21.055000000,-0.010225948,0.072759336,1.007934821
21.060000000,0.002880690,-0.048782388,1.004775058
21.065000000,0.031366833,-0.017017983,1.009126242
21.070000000,-0.045746039,0.013442509,1.007611330
21.075000000,0.095248983,0.003129833,0.994240023
21.080000000,-0.017883856,-0.022061366,1.019381240
21.085000000,-0.019137884,0.014891644,1.008061374
21.090000000,0.010489635,0.018366087,1.010449096
21.095000000,0.022316946,-0.023742649,1.018381968
21.100000000,0.058144434,-0.041740034,0.990919565
21.105000000,-0.071870661,-0.018651817,1.013711334
21.110000000,0.013100996,0.051485545,1.014666105
21.115000000,-0.038268686,0.004909304,0.996607164
21.120000000,-0.023434503,0.013798701,1.005644392
21.125000000,0.075141547,-0.024844314,1.007114930
21.130000000,-0.047163778,-0.048501383,0.997275892
21.135000000,0.023895324,-0.007301062,1.007700907
21.140000000,0.062920024,-0.043268099,1.013624799
21.145000000,-0.030202665,0.006587001,1.000554947
21.150000000,0.007979500,0.024582415,1.009243890
21.155000000,0.010076382,-0.050552890,1.013485756
21.160000000,-0.021166909,-0.003015207,1.002529748
21.165000000,-0.007767856,0.013574913,1.002330589
21.170000000,-0.037756559,-0.085707103,1.010704174
21.175000000,-0.013159039,0.025344941,1.006752548
21.180000000,0.017162288,0.019048471,1.006397182
21.185000000,-0.001670192,-0.020090802,1.013158177
21.190000000,0.036038075,0.046589331,1.005421042
21.195000000,0.007137853,-0.031236986,1.011640683
21.200000000,-0.015081888,-0.006682960,1.005282753
21.205000000,0.026685380,0.004705264,0.999311181
21.210000000,-0.019534547,-0.001058178,1.005455072
21.215000000,0.024033460,-0.046261328,1.005062256
21.220000000,-0.018969086,0.000451062,1.002633898
21.225000000,-0.031113948,0.014553168,1.002796302
21.230000000,0.107586752,-0.028141502,1.006508153
21.235000000,-0.037533478,0.044847489,0.992214157
21.240000000,-0.026704517,-0.020730422,0.999503457
21.245000000,0.014650316,0.005800266,1.010713737
21.250000000,-0.047297789,-0.015879144,1.004740058
21.255000000,0.047465422,-0.010371055,1.002840697
21.260000000,0.016024082,-0.019808709,0.999789630
21.265000000,0.001238356,0.004089516,1.013756295
21.270000000,-0.023936289,0.045687873,1.012939174
21.275000000,-0.022456997,-0.067768166,1.000245810
21.280000000,0.010262755,0.066843386,1.013121132
21.285000000,0.061210823,0.005265395,1.010915574
21.290000000,0.010066527,0.009814522,1.004210690
21.295000000,-0.015416825,0.041956126,1.013056650
21.300000000,0.069401461,-0.035140706,1.000518629
21.305000000,-0.065492378,0.034033538,1.014823315
21.310000000,0.021118753,-0.026509107,1.009268320
21.315000000,0.011939453,0.063088717,0.987498759
21.320000000,-0.049370128,-0.024149731,1.018118600
21.325000000,0.069625104,-0.043270016,1.006405385
21.330000000,0.019148937,0.046840039,0.990416834
21.335000000,0.019374302,-0.059971987,1.009759708
21.340000000,-0.011694596,-0.016697365,1.008717230
21.345000000,-0.000464276,0.000122291,0.993337144
21.350000000,-0.022487833,-0.029053414,1.005688382
21.355000000,0.034886195,0.008040361,1.020215018
21.360000000,0.002100774,0.052121991,1.009001687
21.365000000,-0.036306687,-0.030266436,1.009316707
21.370000000,0.077593351,0.005716641,0.999053239
21.375000000,-0.048579432,0.005430989,1.010747568
21.380000000,0.026994348,-0.037666645,1.013308320
21.385000000,0.013052633,0.053556852,1.006420586
21.390000000,-0.009627035,-0.027770944,1.007598393
21.395000000,0.070120543,-0.004035781,0.994684553
21.400000000,0.014466728,0.008473695,1.011393921
21.405000000,0.019086976,-0.026634000,1.002942822
21.410000000,-0.069103808,-0.011009182,0.999070911
21.415000000,-0.029458182,-0.008190156,1.002151854
21.420000000,-0.028017231,0.028677305,1.005915712
21.425000000,-0.011964735,-0.025967052,1.015179929
21.430000000,0.034070707,-0.039851459,0.998518053
21.435000000,-0.022060672,-0.032709136,1.006664693
21.440000000,0.006633529,0.009600420,1.006912911
21.445000000,0.013673131,0.069229362,1.001811545
21.450000000,0.018986386,0.016200966,1.010897385
21.455000000,-0.003253844,-0.042218736,1.006423124
21.460000000,-0.010831788,-0.025482852,1.003260496
21.465000000,-0.046437940,0.011280101,1.012630390
21.470000000,0.037011749,0.005587995,1.011141118
21.475000000,0.068316727,-0.063883896,0.998245045
21.480000000,-0.067104881,-0.013477673,1.008065691
21.485000000,-0.005055470,0.026854149,1.009752585
21.490000000,0.038260331,-0.059204829,1.004810091
21.495000000,0.014091302,0.018394033,1.008170255
21.500000000,-0.000065188,-0.008793736,1.014858200
21.505000000,0.000256596,0.013707197,0.995094670
21.510000000,0.022301874,0.008146818,0.997303949
21.515000000,0.032561172,-0.083823120,1.016070888
21.520000000,-0.030320195,0.029395687,1.002149015
21.525000000,-0.023931526,-0.020783592,1.014327315
21.530000000,0.032530900,0.009058168,1.006736136
21.535000000,0.006076103,0.011679445,1.000103517
21.540000000,0.045551745,0.026591633,0.998334082
21.545000000,-0.031379965,0.058401509,1.008433515
21.550000000,-0.005724427,-0.055579927,1.015230448
21.555000000,0.047029641,0.010590139,0.989316503
21.560000000,-0.001979294,-0.011231536,1.008787526
21.565000000,0.079607419,-0.005071636,1.005974420
21.570000000,-0.006121279,-0.014110040,0.995163972
21.575000000,-0.051523451,-0.004538905,1.015667821
21.580000000,0.013831265,0.018732767,1.017533085
21.585000000,0.007745213,-0.035485562,0.997058528
21.590000000,0.035954725,0.031837650,1.009585410
21.595000000,-0.013913150,-0.004911961,1.019088104
21.600000000,-0.047400039,0.030947551,0.990192089
21.605000000,0.056261349,0.001909707,1.004845670
21.610000000,-0.001917389,-0.034438535,1.006497201
21.615000000,-0.051593604,0.078317903,1.008701399
21.620000000,0.083607320,0.014503737,1.010889966
21.625000000,-0.010859043,-0.023981134,0.999090880
21.630000000,-0.061710927,-0.001186616,1.008576086
21.635000000,0.008244647,-0.038581989,1.000787399
21.640000000,-0.017081575,0.006093934,1.006970190
21.645000000,-0.002294623,0.022271365,1.008656228
21.650000000,0.025607648,-0.074275204,1.013912168
21.655000000,0.033933719,-0.027560863,1.000505486
21.660000000,-0.032922112,-0.006372622,0.996575211
21.665000000,-0.001094981,0.023016681,1.017984316
21.670000000,0.010005100,0.027287072,1.009945873
21.675000000,-0.040096792,-0.045376891,1.007928385
21.680000000,0.032376242,0.057942892,1.007181099
21.685000000,-0.003217495,-0.010434701,1.012255903
21.690000000,-0.024504596,-0.043408258,1.006159900
21.695000000,0.024166255,0.039857669,1.000585082
21.700000000,0.015090473,0.000869412,1.006859538
21.705000000,0.020240132,-0.033073468,0.995518072
21.710000000,-0.024797375,-0.045241328,1.003870431
21.715000000,-0.030975429,0.023151881,1.012733781
21.720000000,0.047679585,0.006407648,0.996663710
21.725000000,0.054296664,-0.003830119,1.007960850
21.730000000,-0.032418228,0.038635886,1.019545794
21.735000000,-0.017794634,-0.002496933,0.998046054
21.740000000,0.029707796,-0.055585505,1.005536308
21.745000000,-0.028060352,-0.039992180,1.007262715
21.750000000,0.067768575,0.005569072,1.005210360
21.755000000,0.027329586,0.010479716,1.008978779
21.760000000,-0.072486433,0.009342422,0.999287176
21.765000000,0.063015084,-0.034112064,0.999470826
21.770000000,-0.003973669,-0.015292050,1.007304885
21.775000000,0.001432767,0.016755000,1.019829335
21.780000000,0.042724612,-0.022226996,1.001863789
21.785000000,-0.011587198,0.000343946,1.000416869
21.790000000,0.028350229,0.030422281,1.011128834
21.795000000,-0.030317733,-0.005912793,1.007191615
21.800000000,0.007440253,0.018117396,1.003646985
21.805000000,-0.001378489,-0.011618355,1.004694434
21.810000000,-0.021094307,-0.036751547,1.013823145
21.815000000,0.073080428,0.079183986,0.990556457
21.820000000,0.009717909,-0.026105495,0.998567168
21.825000000,-0.052875262,-0.024959436,1.018285312
21.830000000,-0.004270524,0.021675021,1.005928692
21.835000000,0.018277755,-0.063723581,1.000351647
21.840000000,-0.021387426,0.025964873,1.011938959
21.845000000,-0.037108079,-0.008396543,1.015465625
21.850000000,0.052250128,0.007015254,0.994735358
21.855000000,0.063450721,-0.016941359,1.004492334
21.860000000,-0.045281148,-0.023415873,1.010770920
21.865000000,0.014336649,0.077044359,1.003812155
21.870000000,0.002585654,-0.024740601,0.997378512
21.875000000,-0.025796076,-0.005945833,1.004743632
21.880000000,0.029852700,-0.010137539,1.009384039
21.885000000,-0.038250677,0.005945019,1.002747494
21.890000000,0.014906775,0.039297215,1.011781221
21.895000000,0.000568136,-0.042096192,1.006933635
21.900000000,0.003719168,0.010934489,1.007992806
21.905000000,0.018943502,0.007365607,1.001894197
21.910000000,-0.050118252,-0.047931297,1.011979644
21.915000000,0.014562704,-0.021274588,1.005201610
21.920000000,0.037802192,0.021261311,0.992816308
21.925000000,0.011005690,-0.002860993,1.009786272
21.930000000,-0.003558797,-0.025758101,1.021374949
21.935000000,0.044792934,-0.015270629,1.018415955
21.940000000,-0.025426811,-0.011245010,0.993442304
21.945000000,-0.010261473,0.030663532,1.013095450
21.950000000,0.024552419,0.023610856,1.004169110
21.955000000,-0.046829993,-0.008674462,0.998125592
21.960000000,0.038069750,0.007171663,1.014841703
21.965000000,-0.008900870,0.024380408,0.998753433
21.970000000,0.024581645,-0.046159088,1.013914341
21.975000000,0.000267924,-0.035729183,1.003502752
21.980000000,-0.006304071,0.029830577,1.011050585
21.985000000,0.102106085,-0.005396042,1.009105529
21.990000000,-0.023063162,-0.024232937,1.001739589
21.995000000,-0.010989393,-0.060101220,1.008389153
22.000000000,0.002260016,0.017586047,1.002512470
22.005000000,-0.016669495,0.040165577,1.009040992
22.010000000,0.027584674,-0.024516996,0.994156265
22.015000000,0.041212792,0.034746022,1.011919766
22.020000000,-0.019229371,-0.027404008,1.011495837
22.025000000,-0.080793953,-0.047388584,1.000261943
22.030000000,0.059195229,0.037724646,1.002885734
22.035000000,0.062266525,0.024342560,1.000247576
22.040000000,-0.067905810,0.000859657,1.006709542
22.045000000,-0.007523537,0.013130375,1.001215031
22.050000000,0.081606464,-0.030015193,1.010355775
22.055000000,-0.013937211,-0.047443893,1.007959595
22.060000000,-0.076356632,0.023498946,1.014086343
22.065000000,-0.006510554,0.023323431,1.003632118
22.070000000,0.030841778,-0.000165594,0.998326483
22.075000000,-0.013500536,-0.020107873,1.009151121
22.080000000,-0.004956051,0.046235907,1.000765809
22.085000000,0.030765149,0.017428320,1.011831302
22.090000000,-0.036310975,-0.095285667,1.001808015
22.095000000,0.016728124,0.036602944,1.005258331
22.100000000,0.027550948,-0.006484430,1.005515940
22.105000000,-0.015838778,-0.077015781,0.995399732
22.110000000,-0.005557311,0.031944158,1.015051075
22.115000000,-0.002117717,0.011594733,1.012536662
22.120000000,0.038270643,0.002300668,0.993807737
22.125000000,-0.009492114,0.000324568,1.001652983
22.130000000,-0.032189660,-0.006156893,1.019567232
22.135000000,-0.029867716,-0.000827642,1.007664724
22.140000000,0.032970633,0.003283412,1.007439079
22.145000000,0.012084652,0.008227189,1.005608634
22.150000000,-0.027304369,-0.010678559,1.005514275
22.155000000,0.034172080,-0.007402482,1.004771982
22.160000000,-0.013943261,0.033513537,1.000511201
22.165000000,0.044391818,0.039222734,1.013456575
22.170000000,0.067926207,-0.043546403,1.002014516
22.175000000,-0.008905900,-0.019374797,1.007502745
22.180000000,-0.026777601,-0.004619243,1.006113013
22.185000000,0.050246032,-0.000406372,1.001040066
22.190000000,0.024147207,0.026839981,1.011052252
22.195000000,-0.084407550,-0.088358965,1.001650460
22.200000000,0.042663262,-0.017520952,1.008318753
22.205000000,0.059532826,0.067214952,1.011041701
22.210000000,-0.015147648,-0.032202587,1.003387673
22.215000000,-0.025070092,0.008842014,1.010502075
22.220000000,0.005308604,0.053250642,1.004149218
22.225000000,0.061562357,-0.022235436,1.002281811
22.230000000,-0.010468691,-0.027328186,1.009691946
22.235000000,-0.004562928,-0.009869738,1.001853752
22.240000000,-0.010115354,-0.021286949,1.007496803
22.245000000,-0.002765221,0.009628492,1.012914333
22.250000000,0.091326614,-0.005966193,1.006872697
22.255000000,-0.004919191,0.011553360,1.005401327
22.260000000,-0.064644179,-0.001275106,1.007524956
22.265000000,0.003575586,-0.053320261,1.002968818
22.270000000,-0.006594289,0.016218072,1.003561456
22.275000000,-0.003624812,0.004935419,1.017433150
22.280000000,-0.003240578,-0.021017662,0.995932610
22.285000000,0.020174817,0.030927700,1.001548095
22.290000000,0.028192622,0.031082683,1.016433053
22.295000000,-0.052054964,-0.015002035,1.007039477
22.300000000,-0.024901197,-0.034757295,1.006410781
22.305000000,0.027275808,-0.012902956,0.992017135
22.310000000,0.014400452,0.019416650,1.013148925
22.315000000,0.003806792,-0.018565322,1.009593614
22.320000000,-0.031462686,-0.048066298,1.003129575
22.325000000,-0.025354086,0.028882555,1.011213484
22.330000000,0.018736761,-0.029255408,0.995925328
22.335000000,0.030539698,-0.016820652,1.001095008
22.340000000,0.030030828,0.024661647,0.999448959
22.345000000,0.019285487,-0.021260999,1.012436162
22.350000000,0.000397729,0.052964901,1.002814591
22.355000000,-0.036910771,-0.019597723,1.005646190
22.360000000,-0.025951206,0.017723226,1.017853019
22.365000000,0.045660818,0.007041615,1.003412412
22.370000000,0.013252424,-0.104632708,1.013190533
22.375000000,0.017832106,0.021297447,1.003181913
22.380000000,-0.009179158,0.013380896,1.004922635
22.385000000,-0.011438693,0.014538970,1.010245680
22.390000000,0.056683548,0.014091518,1.005636088
22.395000000,-0.034579882,-0.021392482,1.008576232
22.400000000,0.009862705,-0.011640039,1.006008108
22.405000000,0.029515067,-0.018233762,1.017619127
22.410000000,0.010497223,0.048360799,1.005926213
22.415000000,0.009195642,-0.035589443,0.993886956
22.420000000,-0.039881967,-0.042410961,0.999678400
22.425000000,-0.005688671,0.078292210,1.001080563
22.430000000,-0.023047430,-0.011344482,1.010110098
22.435000000,0.017024327,-0.056816139,1.009606504
22.440000000,-0.016801206,0.030051406,1.006450227
22.445000000,0.013273274,-0.015196148,1.005776839
22.450000000,0.031967771,0.036379125,1.005406023
22.455000000,-0.029615637,0.047775353,1.008946133
22.460000000,0.038710944,-0.066757247,1.000505749
22.465000000,-0.014616326,0.031218609,1.003987929
22.470000000,0.013407494,-0.011522315,1.001564563
22.475000000,0.014534776,-0.020068929,0.998573033
22.480000000,-0.016741029,0.008755789,1.013985217
22.485000000,0.052601896,-0.016442292,0.995301548
22.490000000,0.035027482,0.076884227,1.004549891
22.495000000,-0.040783387,-0.035306843,1.015249770
22.500000000,-0.011706744,-0.022430041,1.002089759
22.505000000,0.035581666,0.005852590,1.006219436
22.510000000,-0.016105679,-0.036600720,1.006982996
22.515000000,0.072134390,-0.014204095,1.015192362
22.520000000,0.012394141,-0.006989094,0.999369255
22.525000000,-0.034759230,0.033590005,1.003024794
22.530000000,0.001830596,-0.027520174,1.004374425
22.535000000,-0.039856978,0.045936695,1.005417380
22.540000000,0.017284434,-0.029909535,1.010863975
22.545000000,-0.036478727,-0.063189666,0.996140798
22.550000000,0.052808357,0.057269933,1.015434833
22.555000000,0.064374154,-0.013109460,1.005517995
22.560000000,-0.067856953,0.013037580,1.001744882
22.565000000,0.033700961,-0.039603576,1.010276145
22.570000000,0.029166025,-0.017867549,1.008877433
22.575000000,-0.060575139,0.014409259,1.010300643
22.580000000,0.026248604,-0.042400529,1.006645634
22.585000000,0.003965334,0.001261527,1.014170038
22.590000000,-0.047077118,0.006934145,0.998593779
22.595000000,0.029790083,0.054799467,1.002558698
22.600000000,-0.021060133,-0.011004536,1.004624669
22.605000000,0.046197728,-0.063123850,1.016186453
22.610000000,0.004849821,0.012180741,1.017109346
22.615000000,-0.035942105,0.047434641,0.989339031
22.620000000,0.063255668,-0.004780715,1.015546831
22.625000000,-0.005886540,-0.038240814,1.012381544
22.630000000,0.043439848,0.023370439,0.996856586
22.635000000,0.019279439,-0.022705771,1.010822867
22.640000000,-0.017681782,-0.035155091,1.011677519
22.645000000,-0.021487069,0.019930017,1.003492295
22.650000000,0.002731720,0.033104814,1.006631363
22.655000000,-0.008819957,0.009637144,1.007499121
22.660000000,-0.023261652,-0.057123972,1.009329269
22.665000000,0.022810492,0.001118386,1.003061356
22.670000000,-0.060668356,0.018150187,0.999522266
22.675000000,0.059081449,-0.063620820,1.018678583
22.680000000,-0.007934652,0.015551434,0.994903273
22.685000000,-0.011019838,0.033284960,0.994907632
22.690000000,0.049432479,-0.047721163,1.007013315
22.695000000,-0.041950855,-0.013366068,0.997828924
22.700000000,0.044250674,0.016330137,1.009110235
22.705000000,-0.044235457,0.012864071,0.999946604
22.710000000,0.047947514,-0.002589617,1.006795875
22.715000000,0.033041062,-0.016781955,1.004521990
22.720000000,-0.059957627,-0.024876126,1.006981215
22.725000000,0.026814987,0.020248728,1.004568290
22.730000000,0.008822391,-0.023706620,1.000799721
22.735000000,0.058740774,-0.077226183,1.010715137
22.740000000,0.016228867,0.066512787,1.001042000
22.745000000,-0.004578080,-0.012184689,1.016872895
22.750000000,-0.046651745,-0.044952403,1.016931639
22.755000000,0.033464266,0.050544676,1.004188693
22.760000000,0.016774787,-0.025264969,1.003733175
22.765000000,-0.061994774,-0.001892540,1.014640013
22.770000000,0.054264369,0.019928903,1.014039427
22.775000000,-0.021381253,0.011287673,0.986900888
22.780000000,0.023644007,-0.033156610,0.994845748
22.785000000,-0.017989064,0.008507417,1.003289506
22.790000000,-0.018827664,0.029632187,1.011213197
22.795000000,0.075475047,-0.045932482,1.006410685
22.800000000,-0.064756379,0.051057351,1.010044663
22.805000000,-0.026491255,0.013920032,1.004422945
22.810000000,0.032276749,-0.012690084,0.988366104
22.815000000,0.049472074,0.034913890,1.017129348
22.820000000,0.025575352,0.005371447,1.006891959
22.825000000,-0.031522499,0.030125353,0.999971133
22.830000000,0.021968630,-0.022267083,1.020250246
22.835000000,0.006965992,-0.005033265,1.003758395
22.840000000,-0.020014096,0.042149113,1.005433782
22.845000000,-0.009919193,-0.051938232,1.008312573
22.850000000,-0.002847427,-0.001513393,0.991474886
22.855000000,0.020357958,0.072092016,1.004302128
22.860000000,0.016205373,-0.052425202,1.015102543
22.865000000,-0.021810507,-0.016225726,1.008835086
22.870000000,-0.016590812,0.027325307,1.015074607
22.875000000,0.019923284,-0.035734876,1.006425826
22.880000000,0.033519877,0.013629196,0.998867111
22.885000000,0.025455804,-0.035600261,1.008565855
22.890000000,-0.016116375,-0.007245817,1.016667533
22.895000000,-0.023094104,0.024770742,1.009241854
22.900000000,0.004638097,-0.035262920,0.998441285
22.905000000,0.008721588,-0.010313776,1.007400896
22.910000000,0.039892739,-0.018915477,1.003098511
22.915000000,0.015325831,0.024255929,1.006662259
22.920000000,-0.035706194,-0.015282670,1.008785033
22.925000000,0.004042245,-0.010208691,0.993431730
22.930000000,-0.006737711,0.014151157,1.003409996
22.935000000,-0.005282012,-0.081453692,1.021744375
22.940000000,0.052640597,0.018561251,1.010196775
22.945000000,0.009385008,-0.013340065,0.997932377
22.950000000,-0.024271632,-0.031967013,1.014706654
22.955000000,-0.004914643,0.048116891,1.007978594
22.960000000,-0.030846530,-0.002173747,1.005009403
22.965000000,0.034765915,0.014060269,1.011944388
22.970000000,0.045552869,-0.035694233,0.996678234
22.975000000,-0.070568147,-0.005638125,1.008548250
22.980000000,0.010944451,-0.013872788,0.999850739
22.985000000,0.039047722,0.009678689,0.995851185
22.990000000,-0.002469619,0.049699016,1.011979967
22.995000000,0.017319872,-0.107102579,1.003608757
23.000000000,-0.000999761,-0.021899296,1.004987838
23.005000000,0.035329509,0.012699399,1.004387458
23.010000000,0.016385862,-0.030604538,1.003751037
23.015000000,0.005943356,0.003000769,1.011897541
23.020000000,-0.016838620,0.007099647,1.009931986
23.025000000,-0.016482171,-0.020466437,0.998370862
23.030000000,0.036695177,-0.042571535,0.994860633
23.035000000,-0.013782533,0.035302319,1.003404963
23.040000000,-0.024241221,-0.056469409,1.002252548
23.045000000,0.022200303,0.033254076,1.010018359
23.050000000,-0.017515512,0.052523870,1.009996935
23.055000000,-0.033113860,-0.082209779,1.000161323
23.060000000,0.049833745,0.069099613,1.005387161
23.065000000,-0.010671624,0.041779675,1.006946015
23.070000000,-0.009634019,-0.018949787,1.011332548
23.075000000,0.061616416,-0.008385242,1.003462685
23.080000000,-0.026299604,0.028666787,1.009041858
23.085000000,-0.001165787,0.036825909,1.020515515
23.090000000,0.025798252,-0.011599639,0.998914689
23.095000000,-0.004942687,0.008825082,1.006757051
23.100000000,-0.010898642,-0.035757734,1.017358369
23.105000000,0.006678901,0.001124391,1.000641592
23.110000000,0.014922752,0.002539576,1.001561075
23.115000000,-0.010175368,-0.047019048,1.009415406
23.120000000,0.000797404,-0.001693924,1.007307812
23.125000000,-0.002769839,0.057104274,1.003513032
23.130000000,0.031834662,0.036101892,1.002249944
23.135000000,0.021842022,-0.011466888,1.010277065
23.140000000,-0.011598110,0.005337542,1.018487162
23.145000000,0.020288351,0.014910890,0.995407698
23.150000000,-0.003608938,0.018758153,0.996294115
23.155000000,-0.027615685,0.004629570,1.018759042
23.160000000,0.059457497,0.024944966,1.004356545
23.165000000,-0.012832870,-0.007289121,1.000977707
23.170000000,-0.053844172,-0.048258310,1.003420528
23.175000000,0.084892282,-0.012502904,1.006423634
23.180000000,-0.041047531,0.053207421,1.013122300
23.185000000,-0.005707313,0.010680595,1.003593326
23.190000000,0.063176025,-0.095312308,1.003168503
23.195000000,-0.036098864,-0.002132451,1.001595717
23.200000000,0.046951616,0.016295503,1.003031497
23.205000000,-0.029841754,-0.003052396,1.006460025
23.210000000,-0.050026744,0.008770252,0.999660929
23.215000000,0.009464926,-0.034776892,1.017411634
23.220000000,-0.000148322,-0.058341337,1.013542057
23.225000000,0.050441095,0.007397617,0.998517678
23.230000000,0.002425174,0.059939133,1.009359053
23.235000000,-0.035620731,-0.045618802,1.006438136
23.240000000,0.005851407,-0.000696400,1.011413699
23.245000000,0.031654872,-0.033752604,1.009383037
23.250000000,0.006200386,-0.067982076,0.996383777
23.255000000,0.013544317,0.024524318,0.999885456
23.260000000,0.032731897,-0.013607226,1.004707231
23.265000000,-0.038189522,-0.039467899,1.007148500
23.270000000,-0.063714989,-0.016661480,1.011115274
23.275000000,-0.000488039,0.034984153,1.006690898
23.280000000,0.003693940,-0.045368157,1.000048536
23.285000000,0.022851848,0.001960482,1.007803089
23.290000000,0.076725194,0.024609933,1.007274004
23.295000000,0.011248320,-0.028851306,1.011911011
23.300000000,-0.061512451,0.044867171,1.007868970
23.305000000,0.002885821,-0.052598341,0.998156587
23.310000000,0.065499986,0.013757259,1.017582896
23.315000000,-0.006451853,0.039626103,0.998180570
23.320000000,0.014492890,-0.017530891,0.999884003
23.325000000,-0.003692867,0.071551971,1.015977554
23.330000000,-0.012161121,-0.027071279,1.003700732
23.335000000,0.045607719,-0.088660947,1.005884842
23.340000000,-0.077505614,0.023205883,1.000275991
23.345000000,-0.012676274,0.000278007,1.008885033
23.350000000,0.023196123,-0.058167411,1.002293092
23.355000000,0.028966595,0.012042303,1.005519646
23.360000000,0.070253546,-0.014299153,1.022146331
23.365000000,-0.053560097,0.003572593,0.996551857
23.370000000,0.031101899,0.016621575,0.997278872
23.375000000,0.012846851,0.008348783,1.011481348
23.380000000,-0.027903527,0.066317586,1.006351909
23.385000000,0.046614965,-0.017127989,1.001838104
23.390000000,0.005497664,-0.013855756,1.003751363
23.395000000,0.002866579,0.030590456,1.000366403
23.400000000,-0.016236887,0.004553066,1.003792986
23.405000000,-0.002431302,-0.009784866,1.011002077
23.410000000,0.006482877,0.026442532,1.009543526
23.415000000,0.028193293,0.041937178,1.003207751
23.420000000,0.011476822,-0.011246707,0.996326290
23.425000000,-0.060131819,0.010098835,1.011401509
23.430000000,-0.001020193,-0.007068825,1.005732524
23.435000000,0.008657622,-0.020247598,1.006503318
23.440000000,-0.010833750,0.022785957,1.013614890
23.445000000,0.038300350,0.018553425,1.008909084
23.450000000,0.043807254,-0.044308073,1.008748656
23.455000000,-0.014298666,-0.007451313,0.989972320
23.460000000,-0.018128301,0.042664707,1.012261096
23.465000000,-0.002517011,-0.038050400,1.018658812
23.470000000,-0.032761884,-0.023245969,1.000329146
23.475000000,0.057966063,0.007693939,1.006644790
23.480000000,0.011442651,-0.025659509,1.003293396
23.485000000,-0.057705445,-0.031885732,1.008858998
23.490000000,0.064110933,-0.008125065,1.007052199
23.495000000,-0.006502781,-0.005036344,1.006657928
23.500000000,-0.007890337,0.011292615,1.003885440
23.505000000,0.010403385,0.018907134,1.001874176
23.510000000,-0.029167222,-0.046031605,1.014220638
23.515000000,-0.014383541,-0.033438861,1.012390109
23.520000000,-0.031772304,0.003480863,0.999902063
23.525000000,0.094553327,-0.003719435,1.006175746
23.530000000,-0.034812709,-0.041448768,1.011291587
23.535000000,-0.019003879,-0.004303483,0.998224111
23.540000000,0.098979206,0.027220841,1.010992429
23.545000000,-0.070807811,-0.041684283,1.012223124
23.550000000,0.044812719,-0.003730857,1.009699252
23.555000000,0.053904182,0.011244080,1.000845164
23.560000000,-0.006888296,-0.013772161,0.999523402
23.565000000,-0.006745196,-0.003592806,1.014242020
23.570000000,-0.020589208,0.013484295,0.995944063
23.575000000,-0.013056563,0.037656252,1.005581854
23.580000000,0.008353125,-0.037505747,1.011186695
23.585000000,0.055060657,-0.002736647,1.010945568
23.590000000,-0.080724636,0.010568337,1.002974635
23.595000000,0.049987511,-0.080056275,0.994756440
23.600000000,0.023251202,0.079152164,1.012410246
23.605000000,-0.052086636,0.040240236,0.995729163
23.610000000,0.086044411,-0.045451523,1.003112090
23.615000000,-0.048217910,0.063597439,1.006924339
23.620000000,-0.004746714,-0.038108978,1.010790378
23.625000000,0.018905785,0.045895634,1.010093510
23.630000000,-0.010743502,0.020905985,0.992611687
23.635000000,0.012341624,-0.084011935,1.012506119
23.640000000,0.025662408,0.035108548,1.008417888
23.645000000,0.015284065,0.013707122,1.006548890
23.650000000,-0.040656796,0.021971406,1.002638048
23.655000000,0.020348031,-0.034620621,1.001722061
23.660000000,-0.028069837,0.004898201,1.011854617
23.665000000,0.003430989,-0.022736909,1.001236284
23.670000000,0.004846717,-0.082932153,1.002249630
23.675000000,0.020937602,0.059356525,1.008307018
23.680000000,0.028508427,-0.027431570,1.017655826
23.685000000,-0.053676916,-0.009173817,1.004687211
23.690000000,0.043214328,-0.017812966,0.995444084
23.695000000,-0.012987966,-0.048959622,1.009671938
23.700000000,-0.015576014,0.052477133,1.009703663
23.705000000,0.013859997,-0.025746043,1.000813501
23.710000000,0.000965335,0.017856103,1.008182637
23.715000000,0.048574149,0.039455407,1.009965662
23.720000000,-0.011673029,-0.033776834,1.000307858
23.725000000,-0.017409208,-0.002369626,1.008994608
23.730000000,0.007970554,-0.018120626,1.004476181
23.735000000,0.015120693,-0.004292111,1.006488672
23.740000000,0.004674771,0.019750760,1.005255141
23.745000000,0.019265702,-0.049307246,1.000901212
23.750000000,-0.002046396,0.015990152,1.012347543
23.755000000,0.000868334,0.039176688,1.003468611
23.760000000,-0.008997918,-0.052182405,1.006497116
23.765000000,-0.012413570,0.028827236,1.008180779
23.770000000,0.051732516,0.005291194,1.006873965
23.775000000,-0.002601050,-0.017245064,1.009681273
23.780000000,0.033769680,0.020330212,1.003723333
23.785000000,-0.001248571,-0.071689172,1.010281052
23.790000000,0.001325919,0.004203313,1.011601288
23.795000000,0.023729952,0.039014156,1.006524979
23.800000000,-0.062564203,-0.046600726,1.012647825
23.805000000,0.016320742,0.020014828,1.009446951
23.810000000,-0.000029612,0.025849334,0.992657999
23.815000000,0.048917797,0.014073030,1.005560704
23.820000000,0.016139768,0.016456656,1.009156522
23.825000000,-0.073840450,-0.048230434,0.998639816
23.830000000,0.018026370,-0.005854559,1.006252451
23.835000000,-0.020493381,0.016726067,1.012732000
23.840000000,-0.005603722,0.004022312,1.010216522
23.845000000,0.045435142,-0.003999971,1.002060931
23.850000000,0.028490591,0.008666349,1.003455925
23.855000000,-0.014414231,0.009266595,1.005802787
23.860000000,0.022718670,-0.063592285,1.008208086
23.865000000,0.032416777,0.010201650,1.003414493
23.870000000,-0.039108893,0.012161778,1.006478030
23.875000000,0.025364062,-0.044419634,1.002266411
23.880000000,0.022871187,0.004274865,0.999783481
23.885000000,-0.011174801,-0.027291673,1.020580761
23.890000000,0.018073893,0.039851344,1.005979517
23.895000000,0.014215551,0.047729660,1.002268309
23.900000000,-0.044959780,-0.042636784,1.011916866
23.905000000,-0.029618354,0.019818173,1.007692049
23.910000000,0.051456010,-0.029290149,1.005413370
23.915000000,0.045042129,-0.029965404,0.998686020
23.920000000,0.013539719,0.046933954,0.993367641
23.925000000,-0.042428582,-0.051025804,1.002737470
23.930000000,0.013060677,0.034941602,1.012208182
23.935000000,0.019643879,0.023489726,0.991921770
23.940000000,-0.040101930,-0.056425541,1.013200114
23.945000000,0.023996854,0.075158707,1.009511892
23.950000000,0.006495138,-0.018901518,0.999114905
23.955000000,-0.016577020,-0.057368195,1.016251301
23.960000000,-0.025575064,0.039410903,0.992881891
23.965000000,-0.065887370,0.016731845,1.016482307
23.970000000,-0.023053986,-0.045926632,1.006855806
23.975000000,0.054380767,-0.019430240,1.003161885
23.980000000,0.045608384,-0.003736738,1.016229162
23.985000000,0.027090035,-0.010401199,1.006837437
23.990000000,0.010411308,0.030442619,1.012825988
23.995000000,-0.043361350,-0.033941117,0.995117808
24.000000000,-0.054100345,0.014865818,1.009981125
24.005000000,-0.016798866,-0.027465072,1.003374796
24.010000000,0.073921799,-0.047570620,1.007351484
24.015000000,0.048407093,0.027694101,1.012488925
24.020000000,0.004922166,-0.011322115,0.993548020
24.025000000,-0.003977692,0.062605021,1.010173194
24.030000000,-0.024726166,-0.027604542,1.005815311
24.035000000,0.004564733,-0.034175745,1.012869869
24.040000000,-0.031697498,0.016761023,0.999630269
24.045000000,0.047535785,-0.011956207,1.002839759
24.050000000,0.037851429,0.003883129,1.010795002
24.055000000,-0.022896304,-0.021036829,1.004344204
24.060000000,0.032248016,0.051219552,1.018389693
24.065000000,-0.009240489,-0.036760107,1.001992397
24.070000000,0.029156194,-0.045875881,0.999560452
24.075000000,0.025008318,0.019791930,1.001078467
24.080000000,0.008597742,-0.007463404,1.011123774
24.085000000,0.048790015,-0.013244036,1.008159823
24.090000000,0.001855759,-0.018754712,1.002126655
24.095000000,-0.017734691,0.050530433,1.008524304
24.100000000,0.018863873,0.017383384,1.000484019
24.105000000,-0.004026668,-0.015634999,1.008249879
24.110000000,-0.028892370,-0.035290274,1.010728827
24.115000000,0.003375737,-0.025172610,1.016028569
24.120000000,-0.020810985,0.004236298,1.004567703
24.125000000,-0.004336321,-0.013620582,1.003255402
24.130000000,-0.020899672,0.042154085,0.997873246
24.135000000,0.022550072,0.032929074,1.000538752
24.140000000,0.060687480,-0.034275482,1.016819987
24.145000000,-0.013753733,-0.039302537,0.992546145
24.150000000,0.023157838,0.015524340,1.010822780
24.155000000,-0.029686040,0.015841310,1.013208154
24.160000000,-0.010587948,0.025015197,0.996438380
24.165000000,0.014736852,-0.004801099,1.007438539
24.170000000,0.015107237,-0.050327651,1.000011644
24.175000000,0.034932144,-0.019152343,1.008856043
24.180000000,-0.036637448,0.017680714,1.023025406
24.185000000,0.026026068,0.056085729,0.999095858
24.190000000,-0.006365602,-0.004711456,0.994328256
24.195000000,-0.007546293,-0.026000765,1.011797224
24.200000000,0.027774297,0.008145781,0.997337821
24.205000000,0.025224122,0.034142605,1.017145970
24.210000000,0.000803781,-0.034781070,1.007105271
24.215000000,-0.061017396,-0.053872293,0.998207431
24.220000000,0.048434356,0.036816231,1.016421299
24.225000000,0.016708109,-0.030134031,0.992441095
24.230000000,-0.004934764,-0.006858965,1.019619807
24.235000000,-0.000022905,0.016838302,1.012266813
24.240000000,-0.021838110,0.000604991,0.998651730
24.245000000,0.043544370,0.005929982,1.018120593
24.250000000,0.009455064,-0.025432350,1.000875816
24.255000000,0.009799412,-0.031804320,1.000274506
24.260000000,-0.022749612,-0.047419809,1.002316846
24.265000000,-0.049031608,0.032099692,1.007442008
24.270000000,-0.011889716,0.061142539,0.998448668
24.275000000,0.019815153,-0.004793251,1.003341656
24.280000000,-0.040752837,-0.071352389,1.010752512
24.285000000,-0.013514947,0.018881667,1.001842921
24.290000000,0.044072306,0.076377800,1.007720331
24.295000000,-0.097631677,-0.019900729,1.006101216
24.300000000,0.002925221,0.002824326,1.005456406
24.305000000,0.045330721,-0.023792495,1.004148024
24.310000000,0.026069785,-0.010917707,1.010652204
24.315000000,0.060739015,-0.002694987,1.010378936
24.320000000,-0.050387903,0.008933586,1.006479012
24.325000000,0.036693217,0.047912181,1.007380130
24.330000000,0.013597417,-0.034713365,1.000403434
24.335000000,-0.025289904,-0.029997288,1.007511008
24.340000000,0.050077134,-0.016347186,1.009294951
24.345000000,-0.014090883,-0.020979704,1.007533570
24.350000000,0.006910892,-0.050666906,1.004910079
24.355000000,0.048503893,-0.036187158,1.009943139
24.360000000,0.019405775,0.079891179,1.009768173
24.365000000,0.008886816,0.016614560,0.999390391
24.370000000,-0.006646322,-0.037457231,0.996172425
24.375000000,-0.047547700,0.001318028,1.007036500
24.380000000,-0.040026364,-0.045251385,1.012128402
24.385000000,-0.007964611,0.027023087,1.000597190
24.390000000,0.055540625,0.050909305,1.006051659
24.395000000,0.067654620,-0.034909189,1.000741790
24.400000000,0.021407833,-0.002418228,1.005023001
24.405000000,0.020926354,-0.001563841,1.010674314
24.410000000,-0.016135135,0.025661288,1.012498349
24.415000000,0.026878538,-0.029514529,1.009342014
24.420000000,0.019601993,-0.060037203,0.984679046
24.425000000,-0.025892005,0.043991297,1.005154313
24.430000000,0.008714602,-0.026641870,1.018051944
24.435000000,0.029686868,-0.025699217,1.001164434
24.440000000,0.055658631,0.031863487,0.999515177
24.445000000,-0.041358290,0.014660231,1.011414586
24.450000000,-0.045498993,0.018883058,1.012503373
24.455000000,0.022757784,-0.011080747,0.992541400
24.460000000,-0.018633049,-0.016025763,1.007475941
24.465000000,0.022867326,0.024907086,1.008673089
24.470000000,0.052021658,0.013309373,1.002187258
24.475000000,0.001883165,-0.029972815,1.018430828
24.480000000,-0.046988165,-0.038966374,1.008864292
24.485000000,-0.014047094,-0.019053230,1.006482483
24.490000000,0.047345643,-0.008349322,1.006469230
24.495000000,-0.006469649,-0.048101694,1.003557183
24.500000000,-0.035372168,0.042702904,1.004724800
24.505000000,-0.004795307,-0.004186326,1.005976779
24.510000000,-0.028796195,-0.054139261,1.013890876
24.515000000,0.022535183,0.069399415,1.007273232
24.520000000,0.022679550,-0.005008342,1.004788697
24.525000000,-0.025070051,0.053746479,1.022974801
24.530000000,0.015708220,0.022747208,1.007727402
24.535000000,-0.030527933,-0.035692666,0.988562430
24.540000000,-0.010317364,0.006765611,1.005284162
24.545000000,-0.005818818,-0.029332313,1.006886167
24.550000000,-0.001134758,0.046080135,1.002990999
24.555000000,0.033517985,-0.047470297,1.010489490
24.560000000,-0.009980408,-0.002099289,1.007042835
24.565000000,0.034866693,-0.000211990,1.000143757
24.570000000,-0.007533539,-0.065202156,1.008442278
24.575000000,-0.008071125,0.078799675,1.006530320
24.580000000,-0.012534751,0.023702229,1.010566472
24.585000000,-0.002452596,0.004359775,1.012987963
24.590000000,0.014008341,-0.028602777,0.993581784
24.595000000,-0.066280783,-0.055640863,1.012054690
24.600000000,0.075432437,0.014230855,1.006497071
24.605000000,0.048506731,0.006103777,0.995835300
24.610000000,-0.001316332,0.004008155,1.018470872
24.615000000,-0.007433182,0.033183637,1.002525794
24.620000000,-0.024866831,0.004186546,0.999872330
24.625000000,0.073274888,-0.059265947,1.010486191
24.630000000,-0.043004481,0.020906540,1.009959277
24.635000000,0.027216043,0.019035282,1.002469213
24.640000000,0.014525666,-0.032955267,1.002652981
24.645000000,-0.031828590,-0.001186059,1.006749740
24.650000000,0.073872358,0.005518196,0.996669613
24.655000000,-0.040185083,0.002468692,1.014406591
24.660000000,0.018754346,-0.031302026,0.999869311
24.665000000,0.031230007,-0.011041226,0.991751994
24.670000000,-0.006719733,0.026107641,1.016368471
24.675000000,0.035350780,-0.026504992,1.004960704
24.680000000,-0.038920681,-0.069673191,1.013653133
24.685000000,0.012340498,0.012885904,1.009544996
24.690000000,0.044859737,0.015394522,1.004920848
24.695000000,-0.035766737,-0.031302835,1.012223960
24.700000000,0.004524680,0.009664071,0.991537040
24.705000000,-0.013972283,-0.008137629,1.004996791
24.710000000,-0.023399428,-0.020735229,1.011589456
24.715000000,0.101473223,0.018348588,1.008547960
24.720000000,-0.017959282,0.033058323,1.017309773
24.725000000,-0.000174432,-0.007820595,0.999908232
24.730000000,0.047119407,-0.000800727,1.003331416
24.735000000,-0.064826969,-0.045975074,1.007037450
24.740000000,0.041858802,-0.021475158,1.003940335
24.745000000,-0.020680190,0.049644273,1.005681046
24.750000000,-0.025043938,-0.036344523,1.004330638
24.755000000,0.020484945,0.062978691,1.000520312
24.760000000,-0.008796141,0.035826159,0.997145753
24.765000000,0.035558772,-0.067579643,1.017727715
24.770000000,-0.042026044,0.003259660,1.013880980
24.775000000,0.021346516,-0.015878195,0.995653803
24.780000000,0.009540770,0.032950211,1.005766093
24.785000000,-0.065437195,0.017214348,1.013701986
24.790000000,0.015423380,-0.055803711,1.011328624
24.795000000,0.053568737,0.005230149,0.997426955
24.800000000,0.003142554,0.037542949,0.996073773
24.805000000,-0.035501592,-0.057440694,1.007187693
24.810000000,0.026183198,-0.037873572,1.008262703
24.815000000,-0.018847154,0.083980099,1.007639778
24.820000000,-0.027322963,-0.025407159,1.009496788
24.825000000,0.023356138,-0.092790776,1.019059554
24.830000000,-0.013560142,0.017454875,0.999391136
24.835000000,0.017498051,0.037233908,0.993394202
24.840000000,0.034746685,0.009565938,1.017331541
24.845000000,0.006453192,-0.015299571,1.006152818
24.850000000,0.021462386,-0.003029853,1.003323370
24.855000000,0.035920127,0.006789840,1.007628259
24.860000000,-0.030000147,-0.039722674,1.008441958
24.865000000,-0.014090371,0.019832487,1.005558880
24.870000000,0.037924862,0.032466459,0.996357782
24.875000000,-0.028236838,-0.001630829,1.016274742
24.880000000,-0.006578451,0.033002330,1.001282971
24.885000000,-0.012497990,-0.037327569,1.001065453
24.890000000,-0.015708751,-0.021308166,1.019449393
24.895000000,0.080566497,0.033596443,0.990055515
24.900000000,0.014159982,0.011078550,1.012712008
24.905000000,0.007310784,0.001256940,1.014162821
24.910000000,0.022898984,0.021053191,0.995093426
24.915000000,-0.035352621,-0.016633607,1.018941651
24.920000000,0.044133230,-0.060399103,1.003481382
24.925000000,0.012361033,0.022342921,1.003259205
24.930000000,0.004170440,-0.009789365,1.010326504
24.935000000,0.013149807,0.015697300,1.002783038
24.940000000,-0.025743767,0.020799409,1.004531800
24.945000000,0.049261491,-0.033955357,1.005477385
24.950000000,-0.014774138,-0.005365825,1.013928420
24.955000000,-0.019263944,-0.040453412,1.002136529
24.960000000,-0.017842549,-0.002130977,1.008913475
24.965000000,-0.041203625,-0.047136228,1.012537672
24.970000000,0.049100655,0.008438995,1.001468871
24.975000000,-0.015838999,0.050196972,1.006589304
24.980000000,-0.018951329,-0.026834956,1.000289340
24.985000000,0.009429211,-0.016423610,1.005545223
24.990000000,0.006973379,-0.040989227,1.004092119
24.995000000,0.043951023,0.043835315,1.006287231
25.000000000,0.005071758,-0.008627561,1.015180966
25.005000000,0.003434811,-0.025595343,0.995241214
25.010000000,-0.024636314,-0.007205831,0.996493841
25.015000000,-0.004129488,-0.041222218,1.004688102
25.020000000,0.019576607,0.070601736,1.006944411
25.025000000,-0.029768949,0.011917309,1.014058176
25.030000000,0.029364529,-0.040446206,0.997734350
25.035000000,0.042001551,-0.005851412,0.995302918
25.040000000,-0.004851556,0.030091436,1.013519953
25.045000000,-0.032302065,-0.011098888,1.005796437
25.050000000,-0.023711397,-0.059616641,1.003586610
25.055000000,-0.002138923,0.000909267,1.012805973
25.060000000,-0.009318154,0.016968571,1.003125674
25.065000000,0.019662583,0.017223600,1.006557129
25.070000000,-0.032229376,-0.017814371,1.006372518
25.075000000,-0.009775342,-0.007971507,1.001809893
25.080000000,0.047165038,0.014632200,1.013980332
25.085000000,0.005635001,0.021491657,1.001624309
25.090000000,0.025118253,0.013818441,1.002484246
25.095000000,-0.016296695,0.013047988,1.010251367
25.100000000,0.041842598,-0.008342653,1.001671481
25.105000000,0.047485911,-0.007448529,1.009459133
25.110000000,-0.063942074,0.045526850,1.004407401
25.115000000,0.015737591,0.005423145,1.001092075
25.120000000,0.018114961,0.013967386,1.007910301
25.125000000,-0.003289820,-0.062968995,1.006176101
25.130000000,0.047112614,-0.025259013,1.014252151
25.135000000,0.052937831,0.049349246,1.015933751
25.140000000,0.026902684,-0.049639337,1.004486612
25.145000000,0.009723403,0.003266739,1.010828103
25.150000000,0.011243748,-0.006854573,1.005004257
25.155000000,-0.030759556,-0.014978346,0.998628312
25.160000000,0.014733501,0.006806609,1.013191243
25.165000000,0.031729687,-0.043374625,1.000936285
25.170000000,-0.071506515,-0.026395184,0.999108083
25.175000000,-0.033474338,0.044418003,1.005565134
25.180000000,0.050718458,0.002005313,0.998611378
25.185000000,0.018358822,-0.067952123,1.014693684
25.190000000,0.000803327,0.028740521,1.005207272
25.195000000,-0.015256629,0.024211843,0.996963070
25.200000000,-0.031938372,-0.026671707,0.999577778
25.205000000,-0.018075029,-0.027036476,1.001272654
25.210000000,-0.012185795,0.025704600,1.016908865
25.215000000,-0.003637123,0.010434659,1.012025371
25.220000000,-0.015912876,-0.059480458,1.011224256
25.225000000,0.031736623,0.002708180,1.006610710
25.230000000,0.010479202,-0.019924013,1.012032473
25.235000000,0.018804953,-0.011330462,1.004086709
25.240000000,0.035807138,0.006211119,0.995600849
25.245000000,-0.072914361,0.019421691,1.013721892
25.250000000,-0.004911470,0.032519791,0.996211371
25.255000000,0.023252323,-0.003117970,1.001217642
25.260000000,-0.000941677,0.012780493,1.009951980
25.265000000,0.031752380,-0.019801022,1.012823405
25.270000000,0.051448408,0.002345906,1.015143284
25.275000000,-0.019764541,0.040103612,0.992827521
25.280000000,-0.042198536,-0.014641543,1.013883997
25.285000000,0.112319617,-0.027768173,1.012317151
25.290000000,-0.047900072,0.018068483,1.006893197
25.295000000,-0.019464532,-0.011762294,1.010681444
25.300000000,0.079227798,0.011186348,0.997304964
25.305000000,-0.084524476,0.026906730,1.004229195
25.310000000,0.037525210,-0.032503906,1.010712811
25.315000000,0.034421063,-0.021534775,1.006972254
25.320000000,0.001246416,-0.035367728,0.995956719
25.325000000,-0.006649487,0.025361186,1.011348187
25.330000000,-0.036080166,0.030678782,1.012033649
25.335000000,0.020060811,-0.010854855,1.008190331
25.340000000,-0.041226724,-0.031825893,1.006544485
25.345000000,0.031985732,-0.038453720,0.993806917
25.350000000,0.039094647,0.025582465,1.014185217
25.355000000,0.015584789,-0.007779259,1.003738138
25.360000000,0.003022117,0.022267679,1.001240810
25.365000000,-0.060702650,0.037938625,1.004919006
25.370000000,0.059109525,-0.006368513,1.010141379
25.375000000,0.019776115,-0.052592798,1.009018647
25.380000000,-0.014608967,-0.009732852,0.993277007
25.385000000,0.057425101,0.010567556,1.015223353
25.390000000,-0.022796047,-0.057096832,1.004433873
25.395000000,-0.017250984,0.015776519,1.005718205
25.400000000,0.004811220,-0.017511371,1.009841517
25.405000000,0.005464012,0.005208364,0.997543031
25.410000000,0.016430337,0.017069677,1.008342670
25.415000000,-0.004706392,0.002787688,0.998280036
25.420000000,-0.001831721,0.034294252,0.997346146
25.425000000,-0.024030981,-0.029777648,1.006180918
25.430000000,0.011276564,0.013894295,1.017027528
25.435000000,-0.016510229,-0.004176451,0.999877933
25.440000000,-0.008596375,-0.010477738,0.994658132
25.445000000,0.063483439,-0.042553171,1.015505358
25.450000000,0.004656483,-0.043285344,0.998253269
25.455000000,0.020385739,-0.007195016,0.999079863
25.460000000,-0.024203975,-0.024373736,1.009095239
25.465000000,-0.057250649,0.034226469,1.005543034
25.470000000,0.007110770,0.011918990,1.003938585
25.475000000,0.002594948,0.017929284,1.009906578
25.480000000,0.006717747,-0.037709052,1.010104944
25.485000000,-0.007621910,-0.027446623,1.004295609
25.490000000,0.004709636,0.013394905,1.012479895
25.495000000,0.007091678,-0.012154751,1.009426449
25.500000000,0.010681194,0.078144454,1.003972863
25.505000000,0.017392213,0.001228568,1.005814622
25.510000000,0.022985997,-0.044941066,1.010465505
25.515000000,0.019809492,0.002601763,1.014361579
25.520000000,0.005097322,0.004105870,1.002412981
25.525000000,0.051829869,0.040560324,0.999247144
25.530000000,-0.039008271,-0.014606759,1.012147521
25.535000000,-0.039313117,-0.035706519,1.004326008
25.540000000,0.064893251,0.019857542,1.009817859
25.545000000,0.004162724,0.016064124,1.015981845
25.550000000,-0.007723173,0.037837229,0.990832944
25.555000000,-0.025602085,-0.003809332,1.014296323
25.560000000,-0.023768215,-0.037491741,1.008692016
25.565000000,0.046060672,0.012799945,1.000215863
25.570000000,0.016622104,-0.036605748,1.021899847
25.575000000,0.016486288,0.001029503,0.998240131
25.580000000,0.008397341,-0.030545659,1.001026996
25.585000000,-0.057024301,-0.026117563,1.007656177
25.590000000,-0.005152966,0.055856491,1.001486510
25.595000000,0.022330042,-0.018478826,1.008175080
25.600000000,0.024586797,-0.008661049,1.009685563
25.605000000,0.032071511,-0.024211850,1.009954611
25.610000000,-0.000644238,-0.000775538,1.002433920
25.615000000,0.005092408,-0.020712338,0.999923511
25.620000000,-0.017374422,-0.003738044,1.001180097
25.625000000,0.008192049,0.026361008,1.011739144
25.630000000,0.012578362,-0.019100960,1.008806244
25.635000000,0.013996794,0.040022524,1.007487436
25.640000000,0.014457122,-0.056292639,1.009147616
25.645000000,0.008833801,-0.028052369,0.998898802
25.650000000,0.065214030,0.014890434,0.989873047
25.655000000,-0.023360352,-0.015417825,0.997836730
25.660000000,-0.027015866,-0.006523776,1.019196632
25.665000000,0.005747745,-0.008630144,1.009838808
25.670000000,-0.013296163,0.064228900,1.009353875
25.675000000,0.033150246,-0.043328078,1.001351460
25.680000000,0.017052144,0.006222419,0.999122906
25.685000000,0.021539437,0.051635905,1.023142740
25.690000000,-0.031560199,-0.022671867,1.006922836
25.695000000,-0.016311152,0.005828073,1.008054286
25.700000000,0.010069946,-0.053307777,1.004532350
25.705000000,-0.042193076,-0.025762083,0.997767217
25.710000000,0.033781028,-0.001663704,1.005973738
25.715000000,-0.005558215,0.008250228,1.010252185
25.720000000,-0.066115293,0.009635823,1.006886258
25.725000000,0.044383189,-0.014372217,0.986899090
25.730000000,0.001581190,0.044562952,1.004318861
25.735000000,-0.026781040,0.017414776,1.009090313
25.740000000,0.052056473,-0.054514285,0.997167260
25.745000000,-0.048330329,0.009801682,1.011692681
25.750000000,-0.028971862,0.068537583,1.002340848
25.755000000,-0.019055939,-0.014530964,1.000061289
25.760000000,-0.023439018,-0.043141977,1.012150067
25.765000000,0.069539906,0.002100502,1.011046828
25.770000000,-0.015869225,0.014330267,1.013603641
25.775000000,0.046160811,-0.072620394,1.003291713
25.780000000,0.017447285,-0.062347063,1.001215453
25.785000000,-0.019933741,0.069863867,1.011640057
25.790000000,0.045620379,-0.005433011,1.004908024
25.795000000,-0.035800840,-0.042989124,1.016164674
25.800000000,0.042971835,0.046287508,1.003518817
25.805000000,-0.014460110,-0.034851466,0.990285487
25.810000000,-0.001249617,-0.017262352,1.019222453
25.815000000,0.061002931,0.069793420,1.001596728
25.820000000,-0.029601400,-0.051583315,1.002830051
25.825000000,0.039952245,0.003041586,1.017420410
25.830000000,0.006598472,0.049853334,0.998749526
25.835000000,-0.021795877,-0.020608276,1.006134577
25.840000000,-0.027267822,0.016842108,1.002508572
25.845000000,0.009813804,-0.037285302,1.010110002
25.850000000,0.052891228,0.020929757,1.015486033
25.855000000,0.003644629,0.019975515,0.999626621
25.860000000,0.065398607,-0.020985957,1.003229458
25.865000000,0.035058280,0.012013142,1.006896134
25.870000000,0.007800473,-0.035650509,1.014377913
25.875000000,-0.013142207,0.012046262,0.995148424
25.880000000,-0.044814879,-0.029950510,0.993223461
25.885000000,-0.009465302,-0.024974946,1.024253558
25.890000000,-0.007279480,0.022447036,1.007093976
25.895000000,0.024916104,-0.037485959,1.004017982
25.900000000,0.035666079,-0.013235986,1.004872848
25.905000000,0.025580288,0.010752211,1.003583425
25.910000000,-0.043046089,0.017515894,1.012604203
25.915000000,-0.028253858,-0.007719464,0.997930603
25.920000000,-0.005577150,0.000373275,1.008273833
25.925000000,-0.011209695,0.022336095,1.012627084
25.930000000,0.015921447,-0.031363766,1.000498754
25.935000000,-0.034592111,-0.027490008,1.001997907
25.940000000,0.057798722,0.023888562,1.002087890
25.945000000,0.001495308,0.057429270,1.005058671
25.950000000,-0.040304593,0.002254245,1.004928810
25.955000000,0.040263218,-0.046392316,1.020429776
25.960000000,-0.004259836,-0.006231443,1.011471228
25.965000000,0.028365581,-0.023045984,0.995651055
25.970000000,-0.032883616,-0.006282213,1.010719623
25.975000000,0.004300168,-0.006368401,1.009599446
25.980000000,0.025877619,-0.037483039,1.002933973
25.985000000,0.004855126,0.027081054,1.002031046
25.990000000,0.008607531,0.026735863,1.004212592
25.995000000,-0.051835451,0.037909324,1.011872808
26.000000000,0.046104392,-0.004169445,1.005734806
26.005000000,-0.007639446,-0.017256050,0.999936420
26.010000000,0.039230548,0.057564328,1.010623271
26.015000000,0.058686541,-0.019437945,1.010945643
26.020000000,-0.076516344,-0.034771227,1.005127955
26.025000000,-0.024428483,-0.047451656,1.013130949
26.030000000,-0.007178082,-0.042400036,1.008777780
26.035000000,0.029478723,0.010033336,1.001010923
26.040000000,0.002389457,-0.018121900,1.007568578
26.045000000,0.014109609,0.020365096,1.005201778
26.050000000,-0.025752667,0.018454611,0.998566905
26.055000000,-0.034975782,-0.025190760,1.001716277
26.060000000,0.071586222,-0.021051089,1.008725196
26.065000000,-0.020634252,-0.004968436,1.009611050
26.070000000,-0.014303563,-0.010857910,1.007063346
26.075000000,-0.028047192,0.015483734,1.001258742
26.080000000,-0.005384264,0.002613335,1.006275732
26.085000000,0.063237561,-0.017615613,1.001240684
26.090000000,0.011433767,0.011088810,1.002979972
26.095000000,0.017718579,-0.035044705,1.014573911
26.100000000,0.004072004,0.030663737,1.002205558
26.105000000,0.021555650,0.023515011,1.001533705
26.110000000,-0.005120424,-0.050934436,0.999929520
26.115000000,-0.013869638,0.013766914,1.011043879
26.120000000,0.041596129,-0.007916672,1.011222401
26.125000000,0.029354777,0.010761747,0.989108685
26.130000000,-0.001178957,0.036341327,1.008352312
26.135000000,-0.035137814,-0.018140410,1.013893169
26.140000000,0.001733342,0.017717449,1.009465634
26.145000000,0.073577478,0.042441308,1.002999904
26.150000000,0.019544805,-0.065621741,0.998329231
26.155000000,-0.031519779,-0.069318739,1.002885250
26.160000000,0.026021663,0.027857341,0.998750947
26.165000000,0.007628277,0.017489307,1.018738007
26.170000000,-0.009661545,0.010279840,1.004917835
26.175000000,-0.007083571,0.005182293,1.005620418
26.180000000,-0.021748126,-0.017045743,1.024405245
26.185000000,-0.023051399,0.003355260,1.004559374
26.190000000,-0.025618602,0.003848769,1.007216704
26.195000000,0.029597681,-0.054394166,0.999604422
26.200000000,0.049217367,-0.039513871,1.002335537
26.205000000,0.031766581,0.068294539,1.004279066
26.210000000,-0.070533251,0.042853095,1.009092843
26.215000000,-0.031062544,-0.035216772,1.011896923
26.220000000,0.050315631,-0.011375705,1.001106425
26.225000000,-0.019140928,0.014436924,1.018227775
26.230000000,0.054895796,0.048399889,1.001698944
26.235000000,0.007096873,0.032340203,0.999522807
26.240000000,-0.036607499,-0.054078568,1.007366318
26.245000000,0.032064985,-0.028839670,1.002330467
26.250000000,0.026181101,0.001717163,1.014657102
26.255000000,0.004430130,-0.006265381,1.000951220
26.260000000,-0.020013661,0.002700491,1.008574553
26.265000000,0.026368790,0.016193009,1.016636667
26.270000000,-0.015434987,-0.003297224,1.001738218
26.275000000,-0.000225626,-0.066693450,1.009545066
26.280000000,0.017112980,0.028074703,1.006175332
26.285000000,-0.047866751,0.034087940,1.004461998
26.290000000,0.012920295,-0.046787707,1.012898458
26.295000000,0.060478474,-0.010876636,0.996965212
26.300000000,0.025808732,-0.021495421,1.004501910
26.305000000,-0.047896387,-0.012035090,1.014394945
26.310000000,0.010781384,-0.029635987,0.999851272
26.315000000,0.057542629,0.002103827,1.014020237
26.320000000,-0.038780407,0.016515341,0.999128616
26.325000000,-0.052003372,-0.010966184,0.992224534
26.330000000,-0.029496734,0.018192424,1.013520213
26.335000000,-0.007814098,0.000347591,1.000111177
26.340000000,0.046524989,-0.007083914,1.008767955
26.345000000,0.048428826,-0.062599286,1.010899246
26.350000000,-0.030647431,-0.029493202,1.002688781
26.355000000,-0.035917712,0.008340410,1.003874131
26.360000000,0.003556871,-0.010848977,1.004338408
26.365000000,0.006444970,0.041397471,1.004685250
26.370000000,0.036301325,0.016707388,1.000914178
26.375000000,0.025724463,-0.034449428,1.012109542
26.380000000,0.007072313,-0.018669288,1.006697679
26.385000000,0.007434297,0.039852027,1.005655955
26.390000000,0.005111682,-0.018146389,1.012256792
26.395000000,-0.004138881,0.009747793,1.010463402
26.400000000,-0.045016120,0.042581385,1.002883661
26.405000000,0.009154227,-0.051917924,0.997666710
26.410000000,0.039894867,0.018597644,1.007005894
26.415000000,-0.025811148,0.002531908,0.996870571
26.420000000,0.039657506,-0.017267152,0.999673100
26.425000000,0.023967142,0.011786399,1.015726961
26.430000000,-0.037761324,0.033794965,1.012651853
26.435000000,0.035457433,0.030739348,1.003294349
26.440000000,0.045125415,-0.056666945,1.003795787
26.445000000,0.043813102,0.014316853,1.006950308
26.450000000,0.006276778,-0.015638131,1.000783499
26.455000000,0.002744523,-0.043603204,1.005667013
26.460000000,-0.019221766,0.030642931,1.005885203
26.465000000,-0.035271314,-0.014860318,1.004022949
26.470000000,0.064943647,-0.010063302,1.008651377
26.475000000,-0.012742533,0.044778706,1.014024568
26.480000000,0.009838531,0.024249733,1.006760686
26.485000000,0.023469521,-0.058535122,1.003931212
26.490000000,-0.041502556,-0.006237715,1.014546190
26.495000000,0.019868315,0.012417270,1.001240205
26.500000000,-0.020619773,-0.028400699,1.008760879
26.505000000,0.036214555,0.022127644,1.014288826
26.510000000,-0.022226756,0.019872648,0.998498390
26.515000000,-0.050001117,-0.021280147,1.003473771
26.520000000,0.059233510,-0.034671793,1.001928494
26.525000000,-0.061348587,0.028252400,1.013770851
26.530000000,-0.004866236,0.003054253,1.010427460
26.535000000,0.056305040,0.001597049,1.012507540
26.540000000,-0.037220669,0.002749494,1.017919356
26.545000000,0.002215205,-0.046288876,0.995078311
26.550000000,0.020758567,0.046943989,0.998532011
26.555000000,-0.011824401,0.000799342,1.004046117
26.560000000,0.001245205,-0.028417754,1.003749992
26.565000000,-0.019942889,0.034594086,1.010671402
26.570000000,-0.019078875,0.005547116,1.013728852
26.575000000,0.049994469,-0.061803029,0.996621050
26.580000000,0.011628025,-0.046845025,1.001853079
26.585000000,0.029621769,0.046149322,1.022430893
26.590000000,0.026441029,-0.004728952,0.998630151
26.595000000,-0.050027637,-0.012645375,1.003976169
26.600000000,-0.027551765,-0.001644855,1.008109335
26.605000000,0.018725401,0.022216004,1.003368917
26.610000000,0.083445166,-0.014680428,1.008391438
26.615000000,-0.034893527,-0.109388753,0.998980476
26.620000000,-0.038926697,0.031637343,1.003553420
26.625000000,0.065955200,0.037094227,0.998095022
26.630000000,-0.015452227,-0.000294123,1.006692886
26.635000000,-0.014953401,0.026108183,1.012715184
26.640000000,-0.018781039,-0.052516150,0.997521482
26.645000000,0.021800149,-0.029687121,1.004158943
26.650000000,0.017071960,0.040902560,1.011574057
26.655000000,-0.008665306,-0.015312721,1.007207309
26.660000000,-0.004754616,-0.059062306,1.002736044
26.665000000,-0.037920403,0.032306052,1.014601950
26.670000000,0.051469498,0.005403806,1.003789487
26.675000000,0.009381565,0.001760386,0.998572300
26.680000000,0.015637682,0.035437041,1.010535770
26.685000000,0.048803723,-0.021232320,0.998604120
26.690000000,0.011845906,-0.013232816,1.011552718
26.695000000,0.030868966,-0.009676735,1.012535492
26.700000000,-0.029606035,0.000722051,1.001560911
26.705000000,0.020660941,-0.024247664,1.007888759
26.710000000,0.005098723,0.029169993,0.998747598
26.715000000,-0.031156174,0.023610641,1.012112595
26.720000000,0.030584055,-0.042453253,1.019933457
26.725000000,0.000377870,0.029920081,0.991738459
26.730000000,-0.006670346,-0.027210211,0.995104701
26.735000000,0.000174401,-0.049002575,1.010029172
26.740000000,0.013548317,-0.017482976,1.010442723
26.745000000,-0.003094860,0.002003719,1.015697982
26.750000000,-0.018864116,0.045077298,0.997938798
26.755000000,0.003285288,-0.015619040,0.997545850
26.760000000,0.035501060,0.026554959,1.017715345
26.765000000,0.021735128,0.043920872,1.004590596
26.770000000,-0.024131050,-0.070840299,1.006302422
26.775000000,0.034710592,-0.004976623,1.016270357
26.780000000,0.010173634,0.063214785,0.998143609
26.785000000,-0.018016978,-0.004247621,1.011556494
26.790000000,0.031037903,0.012848016,1.011478800
26.795000000,-0.045555727,-0.014826290,1.003265499
26.800000000,-0.003919159,-0.027328775,1.007868188
26.805000000,0.073912966,0.023941921,0.995493121
26.810000000,-0.065459836,-0.005615874,1.007053964
26.815000000,-0.070171035,0.005824956,0.998674461
26.820000000,0.084344479,-0.017059355,1.000735557
26.825000000,0.041142984,-0.031728849,1.012789214
26.830000000,-0.039535213,0.026425064,1.005604030
26.835000000,-0.008816939,0.006374428,1.019965149
26.840000000,-0.005841648,-0.007780502,1.001378374
26.845000000,0.029555858,0.011999704,0.997696965
26.850000000,0.017541455,-0.023952260,1.004149572
26.855000000,-0.018889033,-0.008696354,1.004000263
26.860000000,0.048126630,-0.013364285,0.999305177
26.865000000,0.004631058,-0.026201254,1.000188377
26.870000000,-0.051989999,0.037209468,1.021198536
26.875000000,-0.039962527,-0.021099449,1.004299043
26.880000000,-0.013728185,-0.006526681,1.002909353
26.885000000,0.020353226,0.008251441,1.001362035
26.890000000,0.008927139,-0.018384726,1.000821588
26.895000000,0.028673042,0.036131729,1.020931194
26.900000000,-0.011170727,-0.027113362,1.007554720
26.905000000,0.022902235,0.003203961,1.000937913
26.910000000,0.006882095,-0.023025676,1.001882099
26.915000000,-0.029921327,-0.038981475,1.006093723
26.920000000,0.061918538,0.029846543,1.006988994
26.925000000,-0.052891779,-0.045398159,1.008510408
26.930000000,-0.008209300,-0.010776070,1.013871999
26.935000000,0.044275022,0.034879702,1.012178287
26.940000000,-0.041955950,0.011936634,1.010366814
26.945000000,0.015955981,-0.055622426,0.995668887
26.950000000,0.004117624,-0.018461787,0.996918190
26.955000000,0.065427813,0.013036853,1.010399063
26.960000000,0.035168779,-0.054222539,1.004232144
26.965000000,-0.061322857,0.043660582,1.004757886
26.970000000,-0.003639839,-0.012413131,1.015712739
26.975000000,0.036077934,-0.001076130,1.005841021
26.980000000,0.003062718,0.063921660,1.006775697
26.985000000,0.010683850,-0.065574253,1.002028270
26.990000000,0.056869331,-0.019750277,0.992070901
26.995000000,-0.007518336,0.044848484,1.007688164
27.000000000,0.004203042,0.022633295,1.013587174
27.005000000,0.013155493,0.012119246,1.007555819
27.010000000,0.008658834,-0.011630954,1.004125867
27.015000000,0.010214137,-0.044818978,1.019364145
27.020000000,-0.038459683,-0.017214494,0.994670305
27.025000000,0.047105174,0.011414027,1.002811521
27.030000000,0.029074271,-0.004080142,1.019356395
27.035000000,-0.004354472,0.023348883,0.979581702
27.040000000,0.017849352,-0.013582704,1.010985354
27.045000000,-0.000104059,0.005458715,1.012023327
27.050000000,0.010158666,0.013496792,1.005896781
27.055000000,-0.004428945,-0.003042922,1.021903831
27.060000000,-0.011350862,0.034005057,1.000229605
27.065000000,-0.021868661,-0.021031280,1.003749262
27.070000000,0.042629020,-0.007781755,1.014008406
27.075000000,-0.018553457,0.005798105,1.018290536
27.080000000,-0.062934010,-0.002378062,0.992390443
27.085000000,0.061723973,-0.025033796,0.991605683
27.090000000,-0.020372745,-0.029922586,1.011410727
27.095000000,-0.046296943,0.060767021,1.012388105
27.100000000,-0.008573432,-0.008735753,1.007027016
27.105000000,0.010844149,-0.051497186,0.997735345
27.110000000,0.052196167,-0.020613910,1.013699417
27.115000000,-0.048373524,0.017280047,1.000274018
27.120000000,0.015561246,0.066065850,0.999174304
27.125000000,0.036239566,-0.049564002,1.008459182
27.130000000,-0.050129576,-0.036370011,1.002795086
27.135000000,-0.000386754,0.047298592,1.014208721
27.140000000,-0.013996088,-0.021349233,1.011215376
27.145000000,0.018210641,-0.026110028,0.996591023
27.150000000,0.006695954,0.009017872,0.999471548
27.155000000,-0.019281133,-0.040114983,1.003533743
27.160000000,0.037344472,-0.061169225,0.997354860
27.165000000,0.018576823,0.039358973,1.011844404
27.170000000,0.000450410,0.032203294,1.009113829
27.175000000,0.010761285,-0.039926034,1.011566539
27.180000000,0.029670202,0.025388722,1.005190751
27.185000000,-0.053418539,0.032959009,1.000421428
27.190000000,0.003854538,-0.017783183,1.011903982
27.195000000,0.061559811,-0.005658397,0.997899676
27.200000000,-0.018313583,0.014758355,1.013740263
27.205000000,0.034684450,-0.003183518,1.001841406
27.210000000,-0.013588840,0.011692697,1.010594019
27.215000000,0.013742311,0.012989589,1.022928188
27.220000000,0.006093645,-0.038853371,0.995320954
27.225000000,-0.044767235,-0.011878619,1.017171360
27.230000000,0.042060524,-0.000523548,1.009362369
27.235000000,-0.016656278,0.040524430,0.996484399
27.240000000,0.038384630,0.008719426,1.003165407
27.245000000,0.052166457,-0.102412911,0.999605367
27.250000000,-0.037366544,-0.001267744,1.002306631
27.255000000,0.013538279,0.015556579,1.014238237
27.260000000,0.008953470,0.008078498,1.011060502
27.265000000,0.021241147,0.007708914,1.000752764
27.270000000,0.043946716,-0.021321206,1.012998711
27.275000000,-0.030863780,0.023965660,1.007860595
27.280000000,0.023437482,-0.057457090,1.002676611
27.285000000,0.045299954,0.024039714,0.991997601
27.290000000,-0.060453308,0.015942528,1.006500059
27.295000000,0.028356641,-0.045488465,1.018383379
27.300000000,-0.010396224,0.045235634,1.007379139
27.305000000,-0.046592606,-0.018705149,1.008125251
27.310000000,0.055511137,0.028305557,0.998872687
27.315000000,-0.038210738,-0.026865386,1.010893006
27.320000000,-0.043552822,-0.018077825,0.992921624
27.325000000,0.010755688,0.056903148,0.993526724
27.330000000,0.020067099,-0.049071551,1.013514274
27.335000000,0.000496547,0.015446278,1.005080838
27.340000000,0.011411741,-0.014318941,1.015450495
27.345000000,0.051279263,-0.015547891,1.002401664
27.350000000,-0.006357935,0.043178397,1.007245882
27.355000000,-0.006246124,-0.012938792,1.012494516
27.360000000,0.005158268,-0.020552046,0.995998103
27.365000000,-0.035080326,-0.023891587,1.003424933
27.370000000,0.006111099,0.001353382,1.012247742
27.375000000,0.055371246,-0.023556031,1.004664274
27.380000000,-0.032656147,-0.023812390,1.004077535
27.385000000,-0.019561390,0.017866846,1.008226431
27.390000000,0.021647058,0.010357252,0.994082200
27.395000000,-0.005587150,-0.007418147,1.004139188
27.400000000,0.028302866,0.008885350,1.010950672
27.405000000,-0.029775494,0.042873035,1.006159606
27.410000000,0.002313992,0.033227859,1.010311504
27.415000000,0.031095910,-0.008909011,1.014202961
27.420000000,-0.005895261,-0.075512588,1.020237139
27.425000000,-0.020156312,-0.024532093,1.002550612
27.430000000,-0.004109698,0.004361405,1.005059228
27.435000000,0.028043697,-0.026222438,1.016719964
27.440000000,-0.017347273,0.034221333,0.996314942
27.445000000,0.050658311,0.024535968,0.998639103
27.450000000,-0.012154227,-0.040833959,1.013670567
27.455000000,-0.009046907,-0.006752224,1.005440667
27.460000000,0.050572496,0.014183151,0.996100383
27.465000000,-0.053027693,-0.048148559,1.009216844
27.470000000,0.024779731,-0.028914863,1.012997707
27.475000000,-0.004809353,0.012537403,0.997306294
27.480000000,-0.024960001,0.037159395,0.999642593
27.485000000,0.039348835,-0.010691202,1.013071708
27.490000000,0.040600266,-0.013663953,1.017334350
27.495000000,0.027274460,0.050172702,1.006493251
27.500000000,-0.009974092,-0.061163946,0.995026929
27.505000000,0.034805776,-0.014286221,1.008409927
27.510000000,0.022169161,0.050177861,1.008751069
27.515000000,-0.004797636,-0.014961621,1.001492903
27.520000000,-0.017985005,-0.026879746,0.999014350
27.525000000,0.020169868,-0.008003923,1.003312451
27.530000000,0.007542816,0.046743515,1.010852452
27.535000000,-0.039318159,-0.011295394,0.993501852
27.540000000,0.035443426,0.007583177,0.997855882
27.545000000,-0.010155103,0.007984944,1.014944385
27.550000000,-0.051178142,-0.012992264,1.012914717
27.555000000,-0.012375795,0.003428441,1.000617197
27.560000000,0.038580951,-0.042214761,1.000051522
27.565000000,0.034534725,0.047429207,1.013839390
27.570000000,-0.011663105,0.021291868,1.007069724
27.575000000,-0.013409832,-0.023099839,1.005424025
27.580000000,-0.044180806,-0.023392384,1.010694560
27.585000000,0.031537106,-0.022211843,1.014284968
27.590000000,0.039147013,0.034067877,1.002414016
27.595000000,-0.032779763,-0.043048852,1.006644534
27.600000000,0.004833247,-0.005801175,1.007625796
27.605000000,-0.004666059,-0.017849520,0.993725374
27.610000000,-0.011546266,-0.030091294,1.012665694
27.615000000,0.019554665,0.047197451,1.009139037
27.620000000,0.016579296,-0.014837310,1.011301535
27.625000000,0.004266859,0.061907226,1.010348329
27.630000000,0.029096814,-0.003771459,0.993427799
27.635000000,0.056368042,-0.102225074,1.006466968
27.640000000,-0.009135658,0.036292549,1.010745918
27.645000000,-0.039406633,0.005418830,1.012102541
27.650000000,0.028105695,-0.023763934,1.001094209
27.655000000,-0.011567972,-0.015959905,1.002196470
27.660000000,-0.014055597,-0.020589999,1.001689455
27.665000000,0.047798057,0.021155887,0.994149665
27.670000000,-0.012518810,0.004618539,1.020315405
27.675000000,0.007932449,0.028643896,1.011237649
27.680000000,0.024526319,0.002117390,0.990857215
27.685000000,-0.014556094,-0.005404208,1.007369485
27.690000000,0.003959252,-0.003942649,1.015558506
27.695000000,0.004013650,-0.025394658,0.999462594
27.700000000,0.000741468,0.032933724,1.011051477
27.705000000,-0.043313122,-0.013714276,1.013849312
27.710000000,-0.033211647,-0.028950506,0.998023242
27.715000000,0.039133867,0.008056946,1.014664734
27.720000000,0.032337177,0.009227748,0.999707269
27.725000000,-0.027621520,0.007692902,1.004300968
27.730000000,-0.007951621,-0.043198762,1.011436531
27.735000000,0.040958548,-0.010426265,1.004954442
27.740000000,-0.019849488,0.012031800,1.021302204
27.745000000,-0.009680205,-0.057018599,1.000231458
27.750000000,0.026705809,0.000601998,1.002641621
27.755000000,0.017458944,0.077945236,1.010094788
27.760000000,0.002251078,-0.031538450,1.004006844
27.765000000,-0.027775354,-0.048058791,1.008119825
27.770000000,0.002094613,0.013801471,1.001182320
27.775000000,-0.005846446,-0.001790108,1.010567864
27.780000000,0.028900867,0.012226139,1.001087766
27.785000000,0.039787092,-0.023654285,1.007306209
27.790000000,-0.023524455,-0.003191623,1.006363872
27.795000000,-0.001760784,-0.004899920,0.985561387
27.800000000,-0.000628956,-0.020187465,1.004891168
27.805000000,0.026212119,0.027465672,1.009278841
27.810000000,0.026239558,0.004018579,1.011692965
27.815000000,-0.005337961,-0.011037913,1.002889593
27.820000000,0.000186786,-0.008257864,0.997122239
27.825000000,0.014633323,0.037790581,1.008791305
27.830000000,0.042709366,-0.013149093,1.004242792
27.835000000,-0.023808214,-0.029466802,1.011807196
27.840000000,-0.006530801,0.024309381,1.003986958
27.845000000,0.029232362,-0.036052367,1.004799130
27.850000000,-0.033796924,0.012531672,1.012998173
27.855000000,-0.032466112,0.021251112,1.005259085
27.860000000,0.009900182,0.021879887,1.010481177
27.865000000,0.043603870,0.038049714,0.998816027
27.870000000,0.016781552,-0.065412847,1.003134618
27.875000000,0.005557771,-0.039383030,1.017838116
27.880000000,-0.001844992,0.050367506,0.998730365
27.885000000,0.016971692,-0.020106580,0.994706937
27.890000000,0.036295511,-0.081033379,1.014169980
27.895000000,-0.008096868,0.042253315,1.015204848
27.900000000,0.008151827,0.041529083,1.003043389
27.905000000,0.004574674,-0.057363116,1.008122506
27.910000000,0.005153379,-0.026948415,1.015716322
27.915000000,-0.029837497,0.019541220,0.998515568
27.920000000,-0.020696952,0.004691742,0.995978476
27.925000000,0.031674078,0.002949634,1.004154735
27.930000000,-0.023975889,0.028081157,1.014260431
27.935000000,-0.000572511,-0.044208637,1.014407467
27.940000000,-0.005563030,0.002252682,1.008411681
27.945000000,0.005480047,0.021007137,1.013911418
27.950000000,0.006734749,-0.033931583,1.000834286
27.955000000,0.006352998,0.011534326,1.006345881
27.960000000,0.068883195,0.002451157,1.008071689
27.965000000,-0.003911692,0.043399686,1.003326207
27.970000000,-0.028423414,-0.001476283,1.005382466
27.975000000,-0.005736833,-0.005643664,0.995175625
27.980000000,0.019655175,0.038267383,1.018285333
27.985000000,-0.018867689,-0.043994437,1.009201839
27.990000000,-0.022230869,-0.002868761,0.993408557
27.995000000,0.046155679,0.019904630,1.010293315
28.000000000,-0.028196040,0.010135893,1.000414200
28.005000000,0.017963446,-0.004995612,0.999053504
28.010000000,0.006574829,-0.051288840,1.007259436
28.015000000,-0.008180269,-0.020401167,0.998855451
28.020000000,0.070975562,0.007422389,1.000142049
28.025000000,0.000353437,-0.020669117,1.010755269
28.030000000,-0.022324857,-0.017800168,1.007624359
28.035000000,-0.057552868,-0.005551960,1.009537613
28.040000000,-0.022665437,-0.021392502,1.006824551
28.045000000,0.009042478,0.019559142,1.002969267
28.050000000,-0.019198994,0.007686261,1.003792442
28.055000000,0.040160108,0.016309183,1.004442716
28.060000000,-0.000679281,-0.017032191,1.009045594
28.065000000,-0.019110834,-0.058020204,0.999135180
28.070000000,0.017345869,0.052575483,1.012044571
28.075000000,-0.002018447,0.000698863,1.008084490
28.080000000,-0.012957933,-0.039307110,1.004727582
28.085000000,0.006562763,-0.004668275,1.006369049
28.090000000,0.005607990,-0.025459989,1.001326084
28.095000000,0.033624230,0.011523652,1.013342274
28.100000000,0.027438595,-0.018859657,1.004263237
28.105000000,-0.049846036,-0.021480808,1.010961949
28.110000000,0.028319049,0.049410543,1.000855359
28.115000000,0.050929380,0.033401760,1.008035892
28.120000000,-0.003681050,-0.025196554,1.016962128
28.125000000,0.013621897,-0.059987327,1.003003005
28.130000000,-0.013450290,-0.037787367,1.005498329
28.135000000,0.016787012,0.022028160,0.994851117
28.140000000,0.044540126,0.016850343,1.012850032
28.145000000,-0.007337022,0.039654873,1.006231559
28.150000000,0.001803166,0.009055855,1.002689914
28.155000000,0.068398021,-0.072739477,1.008828645
28.160000000,-0.003299755,-0.011313947,1.010544774
28.165000000,-0.038250000,0.017516915,1.015467937
28.170000000,0.027551123,0.002620485,1.000844576
28.175000000,-0.026905136,0.004645975,1.007353230
28.180000000,0.042119652,0.041286530,1.003463724
28.185000000,0.068782354,0.015695544,1.014724434
28.190000000,-0.021150545,-0.024342952,1.002990090
28.195000000,0.021564731,0.018500575,1.002949600
28.200000000,0.013205973,-0.048322883,1.016102299
28.205000000,-0.002303043,-0.011444555,1.003352492
28.210000000,-0.020949984,0.047746384,1.007655854
28.215000000,-0.034682957,-0.002075180,1.000208619
28.220000000,0.018994103,0.008417340,1.012912966
28.225000000,-0.014609580,-0.015404146,1.001459361
28.230000000,-0.034636768,-0.004582287,1.005880265
28.235000000,-0.000097168,0.025830098,0.999979076
28.240000000,-0.021177304,-0.020201616,0.993641198
28.245000000,0.004956010,-0.003950046,1.016667190
28.250000000,0.008663751,0.022774563,0.996844934
28.255000000,-0.019176115,-0.065572996,1.016706030
28.260000000,0.026284744,0.034465014,0.997547672
28.265000000,-0.021011148,0.071823133,0.997561131
28.270000000,-0.010219478,-0.080558147,1.017831836
28.275000000,0.050399124,-0.010361328,0.999544032
28.280000000,0.008028952,0.008519282,1.004885858
28.285000000,-0.021564933,-0.012790640,1.000066362
28.290000000,-0.038131436,0.020603873,1.010005177
28.295000000,0.043225515,0.030837986,1.004175463
28.300000000,0.011442852,-0.004480879,1.012859031
28.305000000,-0.031552186,-0.068748094,1.004905735
28.310000000,0.041728489,0.007400891,0.999095908
28.315000000,-0.048715996,0.008271500,1.012665119
28.320000000,-0.001924407,-0.030630589,1.001737135
28.325000000,0.071438705,0.005890729,1.011285170
28.330000000,-0.001145611,-0.007777708,1.005734861
28.335000000,-0.011968675,-0.026618178,1.007515466
28.340000000,-0.014467573,0.015244347,1.001300061
28.345000000,0.006328920,0.018175683,1.003041883
28.350000000,0.036147046,0.002226269,1.003470087
28.355000000,0.010840644,-0.001882557,1.005673264
28.360000000,-0.061890840,-0.042947134,1.021376123
28.365000000,-0.021281736,0.026266526,0.997334105
28.370000000,0.049463199,-0.002811347,1.007267869
28.375000000,0.019621743,-0.045469120,1.005172332
28.380000000,0.022631908,-0.006921494,0.997413462
28.385000000,0.027811632,-0.056843153,1.014793449
28.390000000,0.004634162,0.017927747,1.012880612
28.395000000,-0.018017199,0.045284831,1.012246054
28.400000000,0.019426356,0.004577660,0.998477780
28.405000000,0.007003574,0.004294038,1.001794005
28.410000000,-0.011228818,-0.002910576,1.012912316
28.415000000,0.034937674,-0.008511638,1.000079581
28.420000000,0.022703043,-0.040374818,1.007061302
28.425000000,0.054737977,-0.001841303,1.012767728
28.430000000,-0.028255145,0.025956412,0.999044892
28.435000000,-0.071512844,-0.037429392,1.002023596
28.440000000,0.029133304,0.009679994,1.003097515
28.445000000,-0.006063454,0.020996151,1.013214829
28.450000000,0.005886527,-0.100408301,1.005152481
28.455000000,0.023251476,-0.019514053,0.994009979
28.460000000,0.010818277,0.040015381,1.022051078
28.465000000,-0.009198239,0.020784646,1.004464955
28.470000000,-0.047581517,0.015880157,1.003258982
28.475000000,0.016726136,-0.023733110,1.009948613
28.480000000,0.014417563,0.029273222,1.011020812
28.485000000,0.024336198,0.016306214,1.004929156
28.490000000,0.025495945,0.030283660,1.001332024
28.495000000,-0.010302389,-0.032722520,1.020759999
28.500000000,0.027145582,-0.022581626,0.994386285
28.505000000,0.006811586,0.025429142,1.010412465
28.510000000,0.000126005,-0.060015691,1.021946691
28.515000000,-0.014423685,0.040999942,1.002334119
28.520000000,0.035007813,-0.026794826,0.999641279
28.525000000,0.005388836,-0.032832609,1.007776940
28.530000000,-0.048317569,0.056439688,1.015188264
28.535000000,0.080303440,0.011466816,0.992856780
28.540000000,0.020968337,-0.007152425,1.007077758
28.545000000,-0.004960436,-0.039333343,0.998568923
28.550000000,0.003485598,0.042574970,0.994321686
28.555000000,-0.005667617,-0.013180884,1.018314874
28.560000000,0.014148571,0.000563778,1.009782576
28.565000000,-0.075577096,0.026134062,1.005324424
28.570000000,0.037269122,-0.022197696,0.999772764
28.575000000,0.021580014,0.033696743,0.997585168
28.580000000,-0.021815473,-0.031350603,1.001896331
28.585000000,0.063933684,0.031016796,1.015133271
28.590000000,-0.031601017,-0.001019170,1.013860917
28.595000000,-0.018029300,-0.039501092,1.010579131
28.600000000,0.015055369,0.007334902,1.004181330
28.605000000,-0.043662341,-0.054738337,0.996261324
28.610000000,-0.024190221,0.048527112,1.004200830
28.615000000,0.012693869,0.020732011,1.006925632
28.620000000,-0.022798908,-0.021488003,1.012611513
28.625000000,0.002973126,0.008427766,1.006868077
28.630000000,-0.007414559,-0.028521604,1.010295208
28.635000000,-0.028904632,0.040136412,0.998351904
28.640000000,0.016226303,-0.063426760,0.996341478
28.645000000,-0.002717654,-0.059109084,1.009589945
28.650000000,0.061646067,0.098105418,1.003365232
28.655000000,-0.023500100,-0.002871714,1.005029848
28.660000000,-0.014403507,-0.002891398,1.004720348
28.665000000,0.058118936,-0.035923350,1.013114979
28.670000000,-0.003582005,-0.046785364,0.994768264
28.675000000,0.050773574,0.057929115,0.995478988
28.680000000,-0.074627399,-0.072390434,1.015542740
28.685000000,-0.010116032,-0.007084749,1.011789612
28.690000000,0.084467984,0.042350282,1.012362205
28.695000000,-0.017655159,-0.035767021,1.000495344
28.700000000,0.005049146,0.007691414,1.008293447
28.705000000,-0.009588476,-0.027445785,1.007166273
28.710000000,0.006393989,0.017707614,1.005060482
28.715000000,0.002308678,-0.003993350,1.018498645
28.720000000,0.041801685,-0.013069755,1.010142489
28.725000000,0.039486446,0.026430697,1.001211809
28.730000000,0.006283636,-0.037928290,1.001957805
28.735000000,-0.002805542,-0.002038790,1.003325564
28.740000000,-0.005253569,-0.004335360,1.002510417
28.745000000,0.056811280,-0.061194782,1.009358792
28.750000000,-0.004194211,-0.005358327,1.003415251
28.755000000,0.017155278,0.032384480,1.003764897
28.760000000,0.012715648,-0.029726808,1.011965767
28.765000000,-0.023329811,-0.011898658,1.008840580
28.770000000,0.014561451,-0.019451591,1.013246201
28.775000000,0.018902416,-0.029178906,1.011409518
28.780000000,0.026500767,0.059044382,1.010722261
28.785000000,-0.033347992,0.017414410,1.003920600
28.790000000,-0.019018973,-0.027232444,0.999702031
28.795000000,0.007118339,-0.003476033,1.007453642
28.800000000,0.032561306,0.025176520,1.005545912
28.805000000,-0.006476766,0.020668639,1.011062137
28.810000000,-0.079176954,0.008680248,1.006857965
28.815000000,-0.009412678,-0.008869710,0.993868934
28.820000000,0.014737800,-0.035462672,1.014659185
28.825000000,0.051706516,0.050335608,1.009002568
28.830000000,0.051642831,0.045613027,0.999153501
28.835000000,-0.070776133,-0.012030577,1.016930092
28.840000000,-0.066312987,0.003109933,0.997788118
28.845000000,0.034290034,0.009729031,1.004117345
28.850000000,-0.015299080,-0.005737455,1.006576943
28.855000000,-0.016517510,-0.013076087,1.003374806
28.860000000,0.016282053,0.021459159,1.010057067
28.865000000,-0.028254950,0.025017576,0.997778308
28.870000000,0.023354303,-0.006400583,1.011369212
28.875000000,0.016501893,-0.051226278,1.002917554
28.880000000,-0.014375809,-0.000552283,1.006565738
28.885000000,-0.014993621,0.009080759,1.003070551
28.890000000,0.008551203,-0.089294105,0.995829431
28.895000000,0.005648635,-0.006612905,1.013738257
28.900000000,0.002590373,0.059167884,1.002892918
28.905000000,0.051654489,-0.017728477,1.015313551
28.910000000,0.024041573,-0.021277831,1.002959764
28.915000000,0.034886146,0.003291485,0.998818022
28.920000000,0.025063224,-0.017907296,1.010056348
28.925000000,0.006502381,-0.007542451,0.998142935
28.930000000,-0.034905259,0.005260204,1.005189005
28.935000000,0.025761871,0.001718873,0.996476023
28.940000000,0.105945664,0.005083803,1.015392899
28.945000000,-0.039789358,-0.009234430,1.017751479
28.950000000,-0.004714925,-0.013885627,0.999743248
28.955000000,0.009788005,-0.020252333,1.009358432
28.960000000,-0.031775363,0.002641536,1.000767854
28.965000000,0.053756505,-0.000332410,1.006821149
28.970000000,0.025374737,-0.031306748,1.012459564
28.975000000,-0.015410913,0.015809856,1.000049198
28.980000000,0.000887547,0.029830184,1.000427671
28.985000000,-0.010007614,-0.001805170,1.012065512
28.990000000,-0.041222801,-0.002166508,1.003644101
28.995000000,0.013619569,0.028992430,1.002780318
29.000000000,0.025626693,0.037889606,1.011288056
29.005000000,-0.029056140,-0.058816716,0.991998716
29.010000000,-0.003830855,-0.053772016,1.019233837
29.015000000,0.028820974,0.032244182,1.021575024
29.020000000,0.002663901,-0.037953732,0.994151761
29.025000000,-0.017804248,-0.024187879,1.009247671
29.030000000,-0.010711250,0.033845199,1.003516377
29.035000000,-0.023219621,0.000286103,1.006592051
29.040000000,0.036771679,0.027734393,1.010611107
29.045000000,-0.020700246,0.023705352,1.006267384
29.050000000,-0.010995808,-0.029959609,1.006624034
29.055000000,0.059670463,-0.013166666,0.998550414
29.060000000,-0.029196224,-0.005596106,1.003159724
29.065000000,0.037197586,-0.062903719,1.006619935
29.070000000,-0.011523867,0.017081531,1.010202297
29.075000000,-0.034516304,0.024650031,1.008013555
29.080000000,0.035985725,-0.026673665,1.005971640
29.085000000,-0.013273217,0.018887698,1.004872853
29.090000000,0.015362110,-0.051421683,1.015108943
29.095000000,-0.012426410,0.024250810,1.009081595
29.100000000,0.002825290,0.057355923,0.999513729
29.105000000,-0.023366987,-0.027690891,1.013961703
29.110000000,-0.005407958,-0.034042713,0.996925276
29.115000000,0.048470177,0.007675349,1.004650254
29.120000000,-0.045970838,0.024496525,1.012389146
29.125000000,0.028253501,-0.088536797,1.007902677
29.130000000,0.022733913,0.017754781,1.017407646
29.135000000,-0.014172858,0.010256113,1.000954522
29.140000000,0.029868792,-0.052982699,1.005721742
29.145000000,-0.019654560,0.042280962,1.002988575
29.150000000,-0.012696257,0.009748834,1.001078123
29.155000000,-0.006929700,0.014978397,0.998389687
29.160000000,0.027912216,-0.026579862,0.998340478
29.165000000,-0.002118922,-0.007156544,1.010804184
29.170000000,-0.011569983,-0.036006077,1.005736735
29.175000000,0.035984918,-0.005333086,1.006601848
29.180000000,-0.023625374,0.062678631,0.999067126
29.185000000,0.050677766,-0.050170898,1.015761202
29.190000000,0.072915238,0.001673977,1.003322793
29.195000000,-0.006388774,0.021805559,0.989553233
29.200000000,-0.026108928,-0.011426265,1.018557359
29.205000000,-0.038958016,-0.013365302,0.999148121
29.210000000,0.042226909,0.032292429,0.997634616
29.215000000,0.039046727,0.035219172,1.018164202
29.220000000,0.012093833,-0.013436091,1.012197576
29.225000000,0.021174784,-0.019416710,1.002329616
29.230000000,-0.009978624,-0.033925423,1.000912871
29.235000000,-0.001132788,0.052673418,1.010321940
29.240000000,-0.015829216,-0.049182993,1.009484040
29.245000000,0.001189137,-0.014375842,0.999807341
29.250000000,-0.015074571,0.091894873,1.005083684
29.255000000,0.019555493,-0.034341662,1.001599875
29.260000000,0.060778806,0.019795675,0.998966881
29.265000000,-0.006724619,0.000658076,1.019061031
29.270000000,0.035073457,-0.019653603,1.009543424
29.275000000,-0.000107327,0.035641783,1.003359592
29.280000000,-0.048430329,-0.008788944,0.998862045
29.285000000,0.019020563,0.029140912,1.008555374
29.290000000,0.048999989,0.031032742,1.023203772
29.295000000,0.006067813,-0.058229977,0.997925134
29.300000000,-0.067153355,-0.023252724,1.009205990
29.305000000,0.016211460,-0.023095564,1.014521791
29.310000000,0.024599787,-0.006476413,0.997554142
29.315000000,-0.055917145,0.057508825,0.999284685
29.320000000,-0.011544250,-0.061664158,1.003972086
29.325000000,0.032302948,-0.011269324,1.002936299
29.330000000,-0.010882741,0.005345426,1.002635500
29.335000000,-0.047906865,-0.049830807,1.022763856
29.340000000,0.035395144,0.009226550,1.011550839
29.345000000,-0.014024359,0.000017143,1.001924747
29.350000000,-0.013551298,0.003320207,1.009611403
29.355000000,0.064723064,-0.064147228,1.005131586
29.360000000,-0.051087409,-0.012374536,1.004634523
29.365000000,-0.040497768,-0.022842384,1.006192892
29.370000000,0.041248751,-0.063779444,1.008279248
29.375000000,0.031888096,0.054593632,0.999723677
29.380000000,-0.023018061,0.026920305,0.998529233
29.385000000,-0.029393204,-0.034041463,1.006680076
29.390000000,0.027849678,-0.032422409,1.009325010
29.395000000,0.038214034,0.009276556,1.010677362
29.400000000,0.016207013,-0.017313356,1.006415889
29.405000000,-0.032331107,0.013662325,0.998378074
29.410000000,0.009165081,0.033578241,0.997371206
29.415000000,0.027608028,-0.013560981,1.007190366
29.420000000,0.002500916,0.029845197,1.013564981
29.425000000,-0.031720844,-0.013424491,1.011794717
29.430000000,-0.057539768,-0.018577010,1.002935273
29.435000000,0.023615521,-0.006996880,1.006203549
29.440000000,0.026556624,-0.011452535,1.004782209
29.445000000,0.025437622,0.024485984,1.000141602
29.450000000,0.022647064,0.018949103,1.012471521
29.455000000,-0.000234481,0.002344562,1.011561057
29.460000000,0.070115731,0.002343555,1.002715492
29.465000000,0.033508760,-0.012746409,1.005026056
29.470000000,-0.037939285,-0.007137798,1.003752569
29.475000000,0.026128679,0.043699159,1.004449138
29.480000000,-0.004236308,-0.019478065,1.009623819
29.485000000,-0.005196871,-0.015600985,1.002047148
29.490000000,0.040539370,0.025454385,1.007726260
29.495000000,-0.020896682,0.002591301,1.011993521
29.500000000,0.040095093,-0.023353615,1.004867523
29.505000000,-0.014298954,-0.023339802,1.012919840
29.510000000,0.002359529,0.050444716,0.996874500
29.515000000,0.038893310,-0.021642778,0.991975585
29.520000000,-0.076386262,-0.015277875,1.009495358
29.525000000,0.042789782,0.052114259,1.003448598
29.530000000,-0.024016671,-0.014721960,1.009714725
29.535000000,0.005810195,-0.024290558,1.008373397
29.540000000,0.095294631,-0.018006571,1.004077161
29.545000000,-0.030795834,0.009190292,1.011428928
29.550000000,-0.007182402,0.034941701,1.005663888
29.555000000,-0.048347284,-0.032687773,1.011164901
29.560000000,0.002712827,-0.026908989,1.001913605
29.565000000,0.045703880,0.057328058,1.000197388
29.570000000,0.013358355,-0.021736534,1.011773533
29.575000000,-0.014697785,-0.046703198,1.002213292
29.580000000,-0.015253555,-0.008441969,1.013203799
29.585000000,0.033003412,-0.039554601,1.010428148
29.590000000,-0.052195893,0.039669865,1.008301794
29.595000000,0.019700885,0.049060593,1.003731758
29.600000000,0.023261714,-0.032489750,0.991844319
29.605000000,-0.039618694,-0.053129907,1.011420872
29.610000000,0.029379201,-0.010978779,1.004340261
29.615000000,-0.034979743,0.019883969,1.009487758
29.620000000,-0.001366586,0.026485173,1.007408451
29.625000000,0.027783845,-0.001133522,0.999022498
29.630000000,-0.039461166,-0.004757481,1.014266559
29.635000000,0.076270441,-0.025324145,1.002495981
29.640000000,0.059571027,-0.075900082,0.997821811
29.645000000,-0.072317723,0.034438479,1.001140927
29.650000000,0.002155061,0.029379578,1.008600857
29.655000000,0.030314915,-0.011943730,1.013266648
29.660000000,0.006531393,-0.000513198,1.000340600
29.665000000,-0.010994689,-0.049110015,1.000836307
29.670000000,-0.002358489,0.001213841,1.013890429
29.675000000,-0.001894846,0.010662836,1.003510742
29.680000000,-0.001370956,-0.000953797,1.002020417
29.685000000,0.053789523,-0.004276991,1.016647336
29.690000000,-0.059695333,-0.015680592,1.003455868
29.695000000,-0.005638622,-0.035305439,1.012230707
29.700000000,0.027239042,0.034628365,1.011456279
29.705000000,-0.053625344,0.025713572,1.001258120
29.710000000,0.009954154,-0.079119058,1.013074305
29.715000000,-0.024272590,0.025005202,1.006017835
29.720000000,0.019461279,0.013029645,1.000291747
29.725000000,0.020568817,0.010230504,1.007594556
29.730000000,-0.004316964,0.029992570,1.010165091
29.735000000,0.027878815,-0.037820612,1.008624291
29.740000000,0.012887903,0.024988577,1.010393708
29.745000000,0.015110967,0.011282036,1.005759939
29.750000000,0.012842044,0.008156441,1.005385171
29.755000000,0.026908429,0.001624048,0.997672015
29.760000000,-0.032213571,-0.033856760,1.003008974
29.765000000,-0.009683236,0.006656636,1.020787600
29.770000000,0.036470669,-0.017578250,0.997427717
29.775000000,0.017806743,-0.024474168,1.001384938
29.780000000,0.022542579,-0.008779876,1.015047534
29.785000000,0.037256926,-0.026027817,1.003568855
29.790000000,0.013032352,0.056895546,0.994869747
29.795000000,-0.028266420,0.038332582,1.007191232
29.800000000,0.038229056,-0.086629223,1.014743412
29.805000000,-0.011920450,0.023589574,0.997114884
29.810000000,-0.017128897,0.050845507,1.005035966
29.815000000,0.058854875,-0.018582672,1.001503250
29.820000000,-0.050557052,0.023978845,1.008718143
29.825000000,-0.050297977,-0.024055844,1.014561580
29.830000000,0.061178403,0.010334020,0.994296397
29.835000000,0.009611941,0.033375958,1.000578947
29.840000000,0.014523482,-0.041592690,1.007998198
29.845000000,0.049094547,-0.005722346,1.006219195
29.850000000,-0.042133891,-0.019038694,1.009802852
29.855000000,0.026727986,-0.025332763,1.006986123
29.860000000,0.018940472,-0.014182895,0.995392839
29.865000000,-0.006704196,-0.043467696,1.012332287
29.870000000,0.014769481,0.020014408,1.017933702
29.875000000,-0.064412079,0.009773138,1.000620085
29.880000000,0.032488630,-0.008611931,1.007925751
29.885000000,-0.008123423,0.019212684,1.004716437
29.890000000,-0.052620176,0.037837810,0.998782943
29.895000000,0.045747108,0.010143589,0.998598667
29.900000000,-0.027677141,-0.090705807,1.006305737
29.905000000,-0.045680522,0.013764591,1.006290199
29.910000000,0.029065391,0.038938497,1.009570154
29.915000000,0.000097225,-0.022065430,1.015859117
29.920000000,-0.016858567,-0.007270861,1.004099379
29.925000000,-0.004930589,-0.051963237,1.001736729
29.930000000,-0.000884869,0.006631507,1.001419533
29.935000000,0.092635032,-0.023395943,1.014010508
29.940000000,-0.002637181,0.013910301,1.013900189
29.945000000,-0.076049243,0.054610283,1.007152236
29.950000000,-0.010256204,-0.057727451,1.001291071
29.955000000,0.021129297,-0.019039084,1.006729875
29.960000000,0.045600940,0.019106575,1.012598754
29.965000000,-0.030212926,0.015124417,1.000750646
29.970000000,0.037119225,-0.019941749,1.014019394
29.975000000,-0.015564616,-0.013967575,1.006085419
29.980000000,-0.048500957,0.003354506,1.009331210
29.985000000,0.080178450,-0.013553174,1.006292613
29.990000000,-0.004123679,0.028151335,0.993627033
29.995000000,0.012088542,-0.021090508,1.022084366
30.000000000,0.030333588,-0.041083204,0.999766236
30.005000000,-0.004407888,0.005328025,0.994446226
30.010000000,0.028738357,0.044306250,1.023348819
30.015000000,0.029900285,0.043578442,1.003270788
30.020000000,-0.007490241,-0.030711938,0.999493131
30.025000000,0.006618248,-0.026310317,1.008851395
30.030000000,0.041616518,0.007073724,1.003629348
30.035000000,-0.000617296,-0.011102206,1.003170157
30.040000000,-0.036301058,0.025538534,1.005933745
30.045000000,-0.055629364,0.004826366,1.009447071
30.050000000,0.040160002,-0.031263757,1.001469009
30.055000000,0.023988410,0.037924278,0.998817419
30.060000000,-0.019729578,-0.049663489,1.008112586
30.065000000,0.043798583,-0.048103709,1.012739961
30.070000000,-0.013777041,0.061538578,1.009164700
30.075000000,0.032261504,-0.033680495,1.006467574
30.080000000,0.068432976,0.032143597,1.005949170
30.085000000,-0.003759062,0.034637255,0.996685029
30.090000000,-0.039390663,-0.044128016,1.004417843
30.095000000,0.018979357,0.074783828,1.014530131
30.100000000,0.027481325,0.001161817,0.998518546
30.105000000,-0.059290538,-0.051236572,1.006476495
30.110000000,-0.014901006,-0.007940379,1.012213607
30.115000000,0.007834324,-0.013884535,0.999684531
30.120000000,0.032989365,0.002796820,1.010778735
30.125000000,0.036360629,-0.033332732,1.011600063
30.130000000,-0.008731891,0.015705311,0.997865862
30.135000000,0.026944700,-0.006017483,1.004772624
30.140000000,-0.023534195,-0.024286675,1.004298845
30.145000000,-0.053805670,-0.004483240,1.005807044
30.150000000,-0.017593026,-0.029229138,1.016098698
30.155000000,-0.066576185,0.066845295,1.003494858
30.160000000,0.005690949,-0.013239592,1.007831012
30.165000000,0.078847378,-0.074397863,1.010620777
30.170000000,-0.053782550,-0.033846322,1.005198715
30.175000000,-0.029370602,0.011801756,1.011660239
30.180000000,0.032985729,0.077839052,1.001326940
30.185000000,0.017425678,-0.036179803,1.000748290
30.190000000,0.033014302,0.005627694,1.006919168
30.195000000,-0.068171448,-0.001869651,1.007151972
30.200000000,-0.025626311,-0.046262949,1.009243126
30.205000000,0.049874255,0.057077809,1.003657792
30.210000000,0.022728928,-0.030841928,1.005817102
30.215000000,0.025627683,-0.006963926,1.017104428
30.220000000,0.002270810,0.012895708,0.998353319
30.225000000,0.019524130,-0.076769690,0.998148880
30.230000000,-0.023465814,0.024957726,1.013606874
30.235000000,0.017432568,0.029590735,1.004332510
30.240000000,0.074556042,-0.054478341,1.009650077
30.245000000,-0.017849266,-0.013130701,1.005238442
30.250000000,-0.007991457,0.032546854,1.003066724
30.255000000,0.005682329,0.028339374,0.999650957
30.260000000,0.019765186,-0.019187490,1.000007037
30.265000000,-0.001208258,0.009128751,1.015240752
30.270000000,-0.024306966,0.038382025,0.994025482
30.275000000,0.076990290,-0.029200198,1.003085610
30.280000000,0.027252383,-0.016178347,1.017767049
30.285000000,-0.053592385,0.000952521,0.995024476
30.290000000,0.005810417,-0.031009453,1.000255260
30.295000000,0.051482778,-0.014027535,1.006496844
30.300000000,0.020769628,0.005783274,1.005573703
30.305000000,-0.020755918,0.008416811,1.004563838
30.310000000,0.018561873,0.044391199,0.997912676
30.315000000,0.017618597,0.012858864,1.007200140
30.320000000,-0.026595362,-0.016884544,1.014440091
30.325000000,-0.003969126,0.001125617,1.017035549
30.330000000,-0.030439268,-0.041826669,1.014556250
30.335000000,-0.050381993,-0.011036675,1.002911779
30.340000000,0.038719089,-0.006207840,1.010334649
30.345000000,0.005198943,0.013210794,0.999698117
30.350000000,-0.020590770,-0.008594764,1.001493901
30.355000000,0.044962629,-0.043413036,1.011461708
30.360000000,0.006697832,0.062450876,0.998123119
30.365000000,0.010205598,-0.026427165,1.015818193
30.370000000,-0.026049763,-0.006285743,1.015003878
30.375000000,-0.040647032,0.028447305,1.004027832
30.380000000,0.052409476,-0.044664255,1.009100524
30.385000000,0.025026107,0.045250211,1.013204819
30.390000000,-0.022440305,-0.015129677,1.013562690
30.395000000,-0.004775491,-0.026407399,0.997666110
30.400000000,0.006949857,0.018830732,1.003308251
30.405000000,0.023722853,-0.030772871,1.013318890
30.410000000,0.041891818,0.021268129,1.012307601
30.415000000,-0.002777579,0.035398562,1.002190475
30.420000000,-0.017036894,-0.024452984,0.997854808
30.425000000,0.006873270,-0.007378945,1.007553501
30.430000000,-0.027290010,0.001920125,1.002687125
30.435000000,0.004808805,0.007997648,1.003468592
30.440000000,0.055539290,-0.026669270,1.016064286
30.445000000,-0.008187542,-0.060058995,1.007528089
30.450000000,-0.016558676,0.060423668,0.991667769
30.455000000,0.018445025,-0.007800746,1.000755639
30.460000000,-0.014135012,-0.045686159,1.001253665
30.465000000,0.009616571,0.022523400,1.003503567
30.470000000,-0.014428335,-0.031525799,1.005935492
30.475000000,0.006225196,0.000650980,0.999792394
30.480000000,0.004779406,0.019833063,1.008942082
30.485000000,-0.038965491,0.046347104,1.006919408
30.490000000,0.045275233,0.008166166,1.012604793
30.495000000,-0.023346365,-0.035839569,1.011348984
30.500000000,0.018131842,0.000611288,0.997020075
30.505000000,-0.006746501,-0.012800474,1.004256760
30.510000000,-0.013348250,-0.036335396,1.005276268
30.515000000,0.124128073,0.019636926,1.000199224
30.520000000,-0.014319518,0.043911319,1.013041526
30.525000000,0.055537122,-0.095429820,1.000043721
30.530000000,-0.004187586,0.001728194,0.991941484
30.535000000,-0.061702060,0.039656059,1.015565761
30.540000000,0.034075697,-0.089528686,1.002818490
30.545000000,-0.052467037,0.013516912,1.011221010
30.550000000,0.052602147,0.035618813,1.020206466
30.555000000,-0.017926978,0.009070602,1.005258705
30.560000000,-0.032706196,0.021782224,1.003718445
30.565000000,0.017604757,-0.037744054,1.002902943
30.570000000,-0.000254302,-0.022937710,1.014088243
30.575000000,0.078573010,0.027581659,1.000623532
30.580000000,-0.016276252,-0.015404241,0.999524155
30.585000000,0.004550493,0.014017294,1.005577401
30.590000000,-0.023923244,-0.010458861,1.003152452
30.595000000,-0.048695588,-0.037953398,1.008297256
30.600000000,0.024751886,0.017103786,1.000291693
30.605000000,-0.003133675,-0.045607881,1.001914407
30.610000000,0.027474702,-0.007365975,1.012501232
30.615000000,-0.030760028,0.005695012,1.016988924
30.620000000,-0.027121207,0.001522485,0.999324363
30.625000000,0.040186622,-0.001972968,1.004789645
30.630000000,-0.011036883,-0.017439619,1.007902328
30.635000000,-0.007121062,0.013517885,1.012606534
30.640000000,0.002870763,-0.006497706,1.007530540
30.645000000,-0.018871950,0.040951818,0.988204433
30.650000000,-0.006214213,0.006344862,1.012914632
30.655000000,-0.020803316,0.037477948,1.009668560
30.660000000,0.019946711,0.028970063,1.015440510
30.665000000,0.045113304,-0.022899820,1.009409617
30.670000000,-0.008114352,-0.019206203,0.998819728
30.675000000,0.016431623,-0.045909889,1.018440035
30.680000000,0.045122594,0.036408142,0.997975234
30.685000000,0.049321169,-0.010725959,1.012422849
30.690000000,-0.026519169,-0.017675254,1.014601151
30.695000000,-0.013397462,-0.032833029,1.003687053
30.700000000,0.076044777,0.010342416,1.002699431
30.705000000,-0.008413810,0.056848313,1.001014559
30.710000000,-0.011531111,-0.041026881,1.018241195
30.715000000,0.016327882,0.027781848,0.996511747
30.720000000,0.019266830,-0.008660581,1.006129978
30.725000000,-0.008051362,-0.039545932,1.009055644
30.730000000,-0.041322050,-0.001970191,0.991564713
30.735000000,0.037813526,0.002568814,1.012814548
30.740000000,-0.021440292,-0.028650084,1.006612245
30.745000000,0.022014923,0.014503622,1.005778770
30.750000000,0.091707184,0.046237290,1.005062501
30.755000000,-0.043381415,-0.063467688,0.999292306
30.760000000,-0.022360562,0.011574560,1.010749867
30.765000000,0.005135204,-0.005540465,0.996153937
30.770000000,-0.001794300,0.028148792,1.011328529
30.775000000,0.053095102,0.017827238,1.005180047
30.780000000,0.006560162,-0.060737581,0.998164119
30.785000000,-0.032115801,0.059002078,1.015546943
30.790000000,0.005687751,0.061647221,0.994452376
30.795000000,0.011691649,0.024649664,1.004161642
30.800000000,-0.016738194,-0.111833262,1.008856957
30.805000000,0.011049108,-0.051588301,1.009494138
30.810000000,0.019690410,0.041421806,1.002986905
30.815000000,-0.020154067,-0.057536408,0.995904067
30.820000000,-0.001581009,0.000322983,1.018965683
30.825000000,-0.026612602,0.013625222,0.998749640
30.830000000,-0.046709295,-0.012958421,1.019861054
30.835000000,0.046505366,-0.045627709,1.006001670
30.840000000,0.031508148,0.030552223,0.989471860
30.845000000,-0.067083232,0.023285080,1.019541067
30.850000000,0.000430263,-0.054777247,0.996335130
30.855000000,0.030536001,0.043468666,1.010068440
30.860000000,-0.058825852,-0.010290849,1.008328976
30.865000000,0.033474606,-0.054997705,1.001196733
30.870000000,0.077808045,0.020351768,1.011850603
30.875000000,-0.027210797,0.005690975,1.004334853
30.880000000,-0.010593219,-0.039965510,1.012474201
30.885000000,-0.012166432,-0.000664670,1.012275201
30.890000000,0.004390598,0.031406205,1.001563840
30.895000000,0.019041617,-0.028643489,1.006181839
30.900000000,-0.010521772,0.001811764,1.016976987
30.905000000,0.027977183,0.065329841,0.999677703
30.910000000,0.012545490,-0.031738584,1.006457043
30.915000000,0.044199129,-0.047705685,1.012649903
30.920000000,0.013335337,0.028637049,0.996666552
30.925000000,-0.050646170,-0.013843248,1.009378539
30.930000000,-0.002036103,0.011690432,1.005979112
30.935000000,-0.015244625,0.010812433,0.998985850
30.940000000,0.013290576,-0.030330725,1.007790080
30.945000000,0.006929117,-0.000353514,1.013254281
30.950000000,0.036172771,-0.005322166,1.002906805
30.955000000,0.023610235,-0.004339240,0.995960724
30.960000000,-0.048399728,-0.012113550,1.008150788
30.965000000,0.017953086,0.004467589,1.005501581
30.970000000,-0.024342260,0.004203313,0.997808052
30.975000000,0.020282565,-0.012486255,1.015887169
30.980000000,0.061334867,0.002739448,1.012104416
30.985000000,-0.008335968,0.001223986,0.994399077
30.990000000,-0.044219147,0.002871452,1.004023461
30.995000000,-0.074155759,0.028324293,1.007361861
31.000000000,0.045445015,0.011440631,1.009778113
31.005000000,0.056470219,-0.032512559,1.001489685
31.010000000,-0.006798776,0.017024820,1.007936856
31.015000000,0.041905991,-0.014399825,1.009382003
31.020000000,0.049375120,-0.018424761,0.997858952
31.025000000,-0.025389863,0.012364861,1.024633321
31.030000000,-0.027566462,-0.053998017,1.006173024
31.035000000,-0.005716982,0.028214529,0.987584475
31.040000000,-0.005232293,0.036381918,1.006864789
31.045000000,0.074420942,-0.017926471,1.011683444
31.050000000,0.018800112,-0.005177276,1.006230506
31.055000000,0.002694244,-0.022890602,1.009989800
31.060000000,-0.031858168,0.037896585,1.017326745
31.065000000,-0.049556674,0.023765467,0.996667773
31.070000000,0.075366413,-0.006484367,0.998718240
31.075000000,-0.012656192,0.022633635,1.002103651
31.080000000,-0.004476919,-0.022106916,1.007046413
31.085000000,0.045838430,-0.001377344,1.005734556
31.090000000,-0.016766916,0.041467889,1.005070863
31.095000000,0.036673763,-0.029413527,1.016839324
31.100000000,0.028778429,-0.062510416,0.993089588
31.105000000,-0.040858581,0.020638744,1.008791803
31.110000000,0.030224675,0.024179047,1.012188029
31.115000000,0.041765285,-0.052876193,0.997655525
31.120000000,-0.049566775,-0.005190582,1.016353192
31.125000000,0.001867800,0.010697882,1.010891635
31.130000000,0.002966530,-0.006178484,1.009431864
31.135000000,0.003929148,0.003445003,1.002702010
31.140000000,-0.000408989,-0.035262226,1.003617803
31.145000000,0.009327995,-0.001972279,1.012260421
31.150000000,0.015294744,-0.034430674,1.003035735
31.155000000,-0.057048763,-0.038019195,1.000234015
31.160000000,0.040092314,0.028066531,1.009458539
31.165000000,-0.027021148,0.003218402,1.013285309
31.170000000,-0.078462867,0.017542165,1.002017934
31.175000000,0.030199108,-0.022088993,1.003550164
31.180000000,0.013077693,-0.014307846,1.012194890
31.185000000,0.004071499,0.041393695,1.001242205
31.190000000,0.019494786,-0.050035277,1.009720996
31.195000000,0.044667421,-0.022296499,1.012260002
31.200000000,-0.064253457,0.064460910,0.994515193
31.205000000,-0.073592628,-0.032854027,0.999422382
31.210000000,0.047593972,-0.049823467,0.995927497
31.215000000,0.025045986,0.024174565,1.007319598
31.220000000,0.007036446,-0.013537578,1.015614314
31.225000000,-0.000787043,-0.013227772,1.007720320
31.230000000,-0.005989248,-0.006130140,1.009967444
31.235000000,0.030689813,-0.037527333,0.996021339
31.240000000,0.005989960,-0.022597211,1.010170342
31.245000000,-0.022014609,0.068888634,1.002999361
31.250000000,0.033124338,0.059605292,0.997086557
31.255000000,0.011824791,-0.031863738,1.011956959
31.260000000,-0.004013337,0.017597759,0.989788344
31.265000000,0.027086606,-0.018091642,1.009433072
31.270000000,-0.012209924,0.013027810,1.022303711
31.275000000,-0.036526539,0.048648644,1.011253837
31.280000000,0.029297802,-0.071250668,1.003909633
31.285000000,0.080379585,-0.030651176,0.992404436
31.290000000,-0.016133789,0.015292905,1.010842225
31.295000000,0.010006688,0.009278896,1.012636465
31.300000000,0.048270449,0.002827914,0.993871992
31.305000000,-0.018768793,0.039892707,1.001572755
31.310000000,-0.011064222,-0.030577508,1.007261496
31.315000000,-0.014991688,-0.079998136,1.016622963
31.320000000,0.014228752,0.032187754,1.018062405
31.325000000,0.004565263,0.000310380,0.998557476
31.330000000,-0.028359118,0.031410250,1.005055878
31.335000000,-0.010254333,0.002502136,1.002375859
31.340000000,0.001883978,-0.008517742,1.009175275
31.345000000,0.029129926,0.024725382,1.009844061
31.350000000,0.033606276,-0.040097958,0.994912158
31.355000000,0.002974559,0.043506787,1.022522581
31.360000000,0.013131250,-0.034558921,1.005815005
31.365000000,0.007520287,-0.057261190,0.995885395
31.370000000,-0.003845241,0.048036641,1.008521105
31.375000000,0.012915628,0.019902036,1.007716668
31.380000000,-0.066624786,-0.006956005,1.020758640
31.385000000,0.001624412,-0.005980967,0.991587482
31.390000000,0.054676422,-0.006094531,1.001670039
31.395000000,-0.026291880,-0.035820920,1.023368104
31.400000000,0.013550071,0.035891974,1.001374396
31.405000000,0.035352670,-0.011646122,1.008227617
31.410000000,0.033023503,-0.022729816,1.005853039
31.415000000,-0.005218176,0.016576218,1.003469726
31.420000000,0.006075634,-0.039983737,1.000258719
31.425000000,0.022971381,0.046668740,0.999570417
31.430000000,-0.040369946,-0.028920754,1.012092480
31.435000000,0.016101166,-0.041063684,1.007024867
31.440000000,0.082076528,0.040395238,1.005012655
31.445000000,-0.004458577,-0.007099223,0.996441669
31.450000000,-0.025189148,0.008975237,0.999653781
31.455000000,0.015529489,-0.018862824,1.013337833
31.460000000,-0.029537960,-0.056375400,1.013421566
31.465000000,0.038844107,0.024728953,1.012025901
31.470000000,-0.002997071,0.077392711,1.005020720
31.475000000,-0.037100906,-0.042197672,1.008235971
31.480000000,0.017036423,0.018248461,1.000634178
31.485000000,-0.036165547,0.030231480,1.006087537
31.490000000,0.032059196,-0.078339220,1.004610359
31.495000000,0.013341904,-0.005634061,0.984860315
31.500000000,-0.007572135,-0.043117577,1.018900789
31.505000000,-0.004975299,-0.004872097,1.019597362
31.510000000,-0.012802636,-0.014140363,0.996930690
31.515000000,0.014530024,-0.040441019,1.015336455
31.520000000,-0.014769772,0.069682186,1.007834632
31.525000000,0.004426826,0.011211061,0.998482793
31.530000000,-0.037564735,-0.020307143,1.003589775
31.535000000,-0.006384059,-0.015212654,1.012185685
31.540000000,-0.024801594,-0.013466947,1.005597898
31.545000000,-0.026920400,-0.001159020,1.001657919
31.550000000,0.075550370,0.004732752,1.004307467
31.555000000,-0.014485001,0.061817966,1.004043199
31.560000000,-0.022045716,0.003150595,1.004768029
31.565000000,0.075758388,-0.084927050,1.004567539
31.570000000,0.004569964,-0.007240118,1.015665054
31.575000000,-0.045280276,-0.006143243,1.009618521
31.580000000,0.052541066,-0.014703621,1.005379677
31.585000000,-0.013098778,0.038160832,1.006603548
31.590000000,-0.042536698,-0.031115174,0.994215670
31.595000000,0.023937737,0.020241474,1.007213371
31.600000000,0.006675610,0.008026454,1.011848712
31.605000000,0.015342179,-0.004783872,1.004397202
31.610000000,-0.001412931,0.046887535,1.005835285
31.615000000,0.022318461,-0.059287316,1.005717194
31.620000000,-0.020335555,0.018106869,1.004243811
31.625000000,0.050145850,0.027577710,1.006930871
31.630000000,0.074985131,-0.036459405,1.006647486
31.635000000,-0.086043973,0.014136328,0.998557125
31.640000000,-0.019792410,0.024517651,1.002758014
31.645000000,0.041269903,-0.002216094,1.010072724
31.650000000,0.026284545,-0.058705099,1.009414980
31.655000000,0.007903874,-0.012362169,0.997387062
31.660000000,-0.007356483,0.006435422,0.996014237
31.665000000,-0.012051358,0.007595890,1.014331834
31.670000000,-0.008114558,0.007688512,1.006928056
31.675000000,0.005791720,0.019234516,1.010305540
31.680000000,-0.000446566,0.007050095,1.020589851
31.685000000,0.081300270,-0.046182094,0.999593817
31.690000000,0.040801029,0.034608499,1.012053675
31.695000000,-0.032580708,-0.009178792,1.010332865
31.700000000,0.026715797,-0.022468031,0.994844435
31.705000000,0.034454339,0.060574657,1.010105153
31.710000000,-0.013682126,-0.031154215,0.999252893
31.715000000,0.008430638,-0.034548312,1.002890414
31.720000000,0.019819451,0.009342335,1.009525496
31.725000000,-0.038710714,-0.041224442,1.002358087
31.730000000,-0.020864585,0.016175888,1.008242766
31.735000000,0.014138959,0.044601223,1.009654548
31.740000000,0.028501109,-0.074008701,1.008529276
31.745000000,-0.020559997,-0.008380995,1.006642306
31.750000000,0.017894307,0.051948366,1.017408962
31.755000000,0.026612626,-0.035248704,1.009922204
31.760000000,-0.071769722,-0.009484086,0.997033001
31.765000000,0.037511908,0.005468645,1.001021627
31.770000000,0.008296802,0.016767783,1.004020775
31.775000000,-0.047270410,-0.012780269,1.001987766
31.780000000,0.048426383,-0.041362514,1.001113080
31.785000000,0.009799583,0.044907330,1.018933694
31.790000000,-0.060139228,0.011055992,1.004417573
31.795000000,-0.012816252,-0.018093451,0.998476992
31.800000000,0.076711116,-0.018415779,1.014724998
31.805000000,0.001942954,-0.028319388,0.995854195
31.810000000,-0.019769515,0.035940984,1.007547851
31.815000000,0.015292293,-0.026031060,1.016004966
31.820000000,0.010077830,-0.014428470,0.998368787
31.825000000,0.005676302,0.051627188,1.013248595
31.830000000,-0.059485007,-0.009821461,1.004742619
31.835000000,0.005391428,-0.022435547,0.996769691
31.840000000,0.041894912,-0.035896979,1.016475134
31.845000000,-0.003500231,-0.015187298,1.002865208
31.850000000,-0.011393102,-0.005409082,1.004164906
31.855000000,-0.016711479,-0.005933410,1.005335587
31.860000000,0.012030720,0.010175087,1.003148102
31.865000000,0.013121040,-0.033341361,1.017588290
31.870000000,-0.035723975,-0.010152784,1.002824531
31.875000000,-0.027502184,0.026610846,1.003092183
31.880000000,0.096724305,0.016497939,0.998258933
31.885000000,0.040745267,-0.025654481,1.005578405
31.890000000,-0.022346397,-0.053181865,1.010738095
31.895000000,-0.022655425,0.030576512,0.999930549
31.900000000,-0.051035242,0.036194246,1.019040633
31.905000000,0.067793110,-0.057131261,1.002674658
31.910000000,-0.035578750,0.021651686,0.999362684
31.915000000,-0.030713057,0.058278850,1.020251087
31.920000000,0.081590987,-0.023439512,1.012864603
31.925000000,-0.002020041,0.027178119,0.995487116
31.930000000,0.004644130,-0.023565845,0.993496989
31.935000000,-0.066658178,-0.041466112,1.008269559
31.940000000,0.009388776,0.019686020,1.010222094
31.945000000,0.073088454,-0.005764928,1.012034701
31.950000000,-0.012493800,0.028227857,1.001770381
31.955000000,0.011089758,0.028902834,1.002538408
31.960000000,-0.001113932,0.005797130,1.006030283
31.965000000,0.036734893,-0.005815251,1.002371680
31.970000000,-0.003851627,-0.033512097,1.008159676
31.975000000,-0.040925176,-0.040265171,1.006820328
31.980000000,0.041295087,0.037660552,1.004798656
31.985000000,0.046903871,0.042981818,1.001806033
31.990000000,0.024778378,-0.026402602,1.002980668
31.995000000,0.009160950,-0.007954205,0.994804874
32.000000000,-0.008274901,-0.014457133,1.007800330
32.005000000,0.028409421,0.024326368,1.021619442
32.010000000,0.025554948,-0.011350261,1.009187275
32.015000000,-0.007417166,-0.042644083,1.006852983
32.020000000,-0.010826742,0.029732018,0.998618587
32.025000000,-0.036895849,0.006514123,1.011150795
32.030000000,0.010372105,0.004868552,1.020460545
32.035000000,-0.001971983,-0.022495227,1.005443314
32.040000000,0.013641076,-0.050294901,0.994561005
32.045000000,0.024332752,0.013504590,0.998945408
32.050000000,-0.009665790,-0.016695507,1.009724054
32.055000000,0.045992581,-0.060922310,1.002081851
32.060000000,-0.052378359,-0.007523315,1.004194511
32.065000000,-0.012629200,-0.030412219,1.001433789
32.070000000,0.014153072,0.033775431,1.002464496
32.075000000,-0.012063207,0.021734812,1.012492909
32.080000000,0.033217732,-0.040203893,1.003941499
32.085000000,-0.056775610,0.068928933,1.015170346
32.090000000,0.015105372,-0.061611320,1.014097733
32.095000000,0.012504194,-0.006003913,0.999425631
32.100000000,-0.012667336,0.082505302,1.011393047
32.105000000,0.011414651,-0.045272399,1.002667250
32.110000000,-0.028802423,0.017480507,1.000574786
32.115000000,-0.000171320,-0.008302372,1.008223511
32.120000000,0.010424462,-0.049628989,1.001885960
32.125000000,0.037578510,-0.049098923,1.016471710
32.130000000,0.002672996,0.030875658,1.002948947
32.135000000,-0.002874094,-0.001942316,1.007601300
32.140000000,-0.021961179,-0.051351250,1.012398595
32.145000000,-0.037052912,0.075378057,0.984114262
32.150000000,0.025957922,-0.020501042,1.012259023
32.155000000,0.044335873,-0.005091353,1.008523540
32.160000000,0.010669212,0.055907862,0.999941847
32.165000000,-0.009465994,-0.011803717,1.016600832
32.170000000,0.035887311,-0.030065145,1.008181876
32.175000000,0.005384760,0.014663623,1.013295121
32.180000000,0.028978949,0.041468710,0.996450261
32.185000000,-0.015601045,-0.030919208,1.006365226
32.190000000,-0.030803247,0.009947787,1.021707427
32.195000000,0.059507165,0.008964331,0.996060723
32.200000000,-0.002496376,-0.033985982,0.995640099
32.205000000,-0.003212588,-0.027728188,1.005768935
32.210000000,-0.004993185,-0.000801190,1.010304049
32.215000000,0.013115546,-0.012763576,0.999776616
32.220000000,-0.012221000,-0.018927006,0.997573660
32.225000000,-0.031991042,0.055304304,1.009251708
32.230000000,0.051084880,-0.040706059,1.003042549
32.235000000,0.007805802,-0.023628205,1.007176937
32.240000000,-0.015536354,0.036327222,1.010783507
32.245000000,0.011735420,-0.005918259,1.000222706
32.250000000,0.027717006,0.025441584,0.997004693
32.255000000,-0.027123375,-0.042160269,0.997113688
32.260000000,0.002200416,0.013554711,1.013261835
32.265000000,0.061579649,0.029478649,1.017101309
32.270000000,-0.030044354,-0.047983798,1.011947823
32.275000000,-0.035081596,0.030867321,1.013340694
32.280000000,0.016605827,0.012628251,0.997036424
32.285000000,0.039375931,0.015477556,1.012241220
32.290000000,-0.020018500,0.025307536,1.011187630
32.295000000,-0.010791024,-0.022189918,0.996252617
32.300000000,0.056037326,0.007283142,1.012219270
32.305000000,-0.016883465,-0.039169500,1.006474578
32.310000000,0.004863685,-0.028881655,1.003395788
32.315000000,0.042385608,0.032950670,1.003456066
32.320000000,-0.025196208,-0.022900335,1.011940322
32.325000000,-0.036423906,-0.034884244,1.004871590
32.330000000,0.003229988,-0.001023693,1.000628768
32.335000000,-0.013298186,-0.021869660,1.014205912
32.340000000,-0.013840066,-0.027279066,1.004140403
32.345000000,0.046812475,0.023380958,1.013442863
32.350000000,0.020542171,0.008684792,1.003945669
32.355000000,-0.021177015,-0.037296819,1.003377458
32.360000000,-0.017861937,-0.034089473,1.015411621
32.365000000,0.045511338,0.004555549,0.997775444
32.370000000,0.007476307,-0.002131093,1.006456589
32.375000000,-0.044418566,-0.020405622,1.005657656
32.380000000,0.103760646,0.019930052,0.999201321
32.385000000,-0.022818429,0.008271485,1.003203925
32.390000000,-0.034085371,0.001980135,1.008407589
32.395000000,0.085564333,-0.007200345,1.008569756
32.400000000,-0.083929247,0.012824543,1.010174975
32.405000000,0.015902522,0.025369545,1.010235767
32.410000000,0.067184689,-0.015413203,0.992845764
32.415000000,-0.006901359,0.006581216,1.004313409
32.420000000,-0.039305722,0.001493865,1.000392925
32.425000000,-0.031207620,0.003915027,1.004576890
32.430000000,0.073986597,0.001295928,1.013565936
32.435000000,0.007386878,0.013868129,0.994864217
32.440000000,-0.029011072,-0.005516666,1.009701776
32.445000000,-0.045812875,-0.022076514,1.006268503
32.450000000,0.021722736,0.028207835,1.006843358
32.455000000,0.010520912,-0.004966294,1.004554509
32.460000000,-0.054129906,-0.001991436,1.000530239
32.465000000,0.024169897,-0.060774862,1.017202869
32.470000000,0.012219229,-0.007217869,0.997333873
32.475000000,0.038344297,0.041073893,1.007043144
32.480000000,-0.019459283,-0.083496217,1.011036870
32.485000000,-0.014695167,0.029806704,1.008410683
32.490000000,0.013629888,0.023869634,1.011287141
32.495000000,0.002136492,-0.034714733,1.003616422
32.500000000,0.041015360,0.013079550,1.008137052
32.505000000,0.013007957,-0.033222519,0.994030709
32.510000000,0.025476336,0.042340247,1.013707697
32.515000000,-0.018534073,-0.004640289,1.009206161
32.520000000,0.016860313,-0.063216622,0.994249997
32.525000000,-0.022037047,0.058182013,1.020259593
32.530000000,-0.033454665,-0.031367727,1.007667682
32.535000000,0.051730658,-0.046696805,1.002966935
32.540000000,0.003684260,0.066877973,1.009158923
32.545000000,0.014427263,-0.000549432,1.009182432
32.550000000,0.001926243,-0.002963341,0.995987045
32.555000000,0.018584767,0.004653526,0.994774903
32.560000000,0.008885559,-0.023234953,1.014584500
32.565000000,-0.033994073,-0.012663347,1.009810680
32.570000000,0.005045040,0.023473258,1.011852313
32.575000000,0.036547495,0.026310335,1.004105138
32.580000000,-0.013939623,-0.060311505,1.005033939
32.585000000,-0.016415370,0.004077984,1.009079573
32.590000000,0.031947951,0.020709396,0.998878697
32.595000000,-0.004475270,-0.008464467,1.005225565
32.600000000,0.036587275,0.021477652,1.004479485
32.605000000,0.002329422,-0.006109777,1.006711678
32.610000000,-0.047516981,0.010887100,1.007783042
32.615000000,0.005704545,-0.035870117,1.001525884
32.620000000,0.041867264,-0.012747121,1.007191709
32.625000000,-0.012661340,0.018665193,1.011756193
32.630000000,-0.055755474,-0.007896525,1.005735451
32.635000000,0.015815752,0.065964864,1.009547322
32.640000000,0.018406630,-0.016254088,1.011212782
32.645000000,0.044579970,-0.094380717,1.004609698
32.650000000,0.000512938,-0.015312833,1.002441743
32.655000000,-0.041594674,0.001009826,1.000675980
32.660000000,0.019434534,0.024627458,1.006939563
32.665000000,0.060255426,0.021679131,0.994395413
32.670000000,-0.011833650,0.022226438,0.997914969
32.675000000,-0.043642767,0.041366311,1.014514433
32.680000000,0.052899057,-0.053058293,1.010297847
32.685000000,0.027143442,-0.030512418,1.013811063
32.690000000,0.040400120,-0.028838758,0.998206522
32.695000000,-0.003710132,-0.006824074,1.002504196
32.700000000,0.004145066,0.057523071,1.022916672
32.705000000,-0.012335319,-0.072175058,1.006663823
32.710000000,-0.043013870,0.017083577,1.000133921
32.715000000,0.044307732,0.025987954,1.011005884
32.720000000,-0.010818299,-0.051085920,1.008887952
32.725000000,-0.006512618,0.022021105,1.002564183
32.730000000,-0.051154494,-0.044313010,1.003075145
32.735000000,0.039750709,0.031952737,1.006326136
32.740000000,0.033903189,0.042274502,1.002723475
32.745000000,-0.030312401,-0.009252777,0.992384666
32.750000000,0.014595701,-0.015981135,1.014796244
32.755000000,-0.041966096,-0.064520733,1.010046888
32.760000000,0.032510983,0.045310993,0.988509097
32.765000000,-0.028736273,0.017951436,1.013924215
32.770000000,0.055821925,-0.041141330,1.008496025
32.775000000,0.017113521,0.005947709,1.008736882
32.780000000,-0.071856194,0.000241696,1.018329279
32.785000000,0.022836849,-0.004845137,0.999087532
32.790000000,-0.017844218,-0.006957690,1.004641322
32.795000000,0.014482241,0.006361388,1.000462141
32.800000000,-0.008043445,-0.022540869,1.004461586
32.805000000,0.011070871,0.007723330,1.006495279
32.810000000,-0.059809982,-0.038112603,1.004689241
32.815000000,0.013918365,-0.057174372,1.019061858
32.820000000,0.038661668,0.047629199,0.997897029
32.825000000,-0.043928647,-0.028292468,1.002149456
32.830000000,0.047299297,0.009269191,1.009377591
32.835000000,0.008143552,0.028055882,0.997372683
32.840000000,0.051525824,-0.038807590,1.013464181
32.845000000,-0.028758125,0.029703418,1.000065929
32.850000000,0.004410796,0.010824651,1.008680434
32.855000000,0.030780698,0.006381882,1.015733478
32.860000000,0.009882803,-0.037967388,0.992306379
32.865000000,0.013813057,-0.021397213,1.015056908
32.870000000,-0.031710247,0.038292551,1.015492520
32.875000000,0.099776415,0.009961319,0.996252084
32.880000000,0.007984640,0.001900072,1.005957258
32.885000000,0.018744003,-0.052763448,1.014380442
32.890000000,0.001267234,-0.007879359,1.011344596
32.895000000,0.010984931,0.015651646,1.001201645
32.900000000,0.004275308,0.013965614,1.001084273
32.905000000,-0.021837664,0.008279958,1.011017228
32.910000000,0.086125607,-0.001447593,1.010498723
32.915000000,-0.088894999,0.049677078,1.004178290
32.920000000,-0.003897441,-0.037462533,1.013286590
32.925000000,0.006614309,-0.036929665,1.005797452
32.930000000,-0.025702762,0.016903869,0.999215223
32.935000000,0.024620151,0.028715225,1.005652710
32.940000000,0.006372623,0.002259316,1.002803167
32.945000000,0.048941286,-0.044911191,1.001963449
32.950000000,-0.066294797,0.030793750,1.000296891
32.955000000,0.011280543,0.034137913,1.002901944
32.960000000,-0.013575466,0.004853342,1.008207593
32.965000000,-0.003988210,-0.005217243,1.007172194
32.970000000,0.064985529,-0.033011795,1.004198529
32.975000000,0.005531579,-0.026224888,1.005728382
32.980000000,-0.030891818,0.005928804,1.015053570
32.985000000,-0.068060400,0.028879080,1.011296112
32.990000000,0.027993280,0.013479680,1.001130727
32.995000000,0.043236942,-0.007233808,0.998496189
33.000000000,0.036950312,-0.038324599,1.009085102
33.005000000,-0.010592835,-0.043724873,1.007948811
33.010000000,0.025189813,-0.006476616,1.010108544
33.015000000,0.011811500,0.048975407,1.007519635
33.020000000,-0.065391140,-0.008921520,1.006853983
33.025000000,0.006911114,-0.049195158,1.016825748
33.030000000,0.018374159,-0.008868725,0.992769140
33.035000000,0.015234130,0.003470295,1.001737413
33.040000000,-0.047122082,0.013491842,1.010716012
33.045000000,0.033250149,-0.030761652,0.999464333
33.050000000,0.015938064,0.008037980,1.012782007
33.055000000,-0.018968347,0.021923942,1.000637130
33.060000000,0.034043871,-0.009774012,1.008028887
33.065000000,-0.041404664,-0.005889131,1.014196619
33.070000000,0.022482430,-0.032208742,1.001332594
33.075000000,-0.007859306,0.029940625,1.009890810
33.080000000,-0.014659358,-0.003436058,0.999161479
33.085000000,0.014970638,-0.045014794,0.995439763
33.090000000,0.016656450,0.012586686,1.020803295
33.095000000,0.024071216,-0.007597517,1.005574683
33.100000000,-0.019281776,0.016537954,1.000780594
33.105000000,0.014169682,0.011949502,1.009389153
33.110000000,-0.006388685,-0.011985426,0.999915013
33.115000000,0.000272344,-0.013976310,1.011335175
33.120000000,0.021939538,-0.041053049,1.006801542
33.125000000,-0.011460782,0.046854866,0.995939440
33.130000000,0.000197303,0.002031211,1.000769579
33.135000000,0.032636378,-0.057647812,1.008356739
33.140000000,-0.016231924,0.010313312,1.011874002
33.145000000,0.015611576,-0.021621156,1.001527898
33.150000000,0.034467816,0.022360807,1.009611733
33.155000000,-0.038286660,0.005174933,1.009544808
33.160000000,0.020382354,0.001062464,0.996399192
33.165000000,-0.026849458,-0.006622100,1.001305526
33.170000000,-0.010651754,-0.028394534,1.011180472
33.175000000,0.043135446,0.037503990,1.010291412
33.180000000,0.007069380,-0.053125442,1.004934666
33.185000000,0.062879660,-0.018748098,1.013176951
33.190000000,0.003906720,0.031423823,1.005482606
33.195000000,-0.037699704,0.012771393,0.997295918
33.200000000,0.036620553,-0.033331976,1.010739335
33.205000000,0.022862715,-0.048589047,1.007243770
33.210000000,-0.031076738,0.023019842,1.003993684
33.215000000,-0.029232486,-0.032791455,1.012033231
33.220000000,-0.002405664,0.004814316,0.993079177
33.225000000,0.051579660,-0.005237349,1.000575869
33.230000000,-0.021364434,0.019551226,1.018121139
33.235000000,-0.032473475,0.025480442,1.002908009
33.240000000,0.072428398,-0.013892058,1.013537322
33.245000000,-0.014516524,0.008971454,1.007571246
33.250000000,0.016083367,-0.023907897,1.005193512
33.255000000,0.038817772,0.050106907,1.016682183
33.260000000,-0.045587325,-0.015088412,0.994832070
33.265000000,-0.031178737,0.032567936,1.007381462
33.270000000,-0.035572242,0.038945356,1.013813804
33.275000000,0.007215812,-0.028626843,0.996305743
33.280000000,0.041857808,0.002751544,1.012486370
33.285000000,0.012244646,-0.058947110,1.006839301
33.290000000,0.005614153,0.057462013,0.997142313
33.295000000,0.004061471,-0.004871438,1.016611371
33.300000000,-0.008647750,-0.014451624,1.011823790
33.305000000,0.022727696,0.038589502,1.004725477
33.310000000,0.016260247,-0.005156558,1.005227806
33.315000000,0.015097264,0.046436994,1.009308064
33.320000000,0.022653230,-0.009909266,1.004596743
33.325000000,-0.043738428,0.008908661,0.998868787
33.330000000,0.017832815,-0.024585214,1.006379963
33.335000000,0.029899519,0.011351768,1.005492592
33.340000000,-0.010682762,0.019307228,1.002289091
33.345000000,0.027394425,-0.064668376,0.997759468
33.350000000,-0.021450036,-0.010806733,1.014245876
33.355000000,0.017754127,-0.001578609,1.012739506
33.360000000,0.081275546,0.004938099,0.995656664
33.365000000,-0.015355885,-0.005886294,1.008149434
33.370000000,-0.036436775,-0.015807442,1.007509243
33.375000000,0.019979138,-0.039121867,1.001029041
33.380000000,-0.029077717,-0.011771900,1.002780443
33.385000000,-0.018047069,0.029160067,1.003590057
33.390000000,0.011408181,0.005964390,1.007057460
33.395000000,-0.037346882,-0.025325577,1.016486730
33.400000000,0.038272603,-0.060212785,1.002348244
33.405000000,0.032404874,-0.019218223,0.993421341
33.410000000,-0.035780997,-0.027707418,1.005639534
33.415000000,0.062076877,-0.036474565,1.003584109
33.420000000,0.004324253,0.001340716,1.013757651
33.425000000,-0.040118467,0.015449791,1.003701036
33.430000000,0.023199913,-0.011977785,1.012342305
33.435000000,-0.034400495,0.002644775,1.007074826
33.440000000,-0.000708138,0.032408334,0.993718575
33.445000000,-0.015287836,-0.027083989,1.018374847
33.450000000,-0.031261792,-0.032527829,1.006139521
33.455000000,0.066722769,-0.005610264,1.009902481
33.460000000,0.027296998,-0.006993862,1.007266601
33.465000000,-0.065810917,-0.000572961,1.005429662
33.470000000,-0.019476797,0.022179035,0.997733162
33.475000000,0.031559261,-0.023793518,1.003290212
33.480000000,-0.023233365,-0.001514172,1.016194481
33.485000000,0.055290083,0.032243250,0.998153477
33.490000000,0.023426442,-0.019521002,1.019818548
33.495000000,-0.011496749,0.014973403,1.001981929
33.500000000,0.039153096,-0.014254665,1.000918916
33.505000000,-0.062315465,-0.012095578,1.007868428
33.510000000,0.018269119,0.027682597,0.999192790
33.515000000,0.034660922,0.014764252,1.017763501
33.520000000,-0.028691532,-0.038061809,0.997550541
33.525000000,-0.011722537,0.015097758,1.003182593
33.530000000,0.012564101,0.064325342,1.006950711
33.535000000,0.039814007,-0.085341324,1.016323878
33.540000000,-0.026939708,0.011076931,1.004926301
33.545000000,0.001480693,0.080390188,0.997437038
33.550000000,-0.056143726,-0.022452675,1.015450212
33.555000000,0.000807627,-0.012669831,0.994646495
33.560000000,0.110851148,-0.019977911,1.010184861
33.565000000,-0.030457735,0.004693170,1.008937269
33.570000000,-0.012458596,0.044021766,1.002271514
33.575000000,0.026969137,0.044533008,1.003247268
33.580000000,0.026340199,-0.050246729,1.003632723
33.585000000,0.035115792,-0.048834096,1.010997571
33.590000000,0.019425533,0.066192970,1.004812502
33.595000000,0.039512490,0.005693462,1.014396687
33.600000000,-0.017249574,-0.060569187,0.994311170
33.605000000,0.003803344,-0.016713489,1.001675330
33.610000000,0.030299238,0.036694000,1.011859257
33.615000000,0.013003349,0.046358094,1.001268600
33.620000000,-0.001903373,-0.014012685,1.002452059
33.625000000,-0.062951121,0.030402994,1.002503141
33.630000000,0.047869345,-0.030565482,1.019505581
33.635000000,0.058903022,-0.115021109,1.003469920
33.640000000,-0.093743685,0.024801765,1.004456145
33.645000000,-0.046556142,0.001937782,1.013358968
33.650000000,0.018289430,0.019905930,0.998691859
33.655000000,0.028181165,-0.011143632,1.008717528
33.660000000,0.038490733,-0.010530160,1.012671814
33.665000000,0.032514105,0.074387082,1.008934513
33.670000000,-0.013197361,-0.074668528,1.001609728
33.675000000,0.002844863,0.018475680,1.004131245
33.680000000,0.072086803,0.023184944,1.013094332
33.685000000,-0.014084197,-0.017986749,1.005361071
33.690000000,-0.019956809,-0.002032768,1.010541853
33.695000000,0.007258881,-0.042763673,1.004274736
33.700000000,-0.038757083,0.004804929,0.998646609
33.705000000,0.001931045,-0.104698722,1.012621889
33.710000000,0.019444012,0.003440773,0.999733637
33.715000000,-0.008309832,0.008174427,1.004517878
33.720000000,-0.037347472,-0.022193315,1.014082104
33.725000000,-0.061349336,0.062166360,1.009467342
33.730000000,-0.004201702,-0.042729787,1.005944971
33.735000000,0.070886709,-0.033439921,1.001552037
33.740000000,-0.005462802,-0.013471377,1.007950747
33.745000000,-0.013194395,0.011760498,0.996814647
33.750000000,0.006499701,-0.016654938,1.005518735
33.755000000,-0.029749801,0.025402081,0.998480810
33.760000000,0.047417056,0.040972442,1.008550323
33.765000000,0.005545794,-0.013718359,1.020525105
33.770000000,-0.006971958,0.020145642,0.985626161
33.775000000,0.005571975,0.000518206,1.017544135
33.780000000,-0.041770843,-0.006553896,1.005811002
33.785000000,0.032373591,-0.035630100,0.993310733
33.790000000,0.029756623,0.027539737,1.018257469
33.795000000,-0.017426447,-0.017904339,1.001633723
33.800000000,-0.003514007,-0.040259902,1.017780969
33.805000000,0.020063102,0.029938179,0.999369777
33.810000000,0.012099757,0.001283636,0.998195699
33.815000000,0.014617679,0.006080084,1.018199637
33.820000000,0.024713054,-0.018749004,0.995988212
33.825000000,-0.039375443,0.033251886,1.010758073
33.830000000,-0.015017211,-0.000646059,1.011334627
33.835000000,0.050771464,-0.016706209,0.994155141
33.840000000,-0.020119436,0.025146992,1.018754144
33.845000000,-0.010750628,0.006509482,1.009051914
33.850000000,0.046047616,-0.008245551,0.996436844
33.855000000,-0.002715445,-0.006657868,1.022568073
33.860000000,0.035642604,-0.012568659,0.996107426
33.865000000,0.013469642,-0.040823230,0.991974543
33.870000000,-0.025757297,0.060424987,1.010818220
33.875000000,0.034060268,-0.051155395,1.001016881
33.880000000,0.004775973,-0.043615155,1.011981075
33.885000000,0.015800346,0.044134745,0.992313004
33.890000000,0.015432744,-0.042056758,0.997397050
33.895000000,0.000120998,0.039984850,1.013054221
33.900000000,0.039516492,-0.007275450,1.006709362
33.905000000,0.011612647,0.013855470,1.017625699
33.910000000,-0.034556558,-0.001141321,1.004407946
33.915000000,-0.020556371,-0.024814992,1.004211827
33.920000000,-0.016376300,0.026986997,1.010573343
33.925000000,-0.037595732,-0.020387388,0.997048067
33.930000000,0.049483936,0.014841823,1.010339950
33.935000000,0.009445791,-0.005365150,1.009864145
33.940000000,-0.073937060,-0.016714532,1.001217546
33.945000000,0.040907481,-0.024533323,1.005474496
33.950000000,-0.012151058,0.043338320,1.008631632
33.955000000,-0.008171198,-0.001250134,1.007333438
33.960000000,0.086357066,-0.051759062,1.001004034
33.965000000,-0.019264730,0.008765137,1.010271059
33.970000000,-0.004864143,-0.014866329,1.013993626
33.975000000,0.025257654,0.028228836,1.002937069
33.980000000,-0.004786814,-0.060683579,1.003436867
33.985000000,0.009162165,0.008095678,1.010281033
33.990000000,-0.020048950,-0.000610378,1.004018713
33.995000000,0.012475819,-0.065167936,1.004130075
34.000000000,-0.007986672,0.058373661,1.016892329
34.005000000,-0.000361790,-0.006880637,1.000094087
34.010000000,0.077845704,0.020311597,0.998564331
34.015000000,0.015305695,-0.020975254,1.009130068
34.020000000,-0.023008905,-0.007839568,1.008040501
34.025000000,0.041937373,0.023289184,1.011367907
34.030000000,0.039886599,-0.006354987,1.008266611
34.035000000,-0.016933853,0.032972781,1.013993372
34.040000000,-0.025297388,-0.016592568,1.002229322
34.045000000,-0.049301153,0.038047349,1.009108323
34.050000000,0.018518512,-0.064885333,1.014078161
34.055000000,0.059792696,-0.046148168,0.996641356
34.060000000,-0.031241946,0.065183556,1.005997622
34.065000000,0.005619867,0.031813875,1.012545454
34.070000000,-0.013502298,0.036443707,1.003511068
34.075000000,-0.001252730,-0.042611544,1.002403028
34.080000000,0.025014380,0.043303822,1.015048385
34.085000000,-0.021039741,0.014600639,0.999967084
34.090000000,0.023084427,-0.061299466,1.000072057
34.095000000,-0.045637564,0.011104103,1.007619095
34.100000000,0.017667852,-0.008289922,1.007043143
34.105000000,0.066780625,-0.056775096,1.009261536
34.110000000,-0.051334443,-0.038807030,0.993602888
34.115000000,-0.030066762,0.031894057,1.009081606
34.120000000,-0.012944581,-0.019809498,1.001912841
34.125000000,0.035605472,0.025603523,1.002862747
34.130000000,0.001265643,-0.004556285,1.008074389
34.135000000,-0.036182177,-0.058598725,0.995526677
34.140000000,0.015557585,-0.001391266,1.016748787
34.145000000,-0.010340176,-0.024354174,1.014605281
34.150000000,0.003441206,0.009359484,1.001747063
34.155000000,-0.019927360,-0.045947957,0.995520305
34.160000000,0.048343719,0.026074916,1.006496667
34.165000000,0.025366166,0.036798794,1.007026126
34.170000000,-0.064454173,-0.023968483,1.001384841
34.175000000,0.022795597,0.022124446,1.000341677
34.180000000,0.022487629,-0.046904886,1.002099383
34.185000000,-0.023328197,0.015442541,1.008993133
34.190000000,-0.056957222,0.032577857,0.997527370
34.195000000,0.106954906,-0.008891487,1.018368796
34.200000000,0.058314230,-0.090895231,1.010228908
34.205000000,-0.131994319,-0.048427880,0.998718719
34.210000000,0.042088077,0.080742458,1.007061457
34.215000000,0.036315194,0.015904665,1.000432880
34.220000000,0.031813009,0.020280472,1.015650515
34.225000000,0.038404431,-0.043537895,1.004387066
34.230000000,-0.012280766,-0.006363871,1.002724209
34.235000000,0.034798426,0.026622571,1.004858420
34.240000000,0.000948621,-0.020105225,1.004299298
34.245000000,0.028738493,0.029959991,1.016966927
34.250000000,-0.021365447,-0.021307338,1.003505700
34.255000000,-0.019520493,0.013128445,0.998878993
34.260000000,0.041580182,-0.012150834,1.013707221
34.265000000,0.017126442,-0.035653254,1.006077231
34.270000000,-0.002308275,0.032384782,1.005701784
34.275000000,0.000421981,-0.003548987,1.011253137
34.280000000,-0.010823573,0.018608087,0.991687064
34.285000000,0.000265985,0.061722463,1.006681809
34.290000000,0.035731531,-0.023469410,1.013032423
34.295000000,-0.022026495,-0.035147539,1.002283061
34.300000000,0.015582932,0.016735346,1.004132241
34.305000000,-0.019938078,-0.019097058,0.998996743
34.310000000,0.010316063,-0.001739465,1.015437605
34.315000000,0.050429986,-0.000948648,1.013294612
34.320000000,-0.024779388,0.047567632,1.005018290
34.325000000,0.027636127,0.021214962,1.001478536
34.330000000,-0.034864396,-0.043685295,1.019283129
34.335000000,0.034737923,0.000390549,1.009947139
34.340000000,0.005577231,-0.043601330,0.995983056
34.345000000,-0.031204142,-0.001927396,1.020188692
34.350000000,0.042681533,0.025611002,0.997363912
34.355000000,-0.038315342,0.008369672,1.010603631
34.360000000,0.034113901,-0.029816447,1.016786673
34.365000000,-0.012987350,0.014039254,0.990539814
34.370000000,-0.044441325,0.062590507,1.012206183
34.375000000,0.000504992,-0.031893101,1.013374009
34.380000000,0.005644126,0.046535668,1.001241368
34.385000000,-0.014036540,-0.047929545,1.000911723
34.390000000,0.005318397,-0.095080786,1.010607663
34.395000000,0.041158861,0.055404033,1.011994798
34.400000000,-0.068450312,-0.009225842,0.997127294
34.405000000,0.056973953,-0.029056492,1.002447354
34.410000000,0.009885188,-0.011907366,1.011394786
34.415000000,-0.060055562,-0.002854674,1.004320174
34.420000000,0.067569546,-0.021496124,1.009724938
34.425000000,-0.022520686,-0.072516804,1.007149485
34.430000000,0.011831950,0.001686908,0.997205804
34.435000000,0.014705724,0.006659182,1.004983461
34.440000000,-0.026838765,-0.053327632,1.004746513
34.445000000,0.014120807,0.055535091,1.002280012
34.450000000,0.005169150,0.036180061,0.999104850
34.455000000,0.055413865,-0.037761650,1.006907836
34.460000000,0.035221965,0.022990924,1.004023196
34.465000000,-0.035055849,-0.044040840,1.005942927
34.470000000,0.015385967,0.006919410,1.007457451
34.475000000,-0.017603793,0.045718653,0.994975495
34.480000000,-0.045556252,-0.055941061,1.018654633
34.485000000,0.037447564,0.004478170,1.012372350
34.490000000,-0.019026736,0.023743367,0.987864825
34.495000000,-0.020814984,-0.027895328,0.999150172
34.500000000,0.041326852,0.008506001,1.012753869
34.505000000,0.034669728,-0.026023370,1.004851203
34.510000000,0.034567673,-0.011240722,1.004833777
34.515000000,0.058092713,0.033682521,1.020292248
34.520000000,0.008180490,-0.037098781,1.009040737
34.525000000,-0.050857446,0.069956370,0.999177869
34.530000000,0.008023767,-0.020912832,1.002638640
34.535000000,-0.012745298,-0.095626531,1.011221935
34.540000000,0.024342973,0.099752632,1.008014146
34.545000000,0.035025727,-0.002318811,1.005687499
34.550000000,-0.019341482,-0.008548612,1.005739007
34.555000000,0.010401370,0.027454412,0.997267877
34.560000000,-0.023263346,-0.020068485,1.006593315
34.565000000,-0.031553237,0.009104385,1.003673462
34.570000000,0.028872654,-0.000206322,1.012041824
34.575000000,0.070358879,-0.018785817,1.016547323
34.580000000,-0.015671489,-0.036094971,1.000725961
34.585000000,-0.043244876,0.037264022,1.005374309
34.590000000,0.002640671,0.034254667,1.004939638
34.595000000,-0.030640589,0.008007653,1.006324300
34.600000000,-0.034425333,0.001598975,1.006655119
34.605000000,0.019868473,0.008376337,1.001018412
34.610000000,0.032397746,-0.045514162,0.995706983
34.615000000,-0.003803170,-0.048771124,1.010125519
34.620000000,-0.010543116,0.078506036,1.013605904
34.625000000,0.001125464,0.013915948,0.997182199
34.630000000,0.038321378,-0.009870028,1.013315190
34.635000000,-0.034488231,-0.051361374,1.014250241
34.640000000,0.000047430,-0.043487098,1.000854540
34.645000000,0.042598151,-0.006595794,1.008323395
34.650000000,-0.021404911,-0.020601299,1.007233238
34.655000000,0.012996294,0.057052380,1.005307498
34.660000000,-0.014468023,-0.042214454,1.009441168
34.665000000,0.035411398,-0.008561253,1.009343712
34.670000000,-0.042467236,0.007369816,1.000001981
34.675000000,0.021588566,-0.010566978,0.996608797
34.680000000,0.075375563,0.053902014,1.013631196
34.685000000,-0.069933663,-0.016055185,1.010186524
34.690000000,0.057428756,-0.006530228,1.003160014
34.695000000,-0.011498313,-0.048874489,1.006369091
34.700000000,0.010828428,0.006111001,1.010330069
34.705000000,0.049964699,0.022430024,1.015659974
34.710000000,-0.039056853,-0.047231850,1.003064962
34.715000000,0.052537095,0.049518964,1.013242317
34.720000000,0.009737053,-0.004260182,1.000384420
34.725000000,-0.052191274,-0.068037791,1.000300724
34.730000000,-0.028179825,0.001215023,1.013506426
34.735000000,0.039115893,0.017091168,0.997624008
34.740000000,0.018831298,-0.003328414,1.014431010
34.745000000,0.045217791,-0.008057464,0.999144683
34.750000000,0.046644120,-0.046980235,0.998278502
34.755000000,-0.027655411,0.014296264,1.007996040
34.760000000,-0.010765149,0.041827019,1.008463081
34.765000000,0.021555556,-0.065598732,1.013989328
34.770000000,0.074737468,0.018585877,0.996323217
34.775000000,-0.053432907,-0.005635865,1.002680622
34.780000000,-0.028976450,-0.015690049,1.000515905
34.785000000,0.029569305,0.096814004,1.015141746
34.790000000,-0.065537594,-0.059619148,1.006956029
34.795000000,-0.011313681,-0.029725785,0.991253603
34.800000000,0.005542261,0.044182462,1.008696277
34.805000000,0.015060295,-0.061105940,1.006745818
34.810000000,0.018788968,0.032782099,1.008141669
34.815000000,0.032145660,0.017780256,1.000773605
34.820000000,0.038438244,-0.034252518,1.016573792
34.825000000,-0.009685428,0.036053588,1.011733618
34.830000000,-0.021352279,-0.024049794,1.001262484
34.835000000,-0.032551770,0.025384998,1.000291792
34.840000000,-0.014401312,0.078737906,0.994478294
34.845000000,0.035061232,-0.062553118,1.013487324
34.850000000,0.016435130,-0.043286247,1.003964219
34.855000000,-0.035724138,0.006859546,1.007167936
34.860000000,-0.023592997,-0.032417763,1.000480432
34.865000000,-0.030828228,-0.018925339,1.006650928
34.870000000,0.014579317,0.004315186,1.020815937
34.875000000,0.020594426,0.032221784,1.000615057
34.880000000,-0.029724073,0.006754555,1.006489979
34.885000000,-0.006578036,0.021233738,1.007259978
34.890000000,0.001536820,-0.001448191,1.008374374
34.895000000,0.019920790,-0.001101711,1.010174270
34.900000000,0.052804532,0.025999932,1.001963136
34.905000000,0.005840022,-0.070527454,0.999760342
34.910000000,-0.073984897,0.029909405,1.008663496
34.915000000,0.052817779,0.024405552,1.006978980
34.920000000,0.047678934,-0.026924937,1.003721435
34.925000000,-0.064630548,0.030742998,1.015474638
34.930000000,0.011484128,-0.084571462,1.002043103
34.935000000,-0.026599746,0.000022912,1.010899727
34.940000000,0.028468452,0.032106655,1.008491062
34.945000000,0.081927588,-0.033840459,0.994452125
34.950000000,0.004579468,0.023804855,1.010045758
34.955000000,0.026009330,-0.023796024,1.005571765
34.960000000,0.010947293,-0.043477618,1.001480334
34.965000000,-0.002985995,0.029746650,1.000225338
34.970000000,0.043926827,0.023597156,1.008374103
34.975000000,0.023305930,-0.050401693,1.005121995
34.980000000,-0.002853881,-0.001241025,0.999604638
34.985000000,-0.005893619,-0.014812815,1.007058077
34.990000000,-0.033620012,0.002591820,0.997471313
34.995000000,0.017478997,0.043962617,1.015799862
35.000000000,0.014269897,-0.056389284,1.014250047
35.005000000,0.014615289,-0.004080084,0.991921171
35.010000000,0.008318034,0.007877269,1.007541379
35.015000000,-0.071953986,0.002335131,1.010964639
35.020000000,-0.017759103,-0.006944584,1.010272828
35.025000000,-0.011885072,-0.060725935,1.006181539
35.030000000,-0.001288281,-0.000991461,0.997679027
35.035000000,0.054477958,0.017491889,1.009910367
35.040000000,0.017890955,0.038636640,1.004318017
35.045000000,0.013742583,-0.021816829,1.003846681
35.050000000,0.008870626,-0.028215653,1.016068489
35.055000000,-0.052018577,0.046987383,1.016010094
35.060000000,-0.000395018,-0.017719084,1.007804301
35.065000000,0.052419166,0.015697774,1.001853493
35.070000000,0.004289281,0.027521865,1.004623982
35.075000000,0.015253445,-0.033892721,1.014789231
35.080000000,-0.000602294,0.039213302,1.009199572
35.085000000,0.020411806,0.030868161,0.987548184
35.090000000,-0.003474522,-0.063525654,1.016787487
35.095000000,-0.007847932,-0.007148064,1.018576868
35.100000000,0.031370509,0.045250153,0.996049141
35.105000000,-0.018273064,-0.022773372,1.012081261
35.110000000,0.024923447,-0.035352242,0.996268212
35.115000000,-0.009996740,-0.013628913,1.001560947
35.120000000,0.012797616,0.013050049,1.012784644
35.125000000,0.048813150,0.020296109,1.008253919
35.130000000,-0.017450663,-0.003955733,1.014289060
35.135000000,-0.035297050,-0.030386195,1.001469773
35.140000000,-0.000429772,-0.062280597,0.998619766
35.145000000,0.004655205,0.051704425,1.013325846
35.150000000,-0.050946157,0.024473236,1.004859939
35.155000000,0.057230449,-0.027712260,0.996027473
35.160000000,-0.005842400,0.071583440,1.010555230
35.165000000,-0.003914930,-0.019977498,0.997100692
35.170000000,0.054965638,-0.013104947,1.006299283
35.175000000,-0.059514921,-0.004533986,1.007087411
35.180000000,0.028492516,-0.036084728,0.997393093
35.185000000,-0.030597670,-0.028314182,1.015066802
35.190000000,0.002887489,-0.002774691,0.998309311
35.195000000,0.053399011,0.094029357,1.007014642
35.200000000,-0.049627217,-0.034127975,1.010921518
35.205000000,0.029084623,-0.029007635,1.003629529
35.210000000,0.000900185,-0.014178564,1.006506417
35.215000000,0.006821541,-0.059031182,1.003542128
35.220000000,0.047958488,0.046049309,1.022474208
35.225000000,-0.060468721,0.001935919,1.003014355
35.230000000,-0.033129662,-0.041622634,0.993560454
35.235000000,0.061470159,-0.046603317,1.020216543
35.240000000,-0.025119833,0.060443020,1.019178608
35.245000000,-0.022960873,0.033486349,0.996914610
35.250000000,0.017858713,-0.071795457,0.998288304
35.255000000,0.001102473,0.004972776,1.007805392
35.260000000,-0.003286322,0.001887923,1.000125548
35.265000000,-0.020957482,-0.035686561,1.010208041
35.270000000,0.064364800,-0.018376845,0.996994249
35.275000000,-0.020313904,0.067784814,1.006866048
35.280000000,0.028578714,0.031768044,1.014367452
35.285000000,0.073641504,-0.012661632,0.997903995
35.290000000,-0.110946131,0.001120889,1.014640452
35.295000000,0.024192439,-0.034703217,1.004770664
35.300000000,0.031260042,0.003707180,0.993231337
35.305000000,-0.027643690,0.053744837,1.004954635
35.310000000,0.021339233,-0.010088062,1.004362063
35.315000000,-0.006924977,-0.078787593,1.000913587
35.320000000,0.058324566,0.087205995,1.010721429
35.325000000,-0.011659381,0.010685752,1.000151118
35.330000000,-0.032712068,-0.121988914,0.994021947
35.335000000,0.065682298,0.039005372,1.017877831
35.340000000,0.015232934,0.028315602,1.007307093
35.345000000,-0.010285661,-0.015031856,1.006280512
35.350000000,0.005571131,-0.011466003,1.012407008
35.355000000,-0.009818085,-0.028806868,0.996871516
35.360000000,0.003599895,-0.046932807,1.010557560
35.365000000,-0.017828510,-0.001802709,1.002031946
35.370000000,-0.010022237,0.012778591,1.000184538
35.375000000,0.049757367,-0.015275921,1.019453984
35.380000000,0.063673201,0.004286160,1.002519632
35.385000000,-0.001505496,-0.004531173,1.009352976
35.390000000,-0.032971999,0.045381656,1.011549896
35.395000000,0.052474272,-0.021254146,1.000718838
35.400000000,0.012255378,-0.038092796,1.016509099
35.405000000,-0.071892287,-0.006602125,0.998493090
35.410000000,-0.000600268,-0.023018033,1.005988476
35.415000000,0.062412964,0.041056556,1.022010107
35.420000000,-0.019634441,0.024432151,1.001862539
35.425000000,-0.018647922,-0.015498118,1.005580557
35.430000000,0.056059011,-0.032731796,1.015195767
35.435000000,-0.045120488,0.040294938,1.005117423
35.440000000,-0.023257006,0.020903793,1.009500778
35.445000000,-0.015143860,-0.051526113,1.015729468
35.450000000,-0.020035696,0.034340610,1.001199329
35.455000000,0.089061913,0.025824568,1.011160783
35.460000000,0.028403951,-0.033574242,1.007639856
35.465000000,-0.030660927,-0.008033390,1.003548807
35.470000000,-0.017848351,0.026477759,1.010348724
35.475000000,0.019859826,-0.001852038,0.997606492
35.480000000,-0.024041928,0.000524392,1.008621075
35.485000000,0.040490967,0.013230537,0.998894096
35.490000000,0.086676285,0.033774771,1.001211716
35.495000000,-0.077233082,0.010045950,1.012677923
35.500000000,-0.014738511,-0.085437737,1.002505250
35.505000000,-0.021678426,0.015613079,0.992483664
35.510000000,-0.033854644,0.039823761,0.991911232
35.515000000,0.033982482,-0.048103959,1.010749734
35.520000000,-0.007323632,0.031775087,1.001378668
35.525000000,0.020765258,-0.029192740,1.006908330
35.530000000,0.008992290,-0.072191939,1.010169012
35.535000000,0.033453828,0.026521960,0.999662654
35.540000000,-0.001304236,-0.017115192,1.012997891
35.545000000,-0.005023639,0.022228601,1.002239652
35.550000000,0.031683450,0.011403386,1.007957507
35.555000000,-0.058506270,-0.047343780,1.007314650
35.560000000,-0.047920390,0.010537559,0.997991044
35.565000000,0.037997083,-0.051509494,1.010961687
35.570000000,0.037511513,0.000176501,1.009752512
35.575000000,-0.047562728,0.038215228,1.000650243
35.580000000,0.033592574,-0.048885176,0.993967506
35.585000000,0.022989277,-0.019289397,1.011158906
35.590000000,-0.047727434,0.001555674,1.009477898
35.595000000,0.069703781,0.003928863,0.996654354
35.600000000,0.000032613,0.077310717,1.016734661
35.605000000,-0.006825817,0.011074451,1.015001158
35.610000000,-0.006006099,-0.098020262,0.997463776
35.615000000,-0.012902863,0.038254862,1.002105162
35.620000000,0.098896820,-0.000226859,1.013091000
35.625000000,-0.031307040,-0.033153975,1.007496545
35.630000000,-0.069561334,0.047151034,0.996296223
35.635000000,0.028312102,0.004160176,1.019812833
35.640000000,-0.010837241,0.030714958,1.016003164
35.645000000,-0.026005136,-0.033011695,0.990478325
35.650000000,0.058430877,0.004616877,1.003546912
35.655000000,0.014901826,0.008683081,1.001030939
35.660000000,-0.058755861,-0.046386878,1.010846428
35.665000000,0.043292344,0.017994128,1.022279779
35.670000000,0.027859385,-0.012084895,1.005945937
35.675000000,0.037250164,0.011964609,1.004015025
35.680000000,0.051146254,0.014254165,0.994946173
35.685000000,-0.032147897,-0.036679302,0.999755905
35.690000000,0.015780534,-0.057693834,1.007604475
35.695000000,-0.007716645,-0.006867778,1.010498206
35.700000000,-0.003810478,0.034316296,1.008304907
35.705000000,0.043096665,-0.010990627,0.998535509
35.710000000,-0.003905874,-0.025709131,1.009588140
35.715000000,0.007533619,0.001190562,1.005323096
35.720000000,0.002450068,-0.008354410,1.004600834
35.725000000,-0.046186001,-0.037701540,1.011415608
35.730000000,0.022191383,0.047629063,1.002859540
35.735000000,0.060726119,0.042987372,1.004330852
35.740000000,-0.022786639,-0.001452202,1.014335307
35.745000000,0.014863541,-0.050536342,1.010945678
35.750000000,0.029340697,-0.032331986,1.005814069
35.755000000,0.007302063,0.052087997,1.012609237
35.760000000,0.028937757,-0.005728249,1.012732476
35.765000000,-0.049340972,0.031304741,1.004639001
35.770000000,-0.017995094,-0.015053604,1.000216091
35.775000000,-0.001458086,0.005303539,1.005721322
35.780000000,-0.034692618,0.032880275,1.006959878
35.785000000,0.022069348,-0.059598899,1.009743604
35.790000000,-0.002391723,0.018960762,1.006723593
35.795000000,-0.037219248,0.018370347,1.000469375
35.800000000,-0.017423132,-0.005233727,1.006822008
35.805000000,0.008307820,-0.072730151,1.003638354
35.810000000,0.007890283,-0.008751953,1.009421314
35.815000000,-0.003327782,0.071395333,1.009330630
35.820000000,-0.015991055,-0.043047828,1.004671268
35.825000000,0.022237227,0.018180084,1.008727648
35.830000000,0.041482597,-0.014526006,0.997767092
35.835000000,-0.049749359,-0.039680229,1.010419005
35.840000000,-0.011107394,0.042475306,1.012456195
35.845000000,0.050994217,-0.003797645,0.998208174
35.850000000,0.025430990,-0.015743866,1.007149753
35.855000000,0.049752916,-0.006443100,1.004434048
35.860000000,0.016848275,0.013345319,0.994592377
35.865000000,-0.035560049,0.008608400,1.009441008
35.870000000,-0.047447882,-0.013320127,1.005202983
35.875000000,-0.022677432,0.008619299,0.993693848
35.880000000,0.040891788,-0.025031905,1.019013650
35.885000000,0.033467051,-0.004432139,1.008876590
35.890000000,0.018844836,0.016024287,0.992254090
35.895000000,0.015640498,-0.036697643,1.007411028
35.900000000,-0.035536895,-0.029259230,0.999925058
35.905000000,0.017596012,-0.009992693,1.004992496
35.910000000,0.032590983,0.036423325,1.009222529
35.915000000,-0.026455308,0.017351617,0.998050224
35.920000000,0.014024526,-0.012698619,1.004159221
35.925000000,0.005171124,-0.039474800,1.016311974
35.930000000,0.025314001,-0.005094279,1.006419948
35.935000000,0.027047174,0.084616094,1.007511285
35.940000000,-0.003614990,-0.043469335,1.013254010
35.945000000,-0.016436944,-0.008338292,1.007091181
35.950000000,-0.048670036,0.005712513,1.004063617
35.955000000,0.047730234,-0.055838807,1.001891947
35.960000000,0.017969807,0.019125172,1.017691893
35.965000000,-0.028410637,-0.041692547,1.000346542
35.970000000,0.020149138,0.046864919,1.008904956
35.975000000,-0.014467538,0.025376498,1.021048598
35.980000000,0.043506664,-0.029809597,0.979225720
35.985000000,0.023462969,0.004834145,1.003320415
35.990000000,-0.009777707,-0.029074969,1.014547620
35.995000000,0.034572831,0.063452363,1.005729268
36.000000000,-0.016097169,-0.035236449,1.005299930
36.005000000,0.005948902,-0.002658532,1.012004475
36.010000000,0.015897004,0.028716537,1.018127779
36.015000000,-0.034234875,-0.092806361,0.983659557
36.020000000,-0.002949454,0.037856495,1.015747189
36.025000000,-0.035984975,0.029831062,1.023306414
36.030000000,0.004517530,-0.041565278,0.994847132
36.035000000,0.109972656,-0.000126332,1.008983890
36.040000000,-0.048516314,0.001171926,1.000302334
36.045000000,-0.040558168,-0.032265218,1.008698783
36.050000000,0.079489298,-0.018460051,1.001832462
36.055000000,-0.044337729,-0.019485432,0.998959506
36.060000000,-0.023103723,-0.044235039,1.018751979
36.065000000,0.023562872,0.018952265,1.005921747
36.070000000,0.006943644,-0.027647892,1.003380860
36.075000000,0.009885011,-0.009426289,1.009354350
36.080000000,-0.012673554,0.029673597,1.003329037
36.085000000,0.040996411,-0.004789169,1.002831191
36.090000000,-0.012205381,0.050773397,1.003795978
36.095000000,-0.066646819,0.014604978,1.007098945
36.100000000,0.029944370,-0.001395326,1.003475200
36.105000000,0.033899278,-0.023815549,0.997545356
36.110000000,-0.025863820,0.005992100,1.005272186
36.115000000,-0.009798170,0.045184053,1.009705532
36.120000000,-0.002004040,-0.030059669,1.011858278
36.125000000,0.013668502,0.006402658,1.007604646
36.130000000,0.052523560,0.000855632,1.002404179
36.135000000,0.010553950,-0.014461523,1.005868773
36.140000000,-0.017105262,-0.044963730,1.010626682
36.145000000,0.014479324,-0.006072174,1.017872861
36.150000000,0.009489072,0.059633053,0.999680385
36.155000000,-0.044037713,-0.031936549,0.990391862
36.160000000,-0.038091281,0.006859764,1.010442635
36.165000000,0.054204339,-0.021571301,1.007241064
36.170000000,0.040684329,-0.001911289,0.998202615
36.175000000,0.001113485,0.075862766,1.010290111
36.180000000,0.018352619,-0.032978360,1.012487604
36.185000000,0.021962689,0.011574818,1.001340611
36.190000000,0.021782166,0.040283853,1.004980108
36.195000000,-0.032556659,-0.034504732,1.011075421
36.200000000,0.026740551,0.004345890,1.012135858
36.205000000,0.032734261,0.017859050,1.003766481
36.210000000,-0.079515242,-0.069138333,1.000561082
36.215000000,0.000377194,-0.017193626,1.004333037
36.220000000,0.012603071,0.013587143,1.001173251
36.225000000,-0.024625836,-0.039955789,1.013150557
36.230000000,0.008639791,0.016403363,1.009547514
36.235000000,0.041493761,-0.023203018,0.998589778
36.240000000,0.049596093,0.001987803,1.009782693
36.245000000,-0.026969615,0.051752625,1.011623378
36.250000000,-0.008694569,-0.013621913,0.999859123
36.255000000,0.043205750,-0.030590447,1.006984424
36.260000000,0.027313682,-0.014479582,1.012594454
36.265000000,-0.028343668,0.000608153,0.994806129
36.270000000,-0.013565068,-0.022956867,1.011193649
36.275000000,0.011524651,0.006496458,1.019530438
36.280000000,-0.000779636,-0.030013697,1.000066470
36.285000000,0.036892399,-0.014502610,1.005812331
36.290000000,-0.033327184,0.042927269,1.015484860
36.295000000,0.039235448,-0.033088277,0.999713898
36.300000000,0.058527336,-0.008431176,1.001271046
36.305000000,-0.086702435,-0.007754108,1.021567834
36.310000000,-0.033155873,-0.000696000,0.998999784
36.315000000,0.030351812,0.012496598,0.990388368
36.320000000,0.053380193,-0.036323633,1.002014474
36.325000000,-0.007132615,-0.001131934,1.008832980
36.330000000,-0.022455620,0.004006388,1.023439813
36.335000000,-0.044365024,-0.007228955,1.007932942
36.340000000,-0.040239620,0.014637882,0.996053820
36.345000000,0.073821100,0.016697222,1.006765424
36.350000000,-0.017795796,-0.025788405,0.998168247
36.355000000,-0.016502213,0.029497083,0.996629690
36.360000000,0.024290382,0.065170121,1.021741119
36.365000000,0.004872292,-0.070400942,0.999250692
36.370000000,0.036867176,-0.051178421,0.988500501
36.375000000,-0.030639135,0.040450545,1.011850288
36.380000000,-0.003806133,-0.011912130,1.008244990
36.385000000,0.005008935,-0.032551194,1.004894706
36.390000000,-0.035267770,0.004033738,1.005064120
36.395000000,0.041018944,-0.024682543,1.005537823
36.400000000,0.054079496,-0.007674668,0.996060421
36.405000000,-0.015144443,0.018603669,1.004179939
36.410000000,-0.009327839,0.002250524,1.016171522
36.415000000,0.012094200,0.028755221,1.008017257
36.420000000,-0.013693543,-0.007381160,1.000472756
36.425000000,0.013662181,0.016139460,0.998511635
36.430000000,0.013263167,0.007271860,1.016706508
36.435000000,-0.027784387,-0.029140919,1.006028472
36.440000000,0.021198209,0.067066378,1.004061789
36.445000000,0.047248187,0.024476212,1.012203790
36.450000000,0.038223268,-0.025183451,1.005716239
36.455000000,0.032766960,-0.025973524,1.006450825
36.460000000,-0.037614148,-0.029243856,1.014626703
36.465000000,0.010770621,0.040288741,1.013113356
36.470000000,0.000517560,-0.014403397,0.999309689
36.475000000,-0.061604122,-0.054773959,1.011437539
36.480000000,0.062013185,0.029215248,1.003594912
36.485000000,0.017370772,-0.011104244,1.009460662
36.490000000,-0.052518454,-0.035122076,1.009025724
36.495000000,-0.004972111,0.062270637,1.000901457
36.500000000,-0.012750357,-0.006239725,1.020579254
36.505000000,0.028664838,-0.033082723,1.000463373
36.510000000,0.051379651,-0.008023931,1.011626971
36.515000000,0.022245658,-0.053323388,1.008000710
36.520000000,-0.011870332,0.030218554,0.998199464
36.525000000,-0.015577969,0.010174074,1.011644489
36.530000000,0.001816901,-0.084458374,0.998877238
36.535000000,0.020809348,-0.013918640,1.005459199
36.540000000,0.008335515,0.099291814,1.002954291
36.545000000,-0.033333638,-0.005079774,1.002385664
36.550000000,0.016945532,-0.069302008,1.003094720
36.555000000,0.031048385,0.001349025,1.005646800
36.560000000,-0.033962065,-0.019786142,1.013065251
36.565000000,0.011297252,0.030424400,1.013280425
36.570000000,0.025565617,-0.004971560,1.008035039
36.575000000,0.000540705,0.002494635,1.001813005
36.580000000,0.011061455,-0.011289031,1.003964234
36.585000000,-0.032563351,-0.056818063,0.997739285
36.590000000,0.028046404,0.036030511,1.007547190
36.595000000,-0.006378668,0.013356625,1.007232421
36.600000000,-0.052691710,0.026836326,1.003400176
36.605000000,0.030608406,-0.000494210,1.008358643
36.610000000,-0.039665300,0.013009882,1.007428257
36.615000000,0.008447062,-0.005112796,1.008376774
36.620000000,0.032026340,-0.016273073,1.000856334
36.625000000,0.016699038,0.021037840,1.001689324
36.630000000,0.060877220,-0.041901850,1.007461823
36.635000000,-0.042282631,0.041954466,1.007430515
36.640000000,-0.041368854,-0.040728312,0.994564966
36.645000000,0.003157553,-0.017715097,1.010237903
36.650000000,-0.018412523,-0.004062525,1.016448318
36.655000000,-0.017480729,-0.089023663,1.000705634
36.660000000,0.061331633,0.055808539,1.008748726
36.665000000,0.039005492,0.012037958,1.003769618
36.670000000,-0.022824712,-0.001044879,1.010725163
36.675000000,0.027027137,0.019545593,1.000159667
36.680000000,-0.035897403,0.016098850,1.000881826
36.685000000,-0.004536397,0.009654043,1.004098279
36.690000000,0.020264710,-0.012908374,0.996050180
36.695000000,0.002286444,-0.015599038,1.020511937
36.700000000,0.064431620,0.010560671,1.001769651
36.705000000,0.016486991,0.063016407,0.996864298
36.710000000,0.017652478,-0.027003538,1.008145301
36.715000000,0.010998607,0.021270206,1.006215196
36.720000000,-0.010283635,-0.011255107,1.008004089
36.725000000,0.031816320,-0.022984636,1.002269232
36.730000000,0.002031107,0.015537223,1.014566185
36.735000000,0.018183472,-0.040104347,1.001339488
36.740000000,0.009634508,0.014448811,0.998019510
36.745000000,-0.028598805,-0.043023520,1.006618552
36.750000000,0.023052430,-0.002931065,1.000011215
36.755000000,-0.028500865,-0.012773120,1.018129796
36.760000000,-0.031163490,-0.006113366,1.015458272
36.765000000,0.010766368,0.016929364,1.008346839
36.770000000,-0.004658949,-0.015516021,1.005830167
36.775000000,0.043814912,0.005887236,1.005720938
36.780000000,0.012503133,-0.094005345,1.013683410
36.785000000,0.012087252,0.006171001,1.000589723
36.790000000,-0.030436629,0.015266797,1.003254048
36.795000000,-0.008088260,0.005385653,0.998591701
36.800000000,0.027137281,0.012180451,0.999104158
36.805000000,-0.094925805,-0.088497334,1.026141139
36.810000000,0.003068176,0.033957769,1.009654097
36.815000000,0.045441433,0.010642995,1.010162729
36.820000000,0.017348345,-0.043699518,1.007603525
36.825000000,-0.013708000,0.016511298,1.001712589
36.830000000,-0.023316996,0.003681716,1.008661570
36.835000000,0.057502768,-0.041961850,0.994134736
36.840000000,-0.015329989,-0.002549240,1.013595981
36.845000000,-0.004706754,0.061963222,1.008990107
36.850000000,0.006849840,0.013926460,1.002574015
36.855000000,0.021174062,-0.004434569,1.006798333
36.860000000,0.016352628,0.003329267,1.009837623
36.865000000,-0.020755433,0.032313590,1.015282977
36.870000000,0.027209494,0.012653547,0.997661300
36.875000000,-0.032055825,-0.026454058,1.000770903
36.880000000,-0.003108214,-0.014911252,0.994105578
36.885000000,0.018980187,0.016842343,1.017344754
36.890000000,-0.002700390,0.012962558,1.013923182
36.895000000,0.000111177,-0.018304282,0.986578228
36.900000000,-0.026362333,0.012842544,1.008585583
36.905000000,0.030757626,0.014195010,0.994832716
36.910000000,0.024667589,-0.012574987,1.001920835
36.915000000,-0.008871806,-0.011567449,1.011022389
36.920000000,0.015187042,0.026150357,1.009616200
36.925000000,0.021738885,-0.026255736,1.010333350
36.930000000,0.020969421,-0.019989369,1.004501055
36.935000000,0.017560473,0.073689572,1.013203929
36.940000000,-0.053851503,-0.015375923,1.003501542
36.945000000,-0.005556994,-0.038366123,1.009266906
36.950000000,0.057924768,-0.010531595,1.000309826
36.955000000,-0.033340090,-0.026694496,1.005095138
36.960000000,0.009710341,-0.007320103,1.012158027
36.965000000,0.015918282,-0.035528983,1.004513383
36.970000000,0.021014437,-0.039068009,1.009742572
36.975000000,0.067091749,-0.000364361,0.999872102
36.980000000,-0.032138956,0.026884607,1.013501594
36.985000000,-0.039455250,0.026564919,1.000043768
36.990000000,0.011223262,0.003571378,0.998645170
36.995000000,0.029347307,-0.038373615,1.017242877
37.000000000,0.012326587,-0.015440090,1.008746030
37.005000000,-0.022021309,0.018538984,1.014400892
37.010000000,0.008236279,-0.020992586,0.992244827
37.015000000,0.025726649,-0.021860044,0.990666599
37.020000000,-0.008124257,0.000398414,1.011443162
37.025000000,0.012507481,-0.005707767,1.006022940
37.030000000,0.061706265,0.016417844,1.000475795
37.035000000,0.004511720,0.045262761,1.004323994
37.040000000,-0.045807433,-0.017695854,1.004067286
37.045000000,-0.006625680,-0.027743783,1.006849532
37.050000000,0.015925147,0.038179276,1.018867065
37.055000000,0.017613046,0.000628926,1.007681377
37.060000000,-0.012285649,-0.002673507,1.005651727
37.065000000,-0.012854240,0.031879505,1.005245286
37.070000000,0.023371646,-0.036574869,1.000062082
37.075000000,-0.002638162,-0.056521416,1.010458791
37.080000000,0.008673397,0.002229755,1.002006625
37.085000000,0.007215529,0.025626877,1.010121121
37.090000000,-0.002986339,-0.006226778,1.011217810
37.095000000,-0.010539027,-0.018283209,1.002447031
37.100000000,-0.035719126,0.007355769,1.007894537
37.105000000,0.043419669,-0.024634243,1.001475278
37.110000000,0.009266079,-0.004952282,1.005275193
37.115000000,-0.007883840,0.040543620,1.008680098
37.120000000,-0.032627888,-0.000840214,1.005709286
37.125000000,-0.054304786,-0.027372554,1.010868705
37.130000000,0.059566198,-0.017570575,1.009039993
37.135000000,-0.019723284,0.015276192,0.994880919
37.140000000,0.032693844,0.017405105,1.007536717
37.145000000,0.013626259,0.006228819,1.017602278
37.150000000,-0.074869131,0.002791521,0.993282086
37.155000000,0.087304736,-0.044951420,1.008174203
37.160000000,0.011963959,-0.049879039,1.014288160
37.165000000,-0.037306310,0.035283592,0.998536912
37.170000000,-0.001611671,0.024254580,1.003090176
37.175000000,-0.014262706,-0.054736481,1.008575225
37.180000000,0.049433882,-0.028261123,1.012090704
37.185000000,0.030687576,-0.000626486,0.999382451
37.190000000,-0.035910712,0.020134431,1.003975749
37.195000000,-0.010398354,0.020201894,1.008195387
37.200000000,0.038944059,-0.014935264,1.003561216
37.205000000,-0.024684590,-0.025463703,1.003244459
37.210000000,0.005089584,0.024924953,1.000272262
37.215000000,0.016740848,0.056876346,1.012090985
37.220000000,-0.009237140,-0.015724247,1.007401748
37.225000000,0.051155595,-0.055309103,1.006492632
37.230000000,-0.003991437,-0.044680385,1.016201960
37.235000000,-0.013528793,0.002596012,1.015378465
37.240000000,0.002022929,0.002595310,1.002962974
37.245000000,-0.018467030,0.026094347,0.997702823
37.250000000,0.026663770,0.029154847,1.010644802
37.255000000,0.009813744,0.006225001,1.002624524
37.260000000,0.004539097,0.054364080,1.012132108
37.265000000,0.046142300,-0.080092853,1.016210568
37.270000000,-0.015489608,-0.008930676,0.997755028
37.275000000,-0.021981241,0.069075967,1.000276758
37.280000000,0.048870830,-0.086647210,1.009774552
37.285000000,-0.000694981,-0.003815326,1.015500513
37.290000000,-0.018029995,0.042730989,1.002755930
37.295000000,-0.003570294,0.016174733,1.005604043
37.300000000,-0.003373354,-0.032267547,1.002359851
37.305000000,0.034519775,-0.044957896,1.001382391
37.310000000,-0.007066599,0.006619403,1.009102921
37.315000000,-0.017056552,0.008754641,0.998739437
37.320000000,0.037314832,0.057125101,1.014646015
37.325000000,0.008993848,-0.035618589,1.002700225
37.330000000,-0.020309490,-0.038512961,0.999642286
37.335000000,0.015677151,0.032079095,1.008638578
37.340000000,0.026243698,-0.033775056,0.990517134
37.345000000,0.036785380,0.067767634,1.016156449
37.350000000,0.003063814,0.027398571,1.010930957
37.355000000,-0.041601303,-0.077488433,0.993445251
37.360000000,0.044099523,0.019172031,1.009560534
37.365000000,0.036328623,-0.032509674,1.008664460
37.370000000,-0.032519747,-0.008728174,1.006481800
37.375000000,0.029248842,-0.010622370,1.004957366
37.380000000,0.032084973,-0.034298216,1.008209608
37.385000000,-0.003127241,0.058494858,1.003468079
37.390000000,-0.007059572,-0.033889419,1.007606750
37.395000000,-0.028619852,-0.031562916,1.006774146
37.400000000,0.017638045,-0.013050019,0.993040110
37.405000000,0.002334750,0.010537607,1.013282095
37.410000000,-0.064616535,0.021130076,1.010249289
37.415000000,0.000263482,-0.033054946,0.998799779
37.420000000,0.029467422,0.038168129,0.999737250
37.425000000,-0.012559043,-0.032099952,1.010742431
37.430000000,-0.000542560,-0.026944834,1.019740853
37.435000000,0.003482041,0.030198997,0.993114223
37.440000000,-0.022234799,0.023793149,1.007665218
37.445000000,0.003783887,0.018756316,1.023117884
37.450000000,0.037427113,-0.019528383,0.993674644
37.455000000,0.017004434,0.030630636,1.002594022
37.460000000,-0.019141756,-0.010523554,1.009398138
37.465000000,-0.027339210,-0.044533987,1.001451509
37.470000000,0.013639144,0.011244873,1.006750709
37.475000000,0.023990531,0.029531921,1.001238772
37.480000000,-0.048946909,-0.041603032,1.009144635
37.485000000,-0.042578640,-0.041856737,1.008734760
37.490000000,0.067070927,0.015777898,0.996944488
37.495000000,0.037206717,-0.018637492,1.005395601
37.500000000,-0.015950245,0.008542798,1.012513645
37.505000000,-0.035849088,0.002446770,1.004919735
37.510000000,-0.044355490,-0.020748541,1.000939860
37.515000000,0.067445503,-0.002124399,1.012042022
37.520000000,0.029524914,-0.032567330,1.015356340
37.525000000,-0.041137804,-0.052676608,1.005698024
37.530000000,0.007534298,0.026807711,1.007510441
37.535000000,0.006306492,-0.007652045,1.008843345
37.540000000,-0.014969897,-0.038107229,1.008128997
37.545000000,-0.012663940,0.044176627,1.005131049
37.550000000,-0.000485080,-0.026980339,1.002162045
37.555000000,-0.003283664,0.027009271,1.009732760
37.560000000,0.048096203,0.048104761,1.015503777
37.565000000,0.042349567,-0.000579995,1.003808508
37.570000000,0.035744913,0.029612769,0.998016567
37.575000000,0.038770749,-0.018355037,1.013439970
37.580000000,-0.019470589,-0.015666113,1.013570267
37.585000000,-0.002900065,-0.017226730,1.005033090
37.590000000,0.017061987,0.008488059,1.002341449
37.595000000,0.014366367,0.009811188,0.996173999
37.600000000,-0.016718002,0.022827943,1.001257860
37.605000000,0.035993088,0.005380126,1.009286672
37.610000000,-0.005262244,-0.041573931,1.013165501
37.615000000,-0.022894292,0.006047767,1.004089808
37.620000000,0.068444017,-0.001655029,1.002792299
37.625000000,0.010604417,-0.008245509,1.013942364
37.630000000,0.049835904,-0.003530824,0.994515172
37.635000000,-0.029164572,0.037438275,1.004055264
37.640000000,-0.052969891,0.006607954,1.014944264
37.645000000,0.015611046,-0.016013561,0.994791319
37.650000000,0.015696839,-0.001613929,0.999628674
37.655000000,0.047056537,-0.054135831,0.994955546
37.660000000,-0.050030575,0.028680571,1.004835534
37.665000000,0.027472000,0.034949865,1.017655146
37.670000000,-0.012520410,-0.032542090,0.997481877
37.675000000,-0.057205372,-0.023229244,1.010086853
37.680000000,0.060841782,-0.001367055,1.007827404
37.685000000,0.010620419,0.021500804,0.997501650
37.690000000,0.013229495,-0.006924856,1.014730781
37.695000000,-0.010067793,-0.044288941,1.002194471
37.700000000,0.043661697,-0.006913112,1.000820150
37.705000000,-0.011008888,0.040162547,1.013028753
37.710000000,-0.090330025,-0.022415418,1.008197061
37.715000000,0.056284296,-0.017936321,1.016988438
37.720000000,0.032193401,0.043365147,1.012764931
37.725000000,-0.024488571,-0.037191745,0.984524114
37.730000000,-0.007297342,-0.048659455,0.995331062
37.735000000,-0.020855138,0.055566165,1.020808821
37.740000000,-0.014103208,-0.036084839,1.016669948
37.745000000,0.004953329,-0.025588356,1.001967893
37.750000000,-0.056979084,0.034215383,1.002690305
37.755000000,-0.060944025,-0.039958058,1.008084720
37.760000000,0.061899057,0.044642659,1.007239255
37.765000000,0.013852353,-0.030913776,1.014105684
37.770000000,0.021454513,-0.046758432,0.996549358
37.775000000,0.085930330,-0.010674833,1.002558786
37.780000000,-0.035304828,-0.031933280,1.012653725
37.785000000,0.006559356,0.053670375,1.002886181
37.790000000,0.028562400,-0.056395437,1.014127883
37.795000000,-0.052532870,0.022318692,1.000214716
37.800000000,0.043837493,0.041904346,1.009667323
37.805000000,0.035977981,-0.065004064,1.012769661
37.810000000,-0.003632408,0.051328136,1.001679764
37.815000000,-0.006369054,-0.013786440,1.009900842
37.820000000,0.003329058,-0.062770947,1.003042382
37.825000000,0.006133424,0.013495750,1.010627124
37.830000000,-0.089879350,0.013593317,1.007346550
37.835000000,0.052122255,0.016150729,1.001843345
37.840000000,0.078258477,0.010222891,1.000048952
37.845000000,-0.047641405,-0.055460980,1.009423174
37.850000000,0.041720121,0.007198348,0.999080654
37.855000000,-0.043081328,0.063566884,1.002833017
37.860000000,-0.041543566,-0.010984965,1.018809611
37.865000000,0.099608251,0.024877652,0.998363396
37.870000000,-0.022446878,-0.000974594,1.016205083
37.875000000,-0.020611466,-0.009993806,1.000675050
37.880000000,0.043627841,0.030424166,1.004081968
37.885000000,-0.004496372,-0.047625381,1.013308942
37.890000000,0.010962433,0.004506995,0.989479603
37.895000000,-0.049649220,0.042600877,1.018792598
37.900000000,0.035559322,-0.051749668,1.004978889
37.905000000,0.056040569,-0.004064101,0.997586396
37.910000000,-0.049053968,0.024013990,1.006624350
37.915000000,0.007599665,0.018752453,1.009955946
37.920000000,-0.025634454,0.045737900,1.011145464
37.925000000,0.049211645,-0.047263176,0.993065523
37.930000000,0.051986023,-0.053427046,1.001742832
37.935000000,-0.054051795,-0.017161082,1.011179814
37.940000000,0.031682092,0.000955797,1.016781038
37.945000000,0.044640412,0.004951090,1.004485720
37.950000000,-0.052742849,0.007293772,0.998986771
37.955000000,-0.029524279,0.057373205,1.000336585
37.960000000,0.066787946,-0.050912182,1.003985266
37.965000000,0.001630293,-0.042043774,1.003281099
37.970000000,-0.016202180,0.038822590,1.000283401
37.975000000,-0.032428629,-0.012202674,1.020623513
37.980000000,0.013980798,0.033067627,0.997390657
37.985000000,0.056568133,-0.025243111,1.001488089
37.990000000,-0.001354861,-0.065415320,1.010696573
37.995000000,0.053207286,0.033598409,1.008209108
38.000000000,-0.063280972,-0.015242552,1.015687971
38.005000000,-0.031785701,-0.049388162,1.004396071
38.010000000,0.043279538,0.016060122,1.012218602
38.015000000,-0.019651130,0.036708087,1.002128118
38.020000000,0.010668148,-0.001780452,1.003428560
38.025000000,-0.006927136,-0.040724604,1.015124607
38.030000000,0.051325446,-0.013955004,1.000721582
38.035000000,0.003951496,-0.015721138,1.007460420
38.040000000,-0.048463140,0.028429903,1.022659519
38.045000000,0.044847166,0.000136042,0.996305709
38.050000000,0.043529272,-0.042099748,0.994453065
38.055000000,-0.012825261,0.028777978,1.020905655
38.060000000,0.009931241,-0.031980874,0.995669657
38.065000000,-0.017869141,-0.001885396,1.008009340
38.070000000,-0.011990563,0.014579480,1.004345535
38.075000000,-0.034786665,-0.006317432,1.003362737
38.080000000,-0.047194086,0.019574334,1.020500914
38.085000000,0.126263249,-0.016343793,0.995800010
38.090000000,-0.033366966,0.024269921,1.013847627
38.095000000,-0.025668639,-0.017205389,1.009172266
38.100000000,0.063007447,-0.015129400,0.999253828
38.105000000,-0.051978988,0.000098445,1.000708869
38.110000000,0.059277594,0.015256218,1.000715458
38.115000000,-0.018502357,0.016277078,1.010722968
38.120000000,-0.034849687,-0.037575398,1.001568749
38.125000000,-0.002359580,-0.006702216,1.014914988
38.130000000,0.016564288,-0.043756959,0.996509595
38.135000000,-0.003844775,0.016082343,1.001462570
38.140000000,-0.032825479,0.006706714,1.025200855
38.145000000,0.030770528,-0.006121641,0.998276490
38.150000000,-0.035312030,0.052666715,0.998721845
38.155000000,0.044815125,0.013171953,1.003172609
38.160000000,-0.012314750,0.014852633,1.003305054
38.165000000,-0.020109881,-0.074192141,1.006910269
38.170000000,0.002646105,-0.043194618,1.002762496
38.175000000,-0.014739112,0.005515913,1.013278406
38.180000000,0.043868546,-0.009056404,1.007348685
38.185000000,-0.010697283,0.038029802,0.997374239
38.190000000,0.090950438,0.029860589,1.009918358
38.195000000,-0.004309794,-0.024157045,1.008191319
38.200000000,-0.004083657,-0.040502915,1.000686466
38.205000000,0.070564729,0.035388213,1.008443286
38.210000000,-0.033881463,-0.038025123,1.010158687
38.215000000,0.031046884,0.005932743,1.003042140
38.220000000,0.009607144,0.036009358,1.013838049
38.225000000,-0.008823180,-0.042858648,1.014103358
38.230000000,0.023101529,0.037601094,1.000591074
38.235000000,-0.026154183,0.002726001,1.006068789
38.240000000,-0.046781086,0.014483497,1.002571444
38.245000000,0.023999617,-0.020593258,1.005159687
38.250000000,-0.008582462,-0.000258731,1.009766496
38.255000000,0.030235380,0.049113925,1.001190038
38.260000000,0.051812109,-0.042963394,1.000470297
38.265000000,-0.047879344,0.040456124,1.006457828
38.270000000,0.032503482,0.009002001,1.011861251
38.275000000,0.010508468,-0.034693385,1.005981704
38.280000000,0.006912995,-0.013049659,1.009952114
38.285000000,0.012713647,-0.004545061,1.006213123
38.290000000,-0.017264119,-0.009467113,1.005391794
38.295000000,-0.027075107,-0.062812479,1.005161509
38.300000000,-0.034424242,0.032760579,1.005941737
38.305000000,0.037195140,-0.005789346,1.013281336
38.310000000,-0.048993243,-0.028642219,0.998610720
38.315000000,-0.017223362,-0.005931509,1.012963175
38.320000000,0.059426629,-0.040593490,1.015029029
38.325000000,-0.028760443,0.043284698,0.996600135
38.330000000,-0.008621376,-0.029579478,1.006009777
38.335000000,0.043263649,-0.033164069,1.008072519
38.340000000,-0.017378381,0.060262295,0.999986836
38.345000000,-0.013639700,0.017682424,1.008955779
38.350000000,-0.000837045,-0.019045083,1.010010353
38.355000000,0.009228531,-0.032794848,0.992816181
38.360000000,0.051929917,-0.005387273,1.014346809
38.365000000,-0.017839810,-0.006617097,1.008477787
38.370000000,0.054205998,-0.005285550,0.997863603
38.375000000,0.001154470,-0.004381556,1.012642057
38.380000000,-0.035029516,-0.013475817,1.007515724
38.385000000,0.044671525,0.024020140,1.006936975
38.390000000,-0.024472516,0.013068752,0.996125120
38.395000000,0.017363146,-0.006754332,1.006049629
38.400000000,-0.023322348,-0.017365190,1.009464176
38.405000000,0.023427762,-0.022215514,1.000000965
38.410000000,0.017988328,0.015088355,1.002340774
38.415000000,-0.027851379,-0.018439430,1.007890350
38.420000000,0.045935862,-0.024118239,1.012419156
38.425000000,0.015690599,0.048138954,1.004423841
38.430000000,0.001032152,-0.016390783,1.010861813
38.435000000,-0.004653313,0.011200401,1.004623456
38.440000000,0.056590424,0.044492620,1.014267124
38.445000000,-0.027486231,-0.035382045,1.007613596
38.450000000,-0.028664915,-0.006252139,0.993761926
38.455000000,0.043171634,-0.053354755,1.001629550
38.460000000,-0.004687466,-0.018461250,1.004706212
38.465000000,0.010128208,0.006636603,1.013031688
38.470000000,-0.029734370,-0.044876762,0.999006420
38.475000000,-0.025880192,0.036736847,1.011869923
38.480000000,-0.025799644,0.025467998,1.010492580
38.485000000,0.019827374,-0.017576767,1.008070707
38.490000000,0.018933816,-0.013846258,1.014344267
38.495000000,0.032241738,0.028450085,0.984916638
38.500000000,0.017617538,-0.005497605,1.004225218
38.505000000,-0.030034455,-0.012151753,1.008823189
38.510000000,0.032015478,0.020585621,1.005911138
38.515000000,-0.032141070,-0.035299147,1.004550749
38.520000000,0.031274498,0.024129230,0.994660954
38.525000000,0.004542531,-0.001250154,1.011557567
38.530000000,-0.026890836,-0.023442073,1.012725621
38.535000000,0.044477105,0.042273128,1.009039328
38.540000000,-0.014231668,0.035132710,0.996333656
38.545000000,0.021525298,-0.004936492,1.001191880
38.550000000,0.002099021,-0.025773930,1.015574085
38.555000000,-0.014841418,0.028005617,1.012204730
38.560000000,-0.009522858,0.026995206,1.002857435
38.565000000,0.023220372,-0.007219871,1.005678109
38.570000000,0.022169559,-0.040304243,1.006118366
38.575000000,-0.031078810,0.019612249,1.007253390
38.580000000,-0.016890689,0.008101249,1.015955684
38.585000000,0.008688599,-0.051930706,0.992261468
38.590000000,0.066121161,0.014103051,0.999915136
38.595000000,0.001586055,-0.001776778,1.013653825
38.600000000,-0.015430112,0.028808143,1.006298102
38.605000000,0.019273393,-0.000605997,1.008811307
38.610000000,-0.033911978,-0.036620186,1.009622576
38.615000000,-0.005907431,-0.019126722,1.013587631
38.620000000,0.013313474,-0.057299554,0.992765186
38.625000000,-0.019917296,0.029097046,1.002444704
38.630000000,0.029109785,0.017388645,1.022006875
38.635000000,0.023586363,-0.043480202,1.006262866
38.640000000,0.005930301,-0.005280475,1.005255911
38.645000000,0.036861228,-0.002964890,1.004031485
38.650000000,-0.034464641,-0.019684294,1.007512927
38.655000000,0.006479406,-0.011094441,1.009403375
38.660000000,-0.009438057,0.003182614,1.006509221
38.665000000,-0.012958867,0.001493642,0.996630297
38.670000000,0.066087913,-0.026040575,1.005849623
38.675000000,-0.023228381,-0.020110713,1.012798394
38.680000000,-0.043711224,0.023894678,1.004145851
38.685000000,-0.012477409,-0.019585145,1.012026497
38.690000000,0.041759507,0.000787597,1.004973768
38.695000000,-0.016355096,0.013545286,1.003453911
38.700000000,-0.024405186,-0.004055462,1.009406463
38.705000000,0.033603023,0.015815775,1.006476671
38.710000000,-0.005216398,-0.064665629,1.009072579
38.715000000,0.046330823,-0.001254839,1.000894805
38.720000000,0.008156530,0.002143833,1.001453844
38.725000000,-0.022146557,-0.051261213,1.010272708
38.730000000,0.000431501,0.054454769,1.011202289
38.735000000,0.015352148,0.009928156,1.004433591
38.740000000,0.000195820,-0.010919308,0.991871155
38.745000000,0.001682576,0.021214420,1.003458536
38.750000000,-0.022020813,-0.018656862,1.007946628
38.755000000,-0.020730860,0.000535038,0.996501550
38.760000000,0.050054686,-0.027963098,1.007804261
38.765000000,-0.049100605,-0.014176828,1.010728532
38.770000000,0.028105301,0.050009315,1.010409665
38.775000000,0.022474759,0.012750385,0.999644719
38.780000000,-0.001651119,0.008015386,0.995770077
38.785000000,0.053065124,-0.017827042,1.025836485
38.790000000,-0.032750421,-0.004048458,1.006076080
38.795000000,0.078618675,0.044685403,0.991767998
38.800000000,-0.030728619,-0.040125203,1.011781252
38.805000000,-0.009129082,0.001210361,1.005626317
38.810000000,0.088958232,0.000910408,1.004044832
38.815000000,-0.029978572,-0.043207963,1.012289679
38.820000000,0.022393824,0.048996301,1.010169349
38.825000000,-0.051147281,-0.005108002,1.000535967
38.830000000,-0.003773039,0.021429417,0.997909978
38.835000000,0.036672367,0.033781497,0.999981008
38.840000000,0.007267197,-0.038123607,1.005353526
38.845000000,0.032257841,0.030061862,1.014440720
38.850000000,-0.047726357,-0.010916097,1.019437419
38.855000000,0.031147942,0.013016588,1.006495668
38.860000000,0.034733703,0.014427207,0.998142175
38.865000000,0.009112441,-0.040351720,1.011339959
38.870000000,-0.029664222,0.033530359,1.007461687
38.875000000,-0.022968440,-0.067312563,1.010227493
38.880000000,0.096887886,-0.022119974,1.002019939
38.885000000,-0.033969279,0.092027993,1.001635394
38.890000000,0.004593343,-0.048622622,1.009313320
38.895000000,0.049990220,-0.043243715,0.992965018
38.900000000,-0.041256785,0.020877826,1.014551616
38.905000000,0.005940617,-0.004506634,1.015852907
38.910000000,-0.071906661,-0.022906005,1.005351672
38.915000000,-0.029712386,-0.030988382,1.002738457
38.920000000,0.021965772,0.015482335,0.998556418
38.925000000,0.003744499,0.013433772,1.018893751
38.930000000,0.023153626,0.003613748,0.992834459
38.935000000,-0.029206534,0.023687798,1.002017424
38.940000000,-0.008975609,-0.030966542,1.015827710
38.945000000,-0.019961909,-0.017246562,1.005460154
38.950000000,-0.010284280,0.012331088,1.016265097
38.955000000,-0.017449092,-0.046962421,0.998504338
38.960000000,-0.005341897,-0.015318881,1.007950614
38.965000000,0.020448720,-0.003298980,1.000929560
38.970000000,-0.008482228,-0.005239244,1.003837522
38.975000000,0.017610675,-0.012877449,1.011719339
38.980000000,0.013146993,-0.039372335,1.000526199
38.985000000,0.042016121,0.026840576,1.010040881
38.990000000,0.004688485,-0.031896731,0.998351113
38.995000000,0.005905354,-0.020412042,1.017312420
39.000000000,0.014824201,0.033973793,1.002482531
39.005000000,-0.011663323,-0.071770561,0.993553180
39.010000000,0.000669329,-0.010524947,1.020197929
39.015000000,0.014123740,0.045439588,1.000127577
39.020000000,0.079012127,-0.011366420,1.010004116
39.025000000,-0.030959600,-0.013891180,1.011690081
39.030000000,-0.009417204,-0.005422583,1.001192282
39.035000000,0.049188360,0.008707542,0.994776274
39.040000000,0.017113822,0.008854568,0.989538922
39.045000000,0.006931425,-0.031403987,1.014220831
39.050000000,-0.063413156,-0.036088825,1.008622855
39.055000000,0.014705261,0.067115485,1.000036641
39.060000000,0.011330324,0.037523115,1.015286252
39.065000000,0.001660888,-0.003408444,1.012810964
39.070000000,0.014973466,0.035517407,0.995837565
39.075000000,0.052989668,-0.030267393,1.009520534
39.080000000,-0.010387663,0.040309502,1.020503339
39.085000000,-0.087931688,0.015000161,1.005647469
39.090000000,0.049335916,-0.023282273,1.002722895
39.095000000,-0.001779700,0.045560596,1.010433180
39.100000000,0.009738240,-0.053956160,1.003159351
39.105000000,0.000946991,0.026588846,1.004992496
39.110000000,-0.021330849,0.061174374,1.004317267
39.115000000,0.030645608,-0.063692957,1.001745352
39.120000000,0.017757477,-0.058810728,1.022841142
39.125000000,0.036039241,0.008539468,0.999652046
39.130000000,-0.042540946,0.020791830,0.991864922
39.135000000,-0.021790198,0.015082716,1.013853033
39.140000000,0.021433929,0.063191389,1.005666860
39.145000000,0.068060335,-0.041824439,1.018004641
39.150000000,-0.020024021,-0.010275182,1.006095737
39.155000000,-0.006955210,0.034423010,0.999701366
39.160000000,0.059541687,-0.068813874,1.008151434
39.165000000,-0.059289109,-0.004500782,1.002930366
39.170000000,0.049608502,0.021151520,0.999757510
39.175000000,-0.046869154,0.006991776,1.000397980
39.180000000,-0.013499429,-0.060478446,1.007867396
39.185000000,0.047986804,-0.034908737,1.000535983
39.190000000,-0.046350308,-0.016472338,1.011732795
39.195000000,0.070098981,-0.047276900,1.010072102
39.200000000,-0.000217284,0.020948228,1.000204861
39.205000000,0.020665770,-0.033415349,1.005433068
39.210000000,0.007613941,0.023419515,0.998917171
39.215000000,-0.021890300,0.003788917,1.003595901
39.220000000,-0.005492162,-0.054885720,1.009416000
39.225000000,-0.005659366,0.038135389,1.014599884
39.230000000,0.042846110,-0.004747156,1.000793159
39.235000000,-0.050445887,-0.016115343,0.999591849
39.240000000,0.050869173,0.031169259,1.014008456
39.245000000,0.015427638,0.007732937,1.001371763
39.250000000,-0.042992779,-0.036100171,1.002071427
39.255000000,0.054752178,-0.031274906,1.015845442
39.260000000,-0.015941961,0.018546077,1.012903118
39.265000000,-0.004118257,0.052535994,0.995635751
39.270000000,-0.008099347,-0.001854476,1.011486856
39.275000000,0.009209015,0.023631906,1.016433206
39.280000000,0.048120410,0.009685453,0.993070633
39.285000000,-0.016328831,-0.083375226,1.002056694
39.290000000,-0.009074308,0.011608384,1.010805795
39.295000000,0.001568166,0.024869883,1.003715602
39.300000000,-0.024670087,0.013989957,1.005917342
39.305000000,-0.011925733,0.002788726,1.007840377
39.310000000,-0.027135269,0.001729581,1.004672314
39.315000000,-0.038341840,0.040942179,1.007395432
39.320000000,0.033481313,-0.026350779,1.004437090
39.325000000,0.049133528,-0.029453809,1.016036083
39.330000000,-0.023544429,0.017618875,1.014432658
39.335000000,-0.036949511,0.015086343,0.995774262
39.340000000,0.000254505,-0.081174127,1.011672144
39.345000000,0.004453937,0.005153025,1.005183085
39.350000000,-0.005003483,0.049095948,0.998368731
39.355000000,-0.002490037,-0.041153595,1.010499785
39.360000000,0.039175049,-0.005597457,1.005666303
39.365000000,0.002448770,0.010635655,1.018978828
39.370000000,-0.029602087,0.040540787,1.015493218
39.375000000,0.052026407,-0.098301877,0.996272336
39.380000000,0.005048861,-0.057685289,1.004621770
39.385000000,-0.009688390,0.057167407,1.004402031
39.390000000,0.013434662,0.019145779,1.012958839
39.395000000,-0.012804902,0.037696519,1.005620866
39.400000000,0.021612455,-0.021617078,0.987327238
39.405000000,0.015005176,-0.003140723,1.012182065
39.410000000,0.005964329,-0.043624384,1.004749895
39.415000000,0.002166164,0.018236157,0.996718930
39.420000000,0.041269027,-0.016510570,1.019163397
39.425000000,0.040218665,-0.085706008,0.997623978
39.430000000,-0.014818637,0.054979396,0.996911854
39.435000000,0.023219159,-0.023192825,1.009087045
39.440000000,-0.022479364,0.001418017,1.010161910
39.445000000,-0.005309906,0.029100798,1.016560540
39.450000000,0.078885014,-0.016928635,1.007838861
39.455000000,-0.043281194,0.020886100,1.005592087
39.460000000,-0.019749383,0.020887515,0.998504138
39.465000000,0.079618856,-0.009046054,0.995676600
39.470000000,-0.031253448,-0.030599326,1.007721645
39.475000000,-0.005253726,0.026455521,1.004220179
39.480000000,0.030048878,0.008256634,1.007925409
39.485000000,-0.009073131,0.001846379,1.015933032
39.490000000,0.015222212,-0.002561975,0.997405578
39.495000000,0.006644503,0.014767662,1.005306963
39.500000000,0.031795014,0.008500541,1.015508553
39.505000000,-0.002533513,-0.027981381,0.994175631
39.510000000,-0.036911924,-0.005167570,1.007658526
39.515000000,-0.013472842,0.020943073,1.010616915
39.520000000,-0.003988719,0.036560874,1.002167574
39.525000000,0.007517237,-0.049586592,1.008413631
39.530000000,0.007683780,-0.050463159,1.000293713
39.535000000,0.036922028,-0.022743069,1.014955727
39.540000000,-0.026755296,0.022051527,1.001860655
39.545000000,-0.009689522,0.004010289,1.000187615
39.550000000,0.047229678,-0.032021242,1.021574592
39.555000000,-0.061471412,0.036668235,1.002675108
39.560000000,-0.022665488,-0.019568873,1.000244528
39.565000000,0.046064648,0.030877165,1.001456333
39.570000000,0.005166784,-0.013927425,1.007204146
39.575000000,0.021959670,-0.062010291,1.012898643
39.580000000,0.013563626,-0.004599773,1.003764692
39.585000000,-0.000198938,0.007413673,1.009860111
39.590000000,-0.000984624,0.059765247,0.999859989
39.595000000,-0.001707690,-0.037960307,1.004660397
39.600000000,-0.017651689,0.011583852,1.009997665
39.605000000,-0.065721932,0.026822822,0.993623128
39.610000000,-0.029361493,-0.020515756,1.007058728
39.615000000,0.058563750,-0.002385357,1.015605953
39.620000000,0.071276397,-0.045167498,1.004285931
39.625000000,-0.022692516,0.035929509,1.003846035
39.630000000,-0.013081683,0.000347769,1.015005791
39.635000000,0.036532119,-0.007342149,1.009584655
39.640000000,-0.009377491,0.015419798,1.003803983
39.645000000,0.015030672,-0.047722881,1.010899370
39.650000000,0.023411012,-0.011442270,1.003522228
39.655000000,0.040508982,0.001959573,1.009324194
39.660000000,-0.008379024,0.020076082,1.008470121
39.665000000,0.000664435,0.021106884,1.002121155
39.670000000,0.060714607,-0.038710308,1.008497023
39.675000000,-0.067758393,-0.006564285,0.998356557
39.680000000,-0.042103470,0.032892740,1.001923987
39.685000000,0.003668708,-0.002993521,1.008834536
39.690000000,-0.027310681,-0.021764113,1.002100928
39.695000000,-0.017176371,-0.055126308,1.009904298
39.700000000,-0.006743489,0.026234609,1.003987060
39.705000000,0.007951473,0.033381117,1.002753684
39.710000000,0.020313393,-0.047256575,1.019687195
39.715000000,0.032349035,0.040658450,0.999880595
39.720000000,-0.021841548,-0.028863877,0.996913453
39.725000000,0.028284722,-0.052985575,1.016953544
39.730000000,-0.018278630,0.016332105,1.001674046
39.735000000,-0.043514675,0.004161119,0.996229503
39.740000000,0.051179468,0.020748855,1.010086541
39.745000000,-0.012924336,-0.011515915,1.006682048
39.750000000,0.031411182,0.005016805,1.008055527
39.755000000,0.043744399,-0.010665910,1.005476919
39.760000000,-0.009651627,-0.024046007,0.995969929
39.765000000,-0.004603347,-0.002883805,1.007616141
39.770000000,0.010230407,-0.002866248,1.002745805
39.775000000,0.020877786,0.015809139,1.003374061
39.780000000,0.001763325,0.005585922,1.010151942
39.785000000,-0.003540809,-0.003576578,1.004699468
39.790000000,0.018429232,-0.025159154,1.015359247
39.795000000,0.062433858,0.028928068,1.003712697
39.800000000,-0.035050360,0.014608376,1.010679585
39.805000000,-0.008487378,-0.026190341,1.014169379
39.810000000,0.022144504,0.025635569,1.010181080
39.815000000,-0.069621491,-0.002966941,1.011213895
39.820000000,0.047184386,0.004521095,0.999097413
39.825000000,0.057244819,-0.025644194,1.014251244
39.830000000,-0.043984330,-0.052462878,1.000109976
39.835000000,0.009115087,-0.008008209,1.002190943
39.840000000,0.061081434,-0.015273735,1.005381577
39.845000000,-0.017240295,0.007293213,0.993820280
39.850000000,0.008652332,-0.017964664,1.008842022
39.855000000,0.051038793,-0.000532945,1.000657374
39.860000000,-0.011458291,0.041203963,1.003853900
39.865000000,0.021496495,-0.014715204,1.008654623
39.870000000,0.010630957,0.000641656,1.007836492
39.875000000,0.004054955,0.009140154,1.008368607
39.880000000,-0.015905903,-0.000695804,1.011723163
39.885000000,-0.042146738,0.004481626,1.008070841
39.890000000,0.009517340,-0.001629432,1.005626922
39.895000000,0.034304222,0.008190654,1.009368903
39.900000000,-0.008369145,-0.004840818,0.995016864
39.905000000,-0.055388411,-0.004097550,1.007776790
39.910000000,0.034547432,-0.021153642,1.002011188
39.915000000,0.012466787,0.030751260,0.998151740
39.920000000,-0.029789301,0.019578416,1.003132931
39.925000000,0.023376121,-0.058657613,1.006464847
39.930000000,-0.008619312,0.009881072,1.020043452
39.935000000,0.032718090,0.008679844,0.993394144
39.940000000,0.002923786,0.018611543,1.010491910
39.945000000,-0.041641601,0.053668173,1.013526006
39.950000000,0.020715634,-0.027042724,0.995724911
39.955000000,0.015881401,-0.038352014,1.008733040
39.960000000,-0.000452786,0.014703037,0.999859667
39.965000000,-0.025993525,-0.014898579,1.011140456
39.970000000,0.002801922,0.011639456,1.014593952
39.975000000,0.020952775,0.022851116,1.010519076
39.980000000,-0.025962208,-0.083828207,1.008419528
39.985000000,-0.027754327,-0.008417941,1.005247660
39.990000000,0.015590276,-0.017483605,1.010569194
39.995000000,0.058217737,-0.013934810,1.008282184
40.000000000,-0.025056020,0.034185312,1.000985915
40.005000000,0.049511494,-0.057016997,1.005135859
40.010000000,-0.007552746,0.038747728,1.011328447
40.015000000,-0.169233413,-0.007654719,0.992946884
40.020000000,0.073235559,-0.009690174,1.006313429
40.025000000,0.043325217,0.023791071,1.013280496
40.030000000,-0.017138645,-0.062894006,1.002225848
40.035000000,0.031367857,0.012115611,1.003712226
40.040000000,-0.005439318,-0.001234648,1.002913504
40.045000000,0.059753401,-0.003243548,1.014051453
40.050000000,-0.034519755,-0.018211065,0.997901243
40.055000000,0.005327724,0.016659163,1.005731753
40.060000000,0.028410842,0.005306010,1.015410813
40.065000000,0.009262466,-0.042793119,0.999107439
40.070000000,-0.001293768,0.020861633,1.014433808
40.075000000,0.002517619,-0.035535199,1.009719885
40.080000000,0.022698115,0.037183342,1.000087711
40.085000000,-0.073787322,0.031535370,0.996295733
40.090000000,0.064498552,-0.037024872,0.999385835
40.095000000,-0.002298985,0.002708103,1.008198458
40.100000000,0.012891617,0.000307358,1.007922906
40.105000000,0.099176393,-0.004438195,1.013781490
40.110000000,-0.060850744,-0.026013234,0.990842961
40.115000000,0.023055352,0.017086380,0.998068587
40.120000000,-0.000964455,0.000231357,1.011857411
40.125000000,-0.016657114,0.016598856,0.995883117
40.130000000,0.021014298,0.016139182,1.015056050
40.135000000,-0.014219763,-0.013412648,1.013889067
40.140000000,-0.006576112,-0.009834351,1.004211096
40.145000000,0.030471272,-0.020222627,1.006352246
40.150000000,0.036883481,0.016037805,1.000560460
40.155000000,0.004746482,-0.036718850,1.009094647
40.160000000,0.036589799,0.006856497,1.005136277
40.165000000,-0.038164470,0.013898856,1.010269258
40.170000000,-0.021311673,-0.015574402,1.016547794
40.175000000,0.004666534,0.040123500,1.010611793
40.180000000,-0.021416922,-0.017989244,1.009536334
40.185000000,-0.016748265,0.006081416,0.998910383
40.190000000,-0.017574398,0.014870663,1.003476346
40.195000000,0.034946526,-0.011097966,1.011074156
40.200000000,0.047467925,-0.004506571,1.007453639
40.205000000,0.022399085,-0.008453043,1.003008773
40.210000000,-0.054439550,-0.003662586,1.003085559
40.215000000,0.056633611,-0.017744883,1.004954882
40.220000000,0.031823533,0.025760668,1.006548682
40.225000000,-0.081991943,-0.011159434,1.010761230
40.230000000,-0.008341887,-0.038145214,1.011041410
40.235000000,-0.014734898,0.041629664,1.012052006
40.240000000,0.056815085,-0.024829356,1.004831470
40.245000000,0.031922176,-0.024759285,1.002829668
40.250000000,-0.004653623,0.028052829,1.002871741
40.255000000,0.001873390,-0.047492670,1.002903142
40.260000000,-0.007725229,0.016463133,1.008374575
40.265000000,0.032029201,0.010314416,1.008229914
40.270000000,0.023669266,-0.035575879,1.008774015
40.275000000,0.040471810,0.037686375,1.002699012
40.280000000,-0.010696496,-0.002954285,0.997751930
40.285000000,-0.013865935,-0.030911341,1.003314938
40.290000000,-0.013687032,0.006011312,1.011143117
40.295000000,-0.055062055,-0.015991706,1.016489455
40.300000000,0.020536563,-0.054363441,0.997115003
40.305000000,0.084260960,0.009658411,0.998529146
40.310000000,-0.029708085,0.017834078,1.017952566
40.315000000,-0.052686612,-0.003064060,0.990653379
40.320000000,0.042273289,-0.005660157,1.007157149
40.325000000,0.017908516,-0.023767291,1.023639868
40.330000000,-0.008631180,0.046729166,0.987483259
40.335000000,-0.071190520,-0.008591731,1.006415096
40.340000000,0.022766438,0.009808472,1.006091285
40.345000000,0.041480105,0.033820510,1.001406557
40.350000000,-0.037549756,-0.022560578,1.010537946
40.355000000,0.043136364,0.007479039,0.999291342
40.360000000,-0.046719262,-0.018506996,1.015597351
40.365000000,-0.029064011,-0.046958423,1.009722810
40.370000000,0.041978100,-0.035354579,0.996555919
40.375000000,-0.006555955,0.036166875,0.997588899
40.380000000,-0.026106404,-0.028513322,1.006929775
40.385000000,-0.013133995,-0.008290879,1.017363170
40.390000000,0.031264199,0.033933800,1.007800326
40.395000000,0.014458994,-0.054986122,1.000459758
40.400000000,0.016677423,0.016816530,1.009495027
40.405000000,0.041824362,0.013290830,1.011752972
40.410000000,0.029575935,0.020460949,0.993179929
40.415000000,-0.000805814,0.004634252,1.012178603
40.420000000,0.002226660,0.008298343,1.012849498
40.425000000,-0.024676033,0.015927933,0.994840162
40.430000000,-0.001889648,0.003805697,1.013933295
40.435000000,0.028318881,0.023767207,1.003296493
40.440000000,-0.016500602,-0.054315885,1.009632502
40.445000000,0.044754171,0.012059362,1.017754202
40.450000000,0.012242945,-0.032987260,1.000977594
40.455000000,-0.044723680,-0.033421933,1.009187941
40.460000000,0.026067045,0.018995202,1.004518003
40.465000000,0.047639528,-0.019477023,0.992934706
40.470000000,-0.019263033,0.044825597,1.008431806
40.475000000,-0.037415438,-0.021038480,1.010277963
40.480000000,0.022050792,-0.033350297,0.995532785
40.485000000,0.021793823,0.017323079,1.004591166
40.490000000,-0.012927105,0.008160856,1.015831784
40.495000000,-0.013618789,-0.017553945,1.015138539
40.500000000,0.017199051,-0.004894046,1.006310360
40.505000000,0.022286587,-0.026638343,0.993110807
40.510000000,0.022784918,-0.011697829,1.002752121
40.515000000,-0.032092877,0.049480337,1.015305976
40.520000000,-0.024387680,-0.010551250,1.011494166
40.525000000,0.025216430,0.010649329,1.016829871
40.530000000,0.007847228,-0.008393101,1.002764268
40.535000000,0.029667146,-0.000513046,0.990440320
40.540000000,-0.003505684,0.007386279,1.016139900
40.545000000,0.002792116,-0.000054114,1.011266362
40.550000000,0.028844896,0.030814568,1.002265257
40.555000000,0.003252293,-0.054425220,1.005862989
40.560000000,-0.009157856,-0.019485153,1.001716110
40.565000000,0.040079314,0.010720973,1.008545847
40.570000000,0.008827659,-0.003338875,1.008099467
40.575000000,-0.052196887,-0.029716671,1.005582232
40.580000000,0.027797287,-0.007023622,1.001459708
40.585000000,-0.048881706,0.056395424,1.011331548
40.590000000,0.022630535,0.002462128,1.001357999
40.595000000,0.052172114,-0.034516151,1.010595424
40.600000000,-0.041220517,0.015938736,1.014266331
40.605000000,0.066456692,0.024931352,0.997330800
40.610000000,-0.019028060,-0.052013668,1.013260944
40.615000000,-0.018137480,0.001597151,0.991908430
40.620000000,0.038655991,-0.002074260,1.000331821
40.625000000,-0.001822397,-0.041456470,1.011036050
40.630000000,0.014279958,-0.056237845,0.999270330
40.635000000,-0.012394637,-0.022626427,1.014171198
40.640000000,-0.015922826,0.035093280,0.995974276
40.645000000,0.029834804,-0.012137713,0.997577075
40.650000000,0.004541824,0.066867466,1.006584273
40.655000000,-0.057088188,-0.036658672,1.001060901
40.660000000,0.018088244,-0.020585607,1.000975573
40.665000000,0.020762013,0.066846473,1.008131981
40.670000000,0.036353450,-0.073711341,1.002833674
40.675000000,0.020135928,-0.034788993,1.004450934
40.680000000,-0.060696873,-0.017902263,1.015364734
40.685000000,0.019243763,0.021653435,1.000929549
40.690000000,-0.018108144,0.033731415,1.014581685
40.695000000,-0.007846697,0.036364372,1.010236491
40.700000000,0.023503133,0.014068874,0.999517843
40.705000000,-0.071756866,-0.033465830,1.014152304
40.710000000,0.016681686,0.012047968,1.009436418
40.715000000,0.075183673,-0.002679560,1.008413404
40.720000000,-0.038521456,0.015891726,0.995302881
40.725000000,-0.024469970,-0.018541426,1.006095023
40.730000000,0.029505520,0.011479292,1.010887170
40.735000000,0.005470438,0.009314725,0.999778907
40.740000000,0.026784840,-0.024755339,1.014126079
40.745000000,-0.034990137,-0.012415206,1.005853388
40.750000000,-0.005296467,-0.014904498,1.007136680
40.755000000,0.060291974,0.037116297,1.009517506
40.760000000,-0.032763328,-0.015182924,0.995952680
40.765000000,0.016013211,-0.011745076,1.009856917
40.770000000,0.046000347,0.033453977,1.008197926
40.775000000,0.000453521,0.038443179,0.995572313
40.780000000,0.003121016,-0.025097622,1.005810348
40.785000000,-0.024527155,0.008221085,1.003397763
40.790000000,0.010138828,0.007094034,1.014419893
40.795000000,0.023239339,-0.093331757,1.014977738
40.800000000,-0.007392475,0.028309772,1.003258108
40.805000000,-0.025636380,-0.016002396,1.009873705
40.810000000,0.006241567,0.009028830,1.014696680
40.815000000,0.074398181,0.042985743,1.009377605
40.820000000,-0.007895564,-0.031765822,0.998737729
40.825000000,-0.003892316,0.020147179,0.997967466
40.830000000,0.031841328,-0.069217464,1.007971671
40.835000000,-0.018718280,-0.043757015,1.024863938
40.840000000,0.000985797,-0.004777725,1.011838027
40.845000000,-0.005617461,-0.001766872,0.996042104
40.850000000,0.062000915,0.015668241,1.004385438
40.855000000,-0.007953824,-0.011923823,0.999327181
40.860000000,-0.034199700,0.017591157,1.006814675
40.865000000,0.009761677,-0.019117624,0.998958556
40.870000000,-0.038767710,-0.002013574,1.003133524
40.875000000,0.072057431,0.016805495,1.011292105
40.880000000,-0.048347382,-0.009156789,1.008868579
40.885000000,-0.049450743,0.000558319,1.009233504
40.890000000,0.078835482,-0.021045167,0.992360663
40.895000000,-0.008971908,-0.006501748,1.006564740
40.900000000,0.000131097,0.017352762,1.007002285
40.905000000,-0.007417485,-0.044094776,1.005009977
40.910000000,0.015101882,0.000841586,1.015622160
40.915000000,0.009988679,0.017156104,1.005538676
40.920000000,-0.018606011,-0.040776144,1.009991146
40.925000000,0.008038107,0.045157932,1.003045243
40.930000000,0.020913191,0.003371105,0.999570838
40.935000000,0.018123075,-0.001922757,1.004712375
40.940000000,0.037616764,0.006830691,1.011430752
40.945000000,0.012227781,-0.044965720,1.005868009
40.950000000,-0.064123715,0.012793765,0.998744462
40.955000000,0.037417038,-0.021496671,1.009264303
40.960000000,0.023141629,0.006151084,0.996725041
40.965000000,-0.032055252,-0.020074345,1.003434636
40.970000000,0.019368796,-0.017218071,1.021472895
40.975000000,0.035719850,0.047443567,0.998176313
40.980000000,-0.002655899,-0.033116309,0.994968208
40.985000000,-0.040619572,0.021947819,1.006525626
40.990000000,0.042856410,0.011835669,1.004176684
40.995000000,-0.020310769,-0.029678700,1.023158068
41.000000000,0.024415825,-0.007833348,1.012660535
41.005000000,0.008692335,-0.031302376,0.990515515
41.010000000,-0.103588657,0.037105463,1.006729895
41.015000000,0.079171061,0.014314137,1.005653315
41.020000000,0.014830227,-0.027411448,0.998972915
41.025000000,-0.027804489,-0.000963757,1.014561380
41.030000000,0.060278154,0.022995132,1.012679760
41.035000000,-0.023269835,0.062062636,0.995472125
41.040000000,0.022905178,0.009921110,1.007399804
41.045000000,-0.016867361,-0.009784914,1.006123960
41.050000000,-0.018643495,-0.002451199,0.994266031
41.055000000,0.038851461,-0.029552552,1.008315622
41.060000000,-0.082193032,0.002395251,1.005571062
41.065000000,0.016619162,0.022029121,1.015014324
41.070000000,0.067300420,0.007549890,1.010064695
41.075000000,-0.013870305,-0.005972975,0.993419307
41.080000000,-0.009993112,0.013365383,1.009782518
41.085000000,-0.030180762,-0.029073349,1.010611648
41.090000000,0.019813777,-0.041809885,1.003781578
41.095000000,-0.027529285,0.032713019,1.012257366
41.100000000,0.051406658,-0.019056488,1.006653899
41.105000000,0.043114267,-0.027958285,1.000204517
41.110000000,-0.054321019,-0.009325539,1.015914429
41.115000000,0.047265579,-0.019535795,1.004955280
41.120000000,-0.049297610,0.022126665,1.000922898
41.125000000,0.035489189,-0.016969628,1.012216901
41.130000000,0.051948449,0.031301974,1.001880592
41.135000000,-0.055344156,0.027270050,1.004212365
41.140000000,0.032170578,-0.114522597,1.008721765
41.145000000,-0.035101314,-0.042548806,1.012258806
41.150000000,0.012019726,0.053527286,1.007422987
41.155000000,0.057591172,-0.017588719,1.006282350
41.160000000,-0.021010060,-0.054348505,1.010172453
41.165000000,-0.037177301,0.005092451,1.004438565
41.170000000,0.001996148,0.020714562,1.004874076
41.175000000,0.031587689,-0.005329613,1.000161762
41.180000000,0.010595775,0.006807956,1.012535367
41.185000000,0.004617111,-0.014508351,1.015598388
41.190000000,-0.001116704,0.004189139,1.001741255
41.195000000,0.028000230,0.004334863,1.010753782
41.200000000,0.015298729,-0.045420401,1.007348135
41.205000000,0.030618710,0.009446409,0.998803687
41.210000000,0.017735946,0.026733565,1.010795313
41.215000000,-0.041409012,-0.013427074,1.007794360
41.220000000,0.004211126,-0.018562543,0.993386305
41.225000000,0.054020800,0.023692586,1.000057373
41.230000000,0.042907587,0.043852325,1.012955760
41.235000000,-0.017375044,0.012551238,1.006583841
41.240000000,-0.000833736,-0.000361668,1.001316361
41.245000000,0.013972804,-0.040039669,1.005668877
41.250000000,-0.032997260,-0.006477231,1.012547109
41.255000000,-0.008163050,-0.000980437,1.010574952
41.260000000,-0.009907464,-0.026152136,1.001861761
41.265000000,-0.015940209,0.040727412,0.999107795
41.270000000,0.032793150,0.027767366,0.999909958
41.275000000,-0.015934729,0.014127230,1.006320685
41.280000000,-0.070256496,-0.004700122,1.017360527
41.285000000,0.019113836,-0.042161826,1.007023730
41.290000000,0.062989197,0.007752526,1.003184386
41.295000000,0.024850694,0.021776962,1.004907035
41.300000000,-0.015907777,-0.015670109,0.995069767
41.305000000,-0.032331848,-0.017824009,1.005886765
41.310000000,0.009186637,-0.035391603,0.998908070
41.315000000,-0.013001196,-0.013741646,0.998301711
41.320000000,-0.023594221,0.024226195,1.013793127
41.325000000,0.073427966,0.008704435,1.001603773
41.330000000,-0.034995583,0.004232397,1.012062943
41.335000000,-0.055302152,-0.054109789,1.009928052
41.340000000,0.100226872,0.009517026,1.004312803
41.345000000,-0.032111762,0.039637797,1.012467399
41.350000000,0.019788150,-0.057627863,0.997709596
41.355000000,0.049759852,-0.033666595,1.010141417
41.360000000,-0.059590115,-0.012346172,1.005587179
41.365000000,0.038520123,0.037141199,1.003278670
41.370000000,-0.017165967,-0.014500454,1.012205212
41.375000000,0.014772774,0.003675872,0.995786665
41.380000000,0.005014645,0.018865644,1.008721656
41.385000000,-0.033001375,-0.043905051,1.005541749
41.390000000,0.039269970,0.048947842,1.012504349
41.395000000,0.021567667,-0.018090309,1.016039252
41.400000000,0.046766505,0.005384197,0.993660421
41.405000000,-0.022011154,0.000669060,1.008812852
41.410000000,0.000828766,-0.027670099,1.012746907
41.415000000,0.009634927,0.029853455,1.009147877
41.420000000,-0.015492816,0.000650491,1.007865891
41.425000000,0.041850669,0.023989412,1.004748416
41.430000000,-0.038439129,-0.126543978,1.002439325
41.435000000,-0.009579673,0.022956697,1.007989177
41.440000000,0.024115552,0.122328627,1.009964889
41.445000000,-0.037658910,-0.049139968,1.001906971
41.450000000,0.025102847,0.012088169,1.011590159
41.455000000,0.041828115,-0.031111685,0.998268669
41.460000000,-0.008427892,-0.024272796,1.001083495
41.465000000,0.026982000,-0.020693733,1.009346663
41.470000000,-0.008367840,0.021817963,1.007154209
41.475000000,0.028918555,0.037937548,1.011187477
41.480000000,0.044342661,-0.010387672,0.994164485
41.485000000,-0.080678992,0.009986195,1.015425444
41.490000000,0.040951475,-0.034151750,1.011947971
41.495000000,0.049530096,0.033616429,0.999565470
41.500000000,-0.050921777,-0.011651944,1.013258576
41.505000000,-0.005882394,-0.026283355,0.993615592
41.510000000,-0.003194046,-0.004055688,1.009700703
41.515000000,0.019065354,-0.035321060,1.019121770
41.520000000,0.010282197,-0.015467134,0.993906984
41.525000000,-0.013926583,0.027031050,1.005302497
41.530000000,-0.008086724,0.060376315,1.011277138
41.535000000,-0.003372102,-0.080670870,1.001223016
41.540000000,-0.002836038,0.035409769,1.008699961
41.545000000,0.027992615,0.052525358,1.002893867
41.550000000,0.011318540,-0.076664699,1.000589332
41.555000000,-0.020098318,-0.042244515,1.012634491
41.560000000,-0.032497495,-0.048295140,1.011820518
41.565000000,-0.020114276,0.030325154,1.001168999
41.570000000,0.063837873,-0.018394878,0.998669986
41.575000000,0.004801923,0.028688654,1.010949505
41.580000000,-0.011957076,0.031152081,1.005849275
41.585000000,-0.038646551,-0.026631140,1.008483486
41.590000000,-0.026171310,0.005906404,1.002274404
41.595000000,0.052699316,-0.002463578,0.999438491
41.600000000,0.016070416,0.055663283,1.011972609
41.605000000,0.079178100,-0.061100903,1.006407790
41.610000000,-0.036763911,0.010427096,1.010123947
41.615000000,-0.009022222,0.010402181,0.994844985
41.620000000,0.023281918,-0.099010986,1.005370519
41.625000000,-0.087080909,0.034250130,1.025528112
41.630000000,0.038402592,-0.034720575,0.998565704
41.635000000,-0.049313054,-0.008264378,1.002618958
41.640000000,0.008871710,0.061568503,1.010432273
41.645000000,0.063054626,0.008239790,0.997486626
41.650000000,-0.046401666,0.035553200,1.001754871
41.655000000,0.045401706,-0.028815511,1.018368210
41.660000000,0.037325620,-0.059793760,1.008790562
41.665000000,0.013261756,0.028971073,0.993233989
41.670000000,0.020989206,-0.034544232,0.995317740
41.675000000,0.039966666,-0.018305503,1.001124752
41.680000000,-0.011085777,0.053246119,1.012176874
41.685000000,0.005124091,-0.073700871,1.012818112
41.690000000,0.050410943,-0.015177862,1.008867147
41.695000000,-0.013942699,0.042862989,1.002136867
41.700000000,-0.003249532,-0.018462141,1.009039907
41.705000000,-0.035951258,0.012768025,1.005779523
41.710000000,0.027930054,0.059342682,1.002266248
41.715000000,0.036933855,0.014560551,1.012677231
41.720000000,-0.057123198,-0.032548300,1.000431427
41.725000000,-0.008471827,0.007200841,1.015711089
41.730000000,0.043287643,-0.019616648,1.005183846
41.735000000,-0.001856065,0.021201545,0.991509529
41.740000000,-0.022907961,-0.010903823,1.014260308
41.745000000,0.035614657,-0.015572552,1.001577693
41.750000000,-0.025998451,0.039538490,1.004805971
41.755000000,0.002957881,-0.030745268,1.018411272
41.760000000,0.034175538,-0.015152931,1.004565423
41.765000000,-0.057077978,-0.003597095,1.007489828
41.770000000,-0.018226638,-0.005652294,1.007074757
41.775000000,0.065490912,-0.058723467,0.989674529
41.780000000,0.029447326,0.002599380,1.011337304
41.785000000,-0.062007373,0.069588095,1.015271267
41.790000000,0.014236828,0.034025544,0.992339663
41.795000000,0.034638209,0.004531294,1.010497465
41.800000000,0.056334564,-0.055311534,1.010834202
41.805000000,0.034025663,0.012489533,0.996447932
41.810000000,-0.055239510,-0.041506604,0.996455291
41.815000000,0.011242874,0.028953052,1.018470674
41.820000000,-0.012449354,0.075268836,1.017278634
41.825000000,-0.005546109,-0.042815541,0.984603314
41.830000000,-0.050412104,-0.040779985,1.011065891
41.835000000,-0.005625669,-0.066366318,1.012771698
41.840000000,0.042434875,0.060317873,1.006605341
41.845000000,-0.045811698,0.015465416,1.016296169
41.850000000,0.044875314,-0.045924892,0.994535076
41.855000000,-0.006040767,0.031927831,1.011414752
41.860000000,0.001499049,-0.059566657,1.016469293
41.865000000,0.009694284,-0.011611024,1.004075932
41.870000000,-0.043108630,0.027100980,0.996593855
41.875000000,0.013564953,-0.043414087,1.001755994
41.880000000,-0.018956152,-0.017265122,1.016748014
41.885000000,0.028793439,0.003536499,1.003911457
41.890000000,-0.000729573,0.004442134,1.006146287
41.895000000,0.005126110,0.033157883,1.008348739
41.900000000,0.062885984,-0.022570099,1.002644776
41.905000000,-0.003881860,-0.004095179,1.004546432
41.910000000,0.023178397,0.025177507,1.006683769
41.915000000,-0.008796980,-0.061379411,1.014421522
41.920000000,-0.073340012,-0.022518585,1.003389271
41.925000000,0.030669241,0.053156106,1.007594586
41.930000000,0.072965271,-0.007589866,1.009448719
41.935000000,0.003000636,-0.053194109,0.994059898
41.940000000,-0.034408392,0.019498813,1.005791581
41.945000000,-0.036537265,-0.009997038,1.014800765
41.950000000,0.081018728,-0.003688658,1.003136329
41.955000000,0.026504115,-0.000756521,1.006565248
41.960000000,-0.065742881,-0.037731860,1.018958576
41.965000000,0.044867522,0.039362580,1.000729761
41.970000000,-0.005709493,-0.012559702,0.997117322
41.975000000,0.002040840,-0.006627148,1.012310193
41.980000000,0.041072419,0.019882755,1.001251404
41.985000000,-0.006155263,0.005514246,1.006278623
41.990000000,0.023787705,-0.004782519,1.009250705
41.995000000,-0.045801659,0.028723697,1.003558283
42.000000000,0.003088258,0.018550123,1.006053530
42.005000000,0.039265991,-0.079072418,1.006611818
42.010000000,-0.056068452,0.049360941,1.010763584
42.015000000,0.083801636,0.019846527,1.005271852
42.020000000,0.035461770,-0.040640194,1.003810800
42.025000000,-0.079899226,0.016326063,1.006689248
42.030000000,0.029048191,0.005632696,1.004674720
42.035000000,-0.009860718,0.004452671,1.003838584
42.040000000,0.056307400,-0.052403094,0.994954588
42.045000000,-0.006883687,0.013150468,1.008942286
42.050000000,-0.103638337,0.041742792,1.007978613
42.055000000,0.051434122,0.010207299,1.004331469
42.060000000,0.026876001,0.003715987,1.014752290
42.065000000,0.005748397,0.001769689,0.992893779
42.070000000,-0.007711198,-0.031674474,1.006680700
42.075000000,0.006198774,-0.016646934,1.008113925
42.080000000,-0.009942472,0.013768750,0.992924439
42.085000000,-0.023864943,-0.037698504,1.006795845
42.090000000,0.070159965,0.041525759,1.009551318
42.095000000,-0.005542580,0.002336023,1.010787187
42.100000000,0.013016013,0.011738031,1.001500495
42.105000000,0.000370377,-0.007599122,1.000497175
42.110000000,-0.073330767,-0.063578565,1.004896985
42.115000000,0.042205595,0.103303780,1.001578848
42.120000000,0.057911079,-0.041049211,1.007221846
42.125000000,0.004301220,-0.108457263,1.006798654
42.130000000,0.002804798,0.034705476,1.013646240
42.135000000,-0.033646985,-0.010812558,1.015968753
42.140000000,-0.015227159,-0.036965182,1.002570919
42.145000000,0.038830812,-0.003203032,1.007246684
42.150000000,0.009901537,0.024940904,1.005522355
42.155000000,-0.002135590,0.005768091,0.998369378
42.160000000,-0.031793450,-0.018625862,1.012705091
42.165000000,-0.008486614,0.026895362,1.008216939
42.170000000,0.036558769,0.009341179,1.006706323
42.175000000,-0.010598130,-0.031743426,1.009137075
42.180000000,-0.025897151,-0.000021681,0.999528615
42.185000000,0.011899889,-0.024277619,1.009470633
42.190000000,0.021005569,0.016585528,1.003509081
42.195000000,-0.015348180,-0.023757735,1.016558671
42.200000000,0.016491950,-0.053747642,1.016579073
42.205000000,0.010145174,0.040593481,0.999163002
42.210000000,0.046858983,-0.034989033,1.005259090
42.215000000,0.049698884,-0.028632315,1.001554819
42.220000000,-0.018241658,0.026517221,1.013984270
42.225000000,-0.015972262,0.037112430,1.002776895
42.230000000,-0.035699803,0.014506853,1.011282918
42.235000000,0.011366777,-0.032979288,1.012126026
42.240000000,-0.009873580,-0.008799761,0.988788866
42.245000000,0.042613551,-0.008037109,1.013547282
42.250000000,0.033634988,0.003637676,1.003019312
42.255000000,-0.014895862,0.035197037,1.002165016
42.260000000,0.040034404,0.034109684,1.011526444
42.265000000,-0.066146286,-0.009408895,1.005685712
42.270000000,-0.013954252,0.002546302,1.007664865
42.275000000,0.030328227,-0.048563877,1.004950062
42.280000000,-0.025117183,0.006491867,1.010552368
42.285000000,-0.046666874,0.046503386,0.998589962
42.290000000,0.022148198,-0.037261908,1.002841354
42.295000000,0.040248100,0.037124188,1.002544631
42.300000000,-0.011109653,-0.053515308,1.001524566
42.305000000,0.080660913,-0.017422285,1.022477315
42.310000000,-0.029033974,0.014543526,1.009089289
42.315000000,-0.034614319,0.003949742,0.998820312
42.320000000,0.032658584,0.078572572,1.003590608
42.325000000,0.027453494,-0.036597530,1.002848407
42.330000000,-0.000666169,-0.002683297,1.011948544
42.335000000,-0.034925324,-0.059590408,1.000034032
42.340000000,0.018512038,-0.032822773,0.995838664
42.345000000,-0.037846525,0.031033247,1.014947754
42.350000000,0.033227798,0.005657707,1.010006918
42.355000000,-0.018049426,0.025382976,1.000570409
42.360000000,-0.001057560,-0.071401905,0.999073878
42.365000000,0.079505322,-0.005969322,1.010418993
42.370000000,0.028181902,-0.012778422,1.006143282
42.375000000,0.030568019,0.038585188,0.997798636
42.380000000,-0.064381404,-0.012970546,1.012412026
42.385000000,0.032377949,-0.070014240,0.996095036
42.390000000,0.005430528,0.061956705,1.010462461
42.395000000,0.000064433,-0.060494641,1.010701398
42.400000000,0.002025796,0.009945783,0.990205427
42.405000000,-0.030375089,0.014693822,1.011575874
42.410000000,0.069102269,-0.016811234,1.006469705
42.415000000,-0.079994688,0.041832021,1.007252465
42.420000000,0.058264957,-0.038426053,1.007879336
42.425000000,0.055263014,0.037775975,1.011157741
42.430000000,-0.090929395,-0.015919690,1.006330132
42.435000000,0.021655255,-0.044522393,0.996522021
42.440000000,-0.025991339,-0.011788006,1.010994637
42.445000000,-0.002154504,0.015451316,1.002418314
42.450000000,-0.010742102,0.043656991,1.006830435
42.455000000,-0.018581709,-0.049063716,1.005910554
42.460000000,0.019527787,0.013338538,1.009227272
42.465000000,0.029258934,0.003142941,1.007388379
42.470000000,0.030836447,0.008236847,1.002970077
42.475000000,0.009823260,0.061838352,1.008801669
42.480000000,0.026531366,-0.029459789,1.003740322
42.485000000,-0.018726721,-0.005603472,1.008730127
42.490000000,-0.031665076,0.002350247,1.002164123
42.495000000,0.022871104,-0.030595557,1.010189702
42.500000000,0.049692438,-0.003681827,1.007301957
42.505000000,-0.000365454,0.013539381,1.005172616
42.510000000,-0.017336446,-0.013315798,1.018406211
42.515000000,0.009984093,0.007882506,1.004081328
42.520000000,0.007801079,0.027684159,1.001577611
42.525000000,-0.013863409,-0.039000966,1.010991831
42.530000000,0.010981379,0.017867014,1.006500294
42.535000000,0.021864926,0.007050056,1.000436646
42.540000000,-0.061131141,-0.056196645,1.018642478
42.545000000,0.017984513,-0.038553046,1.001251018
42.550000000,0.040458792,-0.034275098,0.998342111
42.555000000,-0.007537816,0.043181321,1.014724588
42.560000000,0.036964238,0.027577359,0.994428546
42.565000000,-0.006263966,-0.009458295,1.008508785
42.570000000,0.006473303,0.000302431,1.004908259
42.575000000,0.012937686,0.002564018,1.009837367
42.580000000,0.011050520,0.017564411,1.013445498
42.585000000,0.018319705,-0.041683868,1.000603330
42.590000000,-0.021351569,0.022076881,1.016422901
42.595000000,0.005842668,0.034168096,1.003465072
42.600000000,0.029019391,-0.042185820,1.002793307
42.605000000,0.046593505,-0.013200977,0.999614068
42.610000000,-0.029849309,-0.034746465,1.005191011
42.615000000,-0.096250874,0.013239281,1.015138253
42.620000000,0.036692253,0.001547844,0.996327877
42.625000000,0.008884421,-0.042232152,1.004534363
42.630000000,-0.043704414,0.036344907,1.010821718
42.635000000,0.060306317,-0.023008904,1.003731858
42.640000000,0.009918737,-0.026079903,1.007313472
42.645000000,-0.024979569,0.007989463,1.012529591
42.650000000,-0.036798352,-0.004625743,1.009223337
42.655000000,-0.026378585,0.044173608,1.001103265
42.660000000,0.043314892,-0.046471973,1.010185783
42.665000000,0.016038683,-0.046953686,1.006751284
42.670000000,0.015782141,0.044489950,0.992079080
42.675000000,-0.035143130,0.009592386,1.014270442
42.680000000,-0.036558349,0.007441792,1.013220589
42.685000000,0.023640247,0.028919222,0.992111966
42.690000000,0.015218109,-0.007893464,1.005391336
42.695000000,0.048976823,-0.011560592,1.002575608
42.700000000,0.008646336,0.028820049,1.011714245
42.705000000,0.007752578,-0.054113433,1.003988164
42.710000000,0.080204603,-0.027828730,0.996178988
42.715000000,-0.019757632,0.029976975,1.011295449
42.720000000,-0.085368940,-0.023049694,1.001682677
42.725000000,0.014946277,0.051610696,1.011853656
42.730000000,0.006168509,0.018862822,1.002021566
42.735000000,0.005860601,-0.028677583,1.007093312
42.740000000,0.031316573,-0.024267989,1.005483734
42.745000000,-0.034450382,-0.002949449,1.000765772
42.750000000,0.031855698,0.064370297,1.014110407
42.755000000,0.048430641,-0.024427811,0.985359915
42.760000000,0.011845970,0.014493085,1.011696139
42.765000000,-0.006812026,0.006221922,1.018625906
42.770000000,-0.038078943,-0.081007660,0.989766255
42.775000000,0.058146732,0.042971714,1.007319473
42.780000000,0.025164785,-0.010156166,1.010370551
42.785000000,-0.030248827,-0.035600420,1.003787466
42.790000000,0.049219245,0.039623005,1.010963813
42.795000000,0.013551670,-0.054856444,1.021788117
42.800000000,-0.020699553,-0.048892222,1.004796744
42.805000000,0.000835712,0.001157490,1.003232437
42.810000000,-0.039698450,0.014841106,1.005367874
42.815000000,0.000472075,-0.002387461,1.011472967
42.820000000,0.039203787,0.003180920,1.017973865
42.825000000,0.000557353,-0.019849344,0.994314853
42.830000000,0.055943670,-0.071669016,1.004645347
42.835000000,0.007957231,0.036970825,1.003882163
42.840000000,-0.076555384,-0.019391153,0.999636016
42.845000000,-0.008562313,0.003360900,1.008522109
42.850000000,0.048598680,0.065227728,0.995274918
42.855000000,0.020689914,-0.025421914,1.014110935
42.860000000,-0.026603559,0.015860211,1.016821831
42.865000000,0.006759755,-0.066251333,0.996410111
42.870000000,-0.002869192,-0.006379310,1.011966074
42.875000000,-0.032863743,0.033496113,1.007399583
42.880000000,-0.026935216,-0.007387802,1.000818691
42.885000000,0.023107258,0.061236411,1.023697579
42.890000000,0.063448780,-0.026777326,0.997694290
42.895000000,-0.039760280,0.026232577,0.998754278
42.900000000,-0.035861128,-0.012716465,1.013218312
42.905000000,-0.002951048,-0.082008629,1.000619308
42.910000000,0.006925407,0.079070726,1.015627434
42.915000000,0.050237147,0.073197876,1.003488243
42.920000000,-0.017743575,-0.069147409,1.000481160
42.925000000,-0.004723403,-0.026473789,1.007136276
42.930000000,0.033240432,0.023099051,1.008217378
42.935000000,0.002371009,-0.010957540,1.022200114
42.940000000,0.004006615,0.063476067,1.003616097
42.945000000,0.022537728,-0.031934362,0.996030355
42.950000000,0.014312952,-0.036637202,1.007510279
42.955000000,-0.021878730,0.027323963,1.004710155
42.960000000,0.005348560,-0.030249564,0.999039445
42.965000000,0.018012518,0.024398882,1.013521296
42.970000000,-0.002537073,0.007925247,1.009076882
42.975000000,-0.005647452,-0.003281009,0.993460219
42.980000000,-0.020592607,-0.029801386,1.006651479
42.985000000,-0.008985661,-0.035427764,1.005634109
42.990000000,0.015499301,-0.017338060,1.004619913
42.995000000,0.013178913,0.022827540,1.006714940
43.000000000,-0.000616832,0.008940092,1.000582412
43.005000000,-0.015754864,-0.063573834,1.004561265
43.010000000,0.007512674,0.056149392,1.012780108
43.015000000,0.040073198,-0.015311376,1.011513775
43.020000000,0.036423049,-0.038639622,1.002445194
43.025000000,0.020032528,0.070307328,1.000652115
43.030000000,-0.040437039,-0.039793893,1.004273587
43.035000000,-0.022532100,-0.022811226,1.001518566
43.040000000,0.011971851,0.001777562,1.004326067
43.045000000,-0.002142608,-0.087004165,1.012125232
43.050000000,0.006837403,0.015057613,0.996803622
43.055000000,-0.005221878,0.056066573,1.006462098
43.060000000,0.050825067,-0.053920584,1.014281729
43.065000000,0.049227148,0.063048434,0.996346732
43.070000000,-0.010816603,0.059444859,1.007547350
43.075000000,-0.008454796,-0.070543461,1.005626669
43.080000000,0.037478548,-0.030334062,1.002492521
43.085000000,-0.003275609,0.019718796,1.010629685
43.090000000,-0.061488851,0.017112067,0.998271897
43.095000000,0.083132935,-0.041278084,1.003972206
43.100000000,0.009943669,0.001638631,1.010482289
43.105000000,-0.088652436,-0.037578745,1.005840969
43.110000000,0.005161915,-0.055240482,1.008318538
43.115000000,-0.009627475,0.068035888,1.005530396
43.120000000,0.025453662,0.018793654,1.008746946
43.125000000,0.022623563,-0.064469066,1.011608419
43.130000000,-0.018793214,-0.004271911,1.008813110
43.135000000,0.001088139,0.020950091,1.019075493
43.140000000,0.021178587,-0.046505732,1.012358509
43.145000000,0.005895834,0.024065737,0.997401199
43.150000000,0.003302874,0.012909481,1.004547239
43.155000000,-0.019049755,0.008239061,1.006455412
43.160000000,-0.035092129,0.053809661,0.999236967
43.165000000,0.038853964,-0.045400244,1.009678096
43.170000000,0.034263118,-0.001103967,1.012989302
43.175000000,0.025819387,-0.007260028,0.996573965
43.180000000,-0.048455994,-0.029826456,1.006674224
43.185000000,-0.021798635,0.000937194,1.010106380
43.190000000,0.084691361,0.006401164,1.007958079
43.195000000,-0.000121787,-0.000520713,1.004590796
43.200000000,0.003436241,-0.004041282,0.995976332
43.205000000,-0.010463229,0.070401016,1.008264282
43.210000000,0.009358774,-0.016167026,1.011374113
43.215000000,0.050343976,-0.007516181,1.004086388
43.220000000,-0.007872475,0.000519510,0.999841607
43.225000000,-0.029791873,-0.027613495,1.012639759
43.230000000,-0.015524866,0.045038243,1.004819109
43.235000000,0.062214503,-0.028589396,0.992693567
43.240000000,-0.006389170,0.033675081,1.008792947
43.245000000,-0.068332714,0.027067372,1.007512116
43.250000000,0.014900102,-0.017248582,1.007731364
43.255000000,0.046286008,0.011121839,1.000518059
43.260000000,0.013075449,-0.073673083,1.005107981
43.265000000,-0.029414605,-0.001430100,1.008465597
43.270000000,-0.005838586,0.001530936,1.005882153
43.275000000,0.004950658,-0.011238239,1.010632189
43.280000000,0.027283020,0.027469318,1.001214625
43.285000000,0.020253152,-0.038669362,1.002625631
43.290000000,-0.026379003,0.024913643,1.000269824
43.295000000,0.037880160,-0.009755181,1.008211481
43.300000000,0.043193753,-0.052941889,1.009893642
43.305000000,-0.057210407,0.083149459,1.006800648
43.310000000,-0.031577179,0.006040205,1.013461537
43.315000000,0.028012734,-0.056971454,1.010092451
43.320000000,-0.013652540,0.014847931,1.013247702
43.325000000,-0.047791849,-0.043830063,0.997943777
43.330000000,-0.009952655,-0.030873503,1.004984321
43.335000000,0.047310992,0.011210118,1.005533458
43.340000000,0.027020890,0.004537456,0.998465938
43.345000000,-0.027015096,0.003057408,1.012123235
43.350000000,-0.031799152,-0.000485317,1.006002967
43.355000000,0.008617582,-0.007605214,1.006160728
43.360000000,0.006166696,-0.053418195,1.001849121
43.365000000,0.001577911,0.015078742,1.011741022
43.370000000,0.051796568,0.015536067,1.006102204
43.375000000,0.023578210,-0.032758968,1.006329454
43.380000000,-0.007468199,-0.008333716,1.014215021
43.385000000,0.003211394,-0.027642637,1.003677016
43.390000000,-0.006775617,0.027182187,1.007075776
43.395000000,0.028596630,-0.002785227,1.004028585
43.400000000,0.048960427,0.025409677,1.003906308
43.405000000,-0.025726915,0.028480732,1.003281972
43.410000000,0.009550031,-0.060642743,1.011524451
43.415000000,0.051788275,0.040378183,1.005813095
43.420000000,-0.015871492,-0.004478185,0.997161802
43.425000000,0.000697120,-0.026088119,1.007492298
43.430000000,0.004186268,-0.005827040,1.003330350
43.435000000,0.031996348,-0.023511095,1.010213744
43.440000000,-0.009106583,0.065993888,1.007061140
43.445000000,-0.023999775,0.003012105,1.009707562
43.450000000,0.054492040,-0.036258607,1.011368808
43.455000000,-0.017360647,-0.022968612,0.999242197
43.460000000,-0.010371720,-0.033039647,1.003551885
43.465000000,0.012080851,-0.016838278,1.001565208
43.470000000,-0.036323882,0.015084605,1.005129186
43.475000000,-0.033904169,0.034644173,1.002448152
43.480000000,0.032996535,-0.034468752,1.006990965
43.485000000,0.002610647,0.004622463,1.011493349
43.490000000,-0.029180544,0.033641308,1.004385705
43.495000000,0.015523504,-0.017926438,1.006561459
43.500000000,-0.027351571,-0.011382770,0.999769940
43.505000000,0.055929785,0.029679549,1.001446493
43.510000000,0.040612888,0.036536878,1.012707930
43.515000000,0.023845827,-0.030915001,1.011967864
43.520000000,0.022834145,-0.022385595,1.003511385
43.525000000,-0.036274171,0.029471908,1.009746241
43.530000000,0.010067204,0.040575383,1.004426287
43.535000000,-0.054011421,-0.028326445,1.001734898
43.540000000,0.024042961,-0.074044785,1.008623869
43.545000000,-0.016343636,0.002239094,1.002593781
43.550000000,-0.038932111,0.002840896,1.006764633
43.555000000,0.057749080,0.009684459,1.003925771
43.560000000,-0.027341116,0.017665224,1.011724235
43.565000000,-0.015662229,-0.052381696,1.004069429
43.570000000,0.002363071,-0.011881471,1.002725398
43.575000000,0.063478753,0.043315412,1.015986506
43.580000000,0.017619719,0.010817019,0.997166614
43.585000000,-0.003939200,-0.002632021,1.005071181
43.590000000,0.022361472,-0.012131832,1.010770103
43.595000000,-0.023199379,-0.041822481,1.010326962
43.600000000,0.009920413,-0.006653200,1.012269335
43.605000000,-0.055858168,0.045490295,0.995854809
43.610000000,0.020422815,0.008635116,1.006814197
43.615000000,0.045655141,-0.032284386,1.003181755
43.620000000,-0.002875954,-0.011920889,1.005894710
43.625000000,0.039090756,0.013760271,1.017521088
43.630000000,0.019802852,-0.011615183,0.993206783
43.635000000,-0.018681477,0.008261407,0.999234420
43.640000000,-0.042530908,0.039651082,1.006936516
43.645000000,0.052015495,-0.055770784,1.002342053
43.650000000,0.000934337,0.003589938,1.015596634
43.655000000,-0.021243547,0.003912123,1.006089668
43.660000000,0.043444938,-0.077274443,1.010000807
43.665000000,-0.012755071,0.071826621,1.013857143
43.670000000,-0.000637128,0.002059385,0.999639032
43.675000000,-0.000396754,-0.015688115,1.009514503
43.680000000,-0.021161028,0.056435406,1.001880493
43.685000000,-0.003116776,-0.068576209,1.008341698
43.690000000,0.042826366,-0.010313504,1.010341915
43.695000000,0.003641639,0.017165301,1.000009795
43.700000000,-0.041131457,-0.013891460,1.005887517
43.705000000,0.038051083,0.007396991,1.000957790
43.710000000,0.019583376,-0.012123028,1.014547295
43.715000000,-0.010266445,-0.024222351,0.997453403
43.720000000,0.038737864,-0.011089580,1.000240139
43.725000000,-0.026276711,0.042993018,1.018733827
43.730000000,0.006882872,-0.019935456,1.002778508
43.735000000,0.029167165,-0.033729386,1.013459958
43.740000000,-0.045833154,0.010498624,1.007536474
43.745000000,0.066600169,-0.029613665,1.016384519
43.750000000,-0.022828587,-0.028342569,1.005591783
43.755000000,-0.039834626,-0.016527210,0.993894281
43.760000000,0.064656844,0.014403144,1.007334800
43.765000000,-0.036372453,0.018896179,0.996425978
43.770000000,-0.009642194,0.034757383,1.016205125
43.775000000,-0.026188349,0.016101854,0.995273295
43.780000000,0.034851362,-0.019639328,0.997946490
43.785000000,0.017084322,-0.006729625,1.023812668
43.790000000,-0.018638190,-0.052765562,1.003157375
43.795000000,0.073873235,0.023932459,0.999432153
43.800000000,-0.061526487,0.016221561,1.008382771
43.805000000,-0.014756397,-0.024627369,1.016553869
43.810000000,0.055453917,0.063448203,0.999109162
43.815000000,0.019999521,-0.030639965,1.003405294
43.820000000,0.012183981,-0.023678620,1.004821143
43.825000000,-0.034987781,0.019557259,1.005204877
43.830000000,-0.008128831,-0.016698029,1.010246253
43.835000000,0.000485525,-0.000748482,1.001261777
43.840000000,-0.022987573,-0.029335395,1.000898143
43.845000000,-0.020322732,-0.005380344,0.991761903
43.850000000,0.066760375,0.000727380,1.017291705
43.855000000,0.003549222,0.009324845,1.002219164
43.860000000,-0.038373053,-0.000304435,1.001011531
43.865000000,0.070805435,0.012740004,1.023748082
43.870000000,0.030975670,0.029968240,1.006743671
43.875000000,-0.012951819,-0.000361155,1.009404676
43.880000000,0.009666270,-0.013696524,0.987150892
43.885000000,0.020524317,-0.076276258,1.011817432
43.890000000,-0.045752414,-0.018808682,1.012694426
43.895000000,-0.030289552,0.013405997,0.996497200
43.900000000,0.062167808,0.014248157,1.020507598
43.905000000,0.050057053,0.007408224,1.006452479
43.910000000,-0.041088259,-0.034714257,1.023752803
43.915000000,-0.046676385,-0.004290212,1.009601175
43.920000000,0.042010569,-0.017509684,0.997310436
43.925000000,0.006965888,0.012951683,0.997433703
43.930000000,0.014872730,-0.010495137,0.992075059
43.935000000,0.007386019,0.020499470,1.013891359
43.940000000,0.006451234,-0.008978430,1.011768456
43.945000000,0.012175019,-0.031883367,1.002231835
43.950000000,-0.051742873,0.061755499,0.998856497
43.955000000,0.008017628,-0.030214864,1.010513306
43.960000000,0.006163046,0.045819483,1.003820505
43.965000000,0.022197299,0.012497111,1.000578487
43.970000000,0.014055021,-0.021632720,1.012291374
43.975000000,-0.019389444,0.034834057,1.017359882
43.980000000,0.011026559,-0.036190816,1.002661448
43.985000000,0.001878742,0.041755283,0.992802399
43.990000000,-0.003354911,-0.001802639,1.016344572
43.995000000,-0.049461218,0.002614785,1.000519349
44.000000000,0.017410080,-0.028093845,1.006780150
44.005000000,0.031606440,-0.042622850,1.011259551
44.010000000,-0.003422266,-0.012274290,0.994482944
44.015000000,0.029358795,-0.041447411,1.007157062
44.020000000,0.016810179,0.078913383,1.010222863
44.025000000,0.008392692,-0.029620221,1.020981848
44.030000000,-0.022418019,-0.022011729,1.002447730
44.035000000,0.012022088,0.018156205,0.994638599
44.040000000,0.027079336,-0.025924861,1.007971552
44.045000000,0.029583230,0.030375193,1.009244875
44.050000000,0.010995910,-0.036835691,1.003911627
44.055000000,-0.025987429,0.028559266,0.994021773
44.060000000,-0.017395909,0.001974282,1.013240068
44.065000000,0.020421039,-0.023315856,1.011653330
44.070000000,0.055092833,0.024434760,1.002211591
44.075000000,-0.038066955,-0.020353934,1.001514796
44.080000000,-0.007978128,-0.051444096,1.007809404
44.085000000,-0.019019972,-0.051652023,1.007440949
44.090000000,-0.034125016,0.049429161,0.998939134
44.095000000,0.071645701,-0.002517718,1.010810830
44.100000000,-0.001976508,-0.029533692,1.000156250
44.105000000,0.003095075,-0.000332916,0.998323217
44.110000000,-0.009085503,-0.029738084,1.013590211
44.115000000,-0.013811693,-0.013025195,1.018890107
44.120000000,0.026132393,0.000800976,1.008890687
44.125000000,-0.032191353,0.093136373,0.998745971
44.130000000,0.017139916,0.018852195,1.007597970
44.135000000,0.024514634,-0.056904306,1.001450572
44.140000000,-0.000977965,-0.012878637,1.008214171
44.145000000,-0.012560814,0.010194464,1.010861440
44.150000000,-0.023300151,0.009329441,0.994790255
44.155000000,0.038806345,-0.048828784,1.017908843
44.160000000,0.035836419,0.038523775,1.010285720
44.165000000,-0.025266032,0.029467775,0.998311010
44.170000000,-0.054782816,-0.034786489,1.015417976
44.175000000,-0.012427176,-0.011898189,0.994787046
44.180000000,0.065886183,-0.040691950,1.001370619
44.185000000,0.054056023,-0.012007657,1.013405470
44.190000000,0.004324745,-0.010456590,1.005528033
44.195000000,0.006639157,0.046827768,1.011854146
44.200000000,0.001970401,0.059035155,0.995920747
44.205000000,-0.009823805,-0.061143561,1.000570953
44.210000000,0.011750683,-0.026052195,1.015005213
44.215000000,0.046959617,0.047278697,1.010231227
44.220000000,-0.028627690,0.013683540,1.003866754
44.225000000,-0.014969685,0.033580518,1.001678239
44.230000000,0.068958830,-0.021677357,1.007839587
44.235000000,-0.061161737,-0.079686505,1.004557787
44.240000000,0.006287662,0.021823411,1.007659416
44.245000000,0.067065127,-0.059680362,1.009947309
44.250000000,-0.081049637,-0.042239789,0.999462810
44.255000000,0.021295694,0.053176572,1.003868406
44.260000000,0.021740123,-0.010068080,1.013758682
44.265000000,-0.047383121,0.060769276,1.009076312
44.270000000,0.043417965,-0.010762617,0.998436565
44.275000000,-0.026882992,-0.061972469,0.993569670
44.280000000,0.000813791,-0.005015498,1.013205975
44.285000000,0.047388033,-0.025625580,1.012447539
44.290000000,-0.055940391,0.012236135,0.994949290
44.295000000,0.027956187,0.001475835,1.011495078
44.300000000,0.024696096,0.013733930,1.001803321
44.305000000,-0.009164974,0.020424918,0.999475611
44.310000000,0.044204418,0.022322055,1.009395217
44.315000000,-0.030072638,-0.021034882,1.009559865
44.320000000,-0.014777496,-0.082036783,1.009605410
44.325000000,0.001569858,0.010055474,0.996429397
44.330000000,-0.032209259,0.044262429,1.009800570
44.335000000,-0.010439554,0.036372286,1.005374885
44.340000000,0.008671124,0.027880773,1.002363859
44.345000000,0.024499596,-0.003687419,1.013780773
44.350000000,0.036543500,0.017332542,1.001208918
44.355000000,0.024999917,-0.005295122,1.014539707
44.360000000,0.009003527,-0.012389353,1.014813331
44.365000000,-0.015293972,0.003410438,0.992812715
44.370000000,-0.024252065,-0.021695958,1.005865317
44.375000000,0.046707964,0.036526354,1.015479183
44.380000000,0.010435537,0.012262837,1.002781126
44.385000000,-0.001360072,-0.039987258,1.008455554
44.390000000,0.004292932,0.013169530,1.004363784
44.395000000,-0.023097004,-0.058689426,1.000230431
44.400000000,0.030529717,-0.004166457,1.011731991
44.405000000,-0.029298463,0.024579020,1.006575648
44.410000000,0.029742497,-0.043420481,1.003749103
44.415000000,0.032464739,0.029907968,1.008556025
44.420000000,-0.041389842,-0.029080679,1.008004573
44.425000000,0.014860673,-0.016106182,1.001100545
44.430000000,0.021544886,0.032025321,1.007533441
44.435000000,0.017612945,0.027787696,1.012377501
44.440000000,0.004491292,0.011793526,1.005180711
44.445000000,0.040279767,-0.052344658,1.002368262
44.450000000,-0.037430838,-0.020981687,1.006746225
44.455000000,0.013900465,-0.039512876,1.008543275
44.460000000,0.058089961,0.008500050,1.006435287
44.465000000,-0.064321590,0.026417113,1.015540335
44.470000000,0.039251930,-0.062549628,0.989698827
44.475000000,-0.007549364,-0.021007905,1.002567052
44.480000000,-0.036803263,0.049360309,1.017297929
44.485000000,0.003804415,-0.007005624,0.990451971
44.490000000,-0.005824156,-0.081252332,1.016381291
44.495000000,0.078626950,0.026472745,1.002556544
44.500000000,0.000767908,0.019606001,1.006661145
44.505000000,-0.039289223,-0.017563445,1.011902294
44.510000000,0.003450480,0.016403020,0.999218825
44.515000000,0.019439751,-0.029880594,1.019239591
44.520000000,0.016044349,0.005908452,0.993987014
44.525000000,-0.003073215,-0.013582756,1.007695756
44.530000000,-0.002636856,0.001943331,1.007406055
44.535000000,-0.035385669,0.012028272,0.994080005
44.540000000,-0.028884545,-0.057043115,1.014597531
44.545000000,0.038328598,-0.028609744,1.005364592
44.550000000,0.027385802,0.049404248,1.010740997
44.555000000,-0.012982981,0.061189931,1.005551161
44.560000000,-0.011550680,-0.011597816,0.998821415
44.565000000,-0.030996251,0.003089567,1.006242901
44.570000000,0.052337737,-0.053383025,1.000880199
44.575000000,0.020833590,-0.045135254,0.997747073
44.580000000,-0.039386574,0.036936606,1.010903269
44.585000000,0.030193731,-0.028443808,1.015873078
44.590000000,-0.013818218,0.033151007,0.992586711
44.595000000,-0.002158808,0.034431859,1.005064253
44.600000000,-0.023592270,-0.044408405,1.010314577
44.605000000,-0.000585354,-0.002541701,1.004462140
44.610000000,0.077797570,0.031274798,1.006346670
44.615000000,-0.013648074,0.021501415,1.005973500
44.620000000,-0.015384073,0.054986192,1.014854393
44.625000000,0.005713747,0.016350946,0.997979134
44.630000000,-0.019421894,-0.049848770,1.007728412
44.635000000,0.056002568,0.031875294,1.012056937
44.640000000,0.033182027,-0.009666996,1.004350782
44.645000000,-0.045325006,-0.021534997,1.014065762
44.650000000,0.009469882,-0.005152586,0.998811443
44.655000000,0.008482864,-0.054770803,1.011335348
44.660000000,0.004302966,0.000838045,1.007494527
44.665000000,-0.039971310,0.000762712,1.003276007
44.670000000,-0.028253230,0.045684198,1.017476385
44.675000000,0.115856610,0.040932360,0.999622091
44.680000000,-0.012422177,-0.028589218,1.007492430
44.685000000,-0.022909458,-0.042556077,1.003555509
44.690000000,0.025674152,-0.008232369,1.011154171
44.695000000,-0.040041606,0.001409881,1.011204630
44.700000000,0.047923761,-0.050609157,0.991457186
44.705000000,-0.014527508,-0.012526957,1.014134831
44.710000000,-0.021848768,0.028208146,1.011021392
44.715000000,0.045159859,0.032400116,1.003908326
44.720000000,-0.014283610,-0.046820969,1.004645374
44.725000000,-0.024321530,0.004472520,1.004822546
44.730000000,0.045099737,0.025479051,1.008360535
44.735000000,0.044013307,-0.061698041,1.002005383
44.740000000,-0.042983530,0.038742056,1.007438571
44.745000000,0.001540663,-0.019417126,1.000258379
44.750000000,0.017215794,-0.021662814,0.999989060
44.755000000,0.012420895,0.038173021,1.010865505
44.760000000,0.066962372,0.001236069,1.000516742
44.765000000,-0.019142950,-0.002159957,1.011989061
44.770000000,-0.071743476,-0.019678383,1.012860998
44.775000000,0.043207935,0.044616619,0.992731664
44.780000000,0.059912244,-0.021736225,1.011771407
44.785000000,-0.025453402,-0.065009929,1.004448048
44.790000000,0.011187164,0.013170501,0.990501711
44.795000000,0.007766274,-0.010349538,1.014328700
44.800000000,-0.003910305,-0.016871619,1.005875720
44.805000000,-0.003329257,0.044264578,1.009589050
44.810000000,-0.060061846,0.030498335,1.013366738
44.815000000,0.023646049,-0.002186967,1.003792237
44.820000000,0.039271740,0.023044630,1.002768326
44.825000000,-0.017793594,-0.020514059,1.003501338
44.830000000,0.026395615,-0.072184226,1.007095720
44.835000000,0.013935061,-0.069829140,1.001980623
44.840000000,-0.028351466,0.003302853,1.004074386
44.845000000,-0.015237912,0.029056680,1.001358771
44.850000000,0.021483576,0.045024848,1.014194681
44.855000000,0.007451014,-0.019446866,1.015145306
44.860000000,-0.038937825,-0.074224609,1.000647278
44.865000000,-0.005900997,0.090155325,1.011143924
44.870000000,0.011148874,0.027519751,1.002953826
44.875000000,-0.032269418,-0.055574420,1.003429183
44.880000000,0.016673135,-0.016959596,1.007174997
44.885000000,0.026547315,-0.020019524,1.002371827
44.890000000,-0.027514695,-0.012442325,1.003147425
44.895000000,-0.003634870,-0.035144888,1.009162700
44.900000000,0.052442710,-0.003249116,1.008607296
44.905000000,0.067106445,-0.014856693,0.994267116
44.910000000,-0.022492740,0.001842518,1.004794568
44.915000000,-0.028687641,0.010752807,1.011235514
44.920000000,0.012052219,0.021537297,1.004779380
44.925000000,0.010706798,0.007029911,1.004499531
44.930000000,0.033811424,-0.019067239,1.010135424
44.935000000,-0.005247416,0.036799210,1.012824680
44.940000000,-0.003363908,-0.022947939,1.013233250
44.945000000,0.016739693,-0.020639166,1.008569184
44.950000000,0.004454777,0.022555259,1.001437703
44.955000000,-0.019963333,-0.013094843,1.009502612
44.960000000,-0.007778770,-0.056461126,1.010358508
44.965000000,0.029084191,-0.001662060,0.998909756
44.970000000,-0.011960363,0.049429484,1.001939025
44.975000000,0.001399117,0.004179914,1.019724472
44.980000000,-0.037595736,0.003283344,1.007754097
44.985000000,-0.038581932,-0.020500147,1.004720181
44.990000000,0.095143094,0.007686554,1.004155985
44.995000000,0.002235903,0.024221355,0.998065044
45.000000000,-0.064290701,0.026187298,1.004668844
45.005000000,0.073141707,0.050969289,0.990178696
45.010000000,0.005236200,0.011422615,1.014479391
45.015000000,-0.014054208,-0.028808903,1.012821542
45.020000000,0.045596358,-0.009359001,0.991400817
45.025000000,-0.059231555,0.019587514,1.011635051
45.030000000,0.023612470,-0.003495791,1.003854378
45.035000000,0.011387382,-0.005893321,1.011767810
45.040000000,-0.024486767,-0.002005951,1.011912079
45.045000000,0.056208614,-0.009772320,0.999489462
45.050000000,-0.044787472,-0.004157592,0.999188601
45.055000000,0.000871029,0.050064476,1.004716206
45.060000000,0.019145258,-0.053682653,1.005255730
45.065000000,-0.000867012,-0.033238190,1.009032800
45.070000000,0.030158429,0.081929845,1.015027580
45.075000000,-0.011155134,-0.050811416,0.985538717
45.080000000,0.022824547,0.014791473,1.016241946
45.085000000,0.014512826,-0.036666016,1.022120839
45.090000000,-0.000867507,-0.055259377,0.987111029
45.095000000,0.016652759,0.013867208,1.014016124
45.100000000,0.031477462,-0.059497453,1.005266570
45.105000000,0.001161024,0.017795447,0.993051658
45.110000000,-0.026323482,0.013355085,1.008748237
45.115000000,0.013041110,0.025551828,1.012006325
45.120000000,0.059974295,-0.017540964,1.010433774
45.125000000,-0.007721383,-0.007867125,1.013639456
45.130000000,-0.034866727,-0.011959108,1.004777921
45.135000000,0.028836351,-0.075085239,1.000100272
45.140000000,-0.032910354,-0.008993364,1.013297949
45.145000000,0.053050085,0.008305912,1.003324839
45.150000000,-0.011154176,0.028506017,1.003449489
45.155000000,-0.083002774,-0.012128466,1.004345767
45.160000000,0.046628869,0.019861431,1.000868064
45.165000000,-0.034047460,-0.058138079,1.006537809
45.170000000,0.006852513,-0.010178043,1.001264310
45.175000000,-0.000443290,0.061237132,1.013300691
45.180000000,0.005496200,-0.049579871,1.012674944
45.185000000,0.064680850,0.028574386,1.006347104
45.190000000,0.005963171,-0.033156298,1.012483473
45.195000000,-0.010309393,-0.030470434,1.002468642
45.200000000,-0.043261283,-0.031445630,1.006947122
45.205000000,0.016987179,-0.007588354,1.008581634
45.210000000,0.023414974,0.019218726,0.996053243
45.215000000,-0.003285741,-0.042515921,1.010046389
45.220000000,0.012138015,0.047046839,1.017136583
45.225000000,0.041401985,0.015190860,0.991476267
45.230000000,-0.010944394,-0.002765965,1.006429784
45.235000000,-0.000493515,-0.013944847,1.025540183
45.240000000,-0.008754049,0.018158361,0.995516972
45.245000000,-0.068401440,-0.033256152,0.996961430
45.250000000,0.112662926,-0.016062047,1.015929143
45.255000000,-0.009495315,0.103666666,1.005171043
45.260000000,-0.036052454,-0.023154792,1.003225049
45.265000000,0.048303740,-0.027422119,1.007869139
45.270000000,-0.060059590,0.029492463,1.010279903
45.275000000,0.030439713,0.009167411,1.002400729
45.280000000,0.006963340,-0.057799996,1.000682532
45.285000000,0.031077410,0.041924447,1.012499900
45.290000000,-0.026410700,0.040596334,1.005327962
45.295000000,-0.043253809,-0.036626641,0.997716740
45.300000000,0.048780003,0.066355134,1.001632214
45.305000000,-0.013135326,-0.030826397,1.011122072
45.310000000,-0.016531500,0.013676177,1.004844809
45.315000000,-0.031977836,-0.001547565,1.006007534
45.320000000,0.070219799,-0.041869030,1.010796838
45.325000000,0.011431103,0.033564235,0.991418060
45.330000000,-0.051388002,-0.019981877,1.000921410
45.335000000,0.092829915,0.030990708,1.012949354
45.340000000,0.009152016,-0.000930159,1.003472855
45.345000000,-0.061151698,-0.050555728,1.011910852
45.350000000,0.004595522,-0.002921121,1.013825230
45.355000000,0.053104574,-0.006280164,1.008281648
45.360000000,-0.008000233,-0.041886582,0.998540756
45.365000000,-0.053062107,-0.032980305,0.991014997
45.370000000,0.026399230,0.034153107,1.007230965
45.375000000,0.037181549,0.055419050,1.021190843
45.380000000,-0.007704625,-0.035021067,1.007512260
45.385000000,-0.016654463,-0.044131210,1.001932361
45.390000000,-0.003275616,-0.009181012,1.007515633
45.395000000,0.024304530,-0.022034901,1.004528032
45.400000000,-0.022563870,0.022574318,1.011351613
45.405000000,-0.021268168,-0.016949867,1.004341204
45.410000000,0.062294269,0.015440694,0.999855513
45.415000000,0.007173087,-0.030339593,1.006018469
45.420000000,-0.024609635,-0.028452169,1.006484064
45.425000000,0.049960813,0.058626745,1.009862975
45.430000000,-0.022400271,-0.032656320,1.002800530
45.435000000,-0.055499201,0.021938180,1.013806332
45.440000000,0.069357407,-0.010335158,1.010665289
45.445000000,-0.022539058,-0.000413697,0.998008589
45.450000000,-0.001869975,0.009356003,1.013009693
45.455000000,0.070197820,-0.044288652,1.004325613
45.460000000,-0.043267140,0.018510273,1.011212312
45.465000000,0.066245794,-0.019605535,1.007198236
45.470000000,-0.002956970,0.036042073,0.998782760
45.475000000,-0.050003928,0.021614268,1.013367815
45.480000000,0.062160678,-0.017342127,1.000851708
45.485000000,0.007561449,0.022267761,0.999519243
45.490000000,-0.049084923,-0.019840238,1.005890154
45.495000000,-0.001387392,-0.041513686,1.013992468
45.500000000,0.112699925,0.001136792,1.007886372
45.505000000,-0.028908352,-0.015534982,1.005940481
45.510000000,-0.004601626,-0.018440828,1.010329583
45.515000000,0.001351870,-0.004914773,1.001036813
45.520000000,-0.033819153,-0.052869908,1.009088969
45.525000000,0.121540342,0.091404985,1.003782554
45.530000000,0.005635829,0.014573541,1.006496314
45.535000000,0.008302952,-0.077123219,1.003395762
45.540000000,-0.042036781,0.062255940,0.999583844
45.545000000,-0.041020180,-0.015894293,1.009731759
45.550000000,0.014416648,-0.016771033,1.008852978
45.555000000,-0.016276864,0.022437578,1.003763579
45.560000000,0.062032338,0.007344771,1.004737164
45.565000000,-0.039605599,-0.025409874,1.021102379
45.570000000,-0.005198692,-0.046248885,1.000741815
45.575000000,0.017352251,0.001113110,0.997676908
45.580000000,0.019379842,0.002321347,1.000552386
45.585000000,0.001222540,0.000033092,0.997001000
45.590000000,-0.062242117,-0.031215382,1.019992434
45.595000000,0.017346585,-0.007025863,0.994971784
45.600000000,-0.043182565,0.013206057,1.003893679
45.605000000,0.005624385,-0.033500114,1.014715215
45.610000000,0.034526340,-0.020199531,0.998555659
45.615000000,-0.036282865,0.023055746,1.006077649
45.620000000,0.001515678,-0.008937031,1.002412056
45.625000000,-0.000869959,0.006537634,1.009301127
45.630000000,-0.053449203,0.022982232,1.005862155
45.635000000,-0.020180090,-0.045529341,1.001748866
45.640000000,0.013412171,-0.010113450,1.007670981
45.645000000,0.027076750,0.033160942,1.014724972
45.650000000,0.089171261,0.023544916,1.016764066
45.655000000,-0.063750706,-0.039023636,1.008446504
45.660000000,-0.064741737,-0.022084342,1.003716561
45.665000000,0.078818874,0.040274839,1.006918525
45.670000000,0.005514204,-0.026796613,1.011377137
45.675000000,-0.000804153,-0.002741453,1.013858917
45.680000000,0.022510957,0.027018366,1.012407484
45.685000000,0.005493093,0.008904395,0.996917309
45.690000000,-0.013080009,0.053398973,0.995835606
45.695000000,-0.008752700,-0.008734228,1.006376892
45.700000000,0.033027584,-0.026077245,1.000855274
45.705000000,0.047219215,0.096603572,1.000566614
45.710000000,0.001436969,0.008941200,1.013237796
45.715000000,0.020059673,-0.061670622,1.006879843
45.720000000,0.024165525,-0.014370417,1.005132957
45.725000000,-0.034700259,-0.044139661,1.014199845
45.730000000,0.020446782,0.046136941,0.997523871
45.735000000,0.005586622,0.054577959,1.005899924
45.740000000,0.017687911,-0.025445140,1.002487959
45.745000000,-0.003995930,-0.018099831,0.999899619
45.750000000,-0.016468375,-0.027861901,1.015590971
45.755000000,0.098632722,-0.030048051,0.996852064
45.760000000,-0.017818601,0.005211188,0.998502775
45.765000000,-0.022329865,0.000738068,1.004690940
45.770000000,0.046300510,-0.019906867,1.012681339
45.775000000,-0.038626190,-0.011952423,1.005740717
45.780000000,0.050466910,-0.018138669,1.005750236
45.785000000,0.009902580,-0.010856362,1.016017667
45.790000000,-0.061116318,-0.022541193,1.007204967
45.795000000,0.074189522,0.041440519,1.004091062
45.800000000,0.009776993,-0.023075943,0.998106947
45.805000000,-0.051142107,-0.054319659,1.012765530
45.810000000,0.006072568,0.038064616,1.008563411
45.815000000,-0.006731911,-0.055906237,1.004022735
45.820000000,0.028071428,0.015210785,1.000427601
45.825000000,0.038911096,-0.008531576,1.002682143
45.830000000,-0.006037014,-0.020178615,1.013395148
45.835000000,-0.030697205,0.073241839,0.998766179
45.840000000,0.002993639,-0.026557383,1.011271966
45.845000000,-0.012531938,-0.008600745,1.004081053
45.850000000,-0.019302909,-0.029056620,0.998490190
45.855000000,0.037084553,-0.002766531,1.004577430
45.860000000,0.049703626,0.011769913,0.994785453
45.865000000,0.005214164,-0.028186149,1.014107044
45.870000000,-0.049888190,-0.002504598,1.020876248
45.875000000,-0.001948610,-0.014928228,1.009190202
45.880000000,-0.007246403,0.042185309,0.999474097
45.885000000,0.007845601,0.006349470,1.002985857
45.890000000,0.007800196,-0.035652664,1.007864217
45.895000000,-0.014512112,-0.016227337,1.012114729
45.900000000,0.033829127,-0.011015201,1.006953079
45.905000000,-0.029747061,-0.003983000,1.010599082
45.910000000,0.007433137,0.004697686,1.015479735
45.915000000,0.013816165,0.070356277,1.002928296
45.920000000,-0.002038501,0.007334424,1.009409325
45.925000000,-0.005918071,-0.044000343,1.004120304
45.930000000,-0.023524997,0.006316823,1.010285655
45.935000000,0.018484314,-0.022799055,1.000221412
45.940000000,-0.025144964,0.012571642,0.992042143
45.945000000,0.027798768,0.020035992,1.014856659
45.950000000,-0.037897327,-0.032249919,1.011569659
45.955000000,0.011068127,-0.012425344,1.008748345
45.960000000,0.048978570,-0.037583017,1.008839944
45.965000000,-0.082934240,0.022198360,1.007640258
45.970000000,0.085378310,0.026413847,0.995514109
45.975000000,-0.025559476,-0.011628786,1.000169784
45.980000000,-0.097064958,0.033564166,1.002944958
45.985000000,0.092155025,-0.004428369,1.003127845
45.990000000,0.017773985,-0.007738345,1.017438828
45.995000000,-0.008969786,-0.010867718,1.002243425
46.000000000,0.024018380,0.003698825,1.006923205
46.005000000,0.002794851,-0.031228861,1.006676694
46.010000000,0.040710276,0.002625622,1.004654948
46.015000000,0.038239931,0.053669831,1.004753647
46.020000000,-0.038748538,-0.001280375,0.998423477
46.025000000,-0.008508166,0.029781409,1.016252068
46.030000000,0.004866228,-0.062410188,0.997889672
46.035000000,-0.020847641,0.007046660,0.998801814
46.040000000,0.022731113,0.011711162,1.010237211
46.045000000,0.009641972,-0.078783568,0.991733619
46.050000000,0.010762076,0.038200541,1.006993532
46.055000000,0.033283263,-0.005236442,1.019501900
46.060000000,-0.014080181,-0.009957505,1.002833307
46.065000000,-0.020488822,-0.020372356,0.996006709
46.070000000,0.048864172,0.012179554,1.011382807
46.075000000,-0.021838586,-0.004770423,1.010563254
46.080000000,0.012922908,-0.049977796,0.993941393
46.085000000,0.070762456,0.053542904,1.006212683
46.090000000,-0.038971136,-0.030080589,1.014810591
46.095000000,0.027166909,-0.017236186,1.010980189
46.100000000,0.007909563,0.025654716,1.007930440
46.105000000,0.008151220,-0.016168112,0.996437144
46.110000000,0.025522955,-0.008877469,1.008046133
46.115000000,-0.051495278,-0.007802472,1.009351680
46.120000000,0.038007077,0.029833695,0.999300228
46.125000000,0.025972681,0.024102110,1.013582976
46.130000000,-0.046361137,0.009623185,1.008944419
46.135000000,-0.016962459,-0.029674902,1.001936407
46.140000000,0.079958143,-0.018115900,1.008531985
46.145000000,0.006603393,-0.025863852,0.998396228
46.150000000,-0.060947174,-0.017441830,1.008809435
46.155000000,0.023498299,0.055803177,1.018250600
46.160000000,-0.001156125,-0.010386875,1.003474679
46.165000000,0.000647368,0.011421036,1.010859539
46.170000000,-0.031768169,0.016631188,1.001966203
46.175000000,0.008794219,-0.037955466,1.004452075
46.180000000,-0.014273712,0.030343383,1.019787249
46.185000000,-0.018071886,-0.032045018,1.005798291
46.190000000,0.088301374,-0.024706037,1.007649047
46.195000000,-0.036198165,0.026996946,1.002909855
46.200000000,0.001793447,-0.031707292,1.012438948
46.205000000,0.077095187,-0.008720719,1.005853916
46.210000000,-0.005540823,-0.036249326,1.006063355
46.215000000,-0.054968556,0.024843367,1.019299883
46.220000000,0.020990103,0.028667911,0.994321524
46.225000000,0.074233701,-0.073578620,1.002352757
46.230000000,-0.037500309,0.000634765,0.998914235
46.235000000,-0.043644184,-0.007229422,1.004419770
46.240000000,0.003252083,0.002844059,1.006500779
46.245000000,0.057653541,0.039355821,0.994358491
46.250000000,0.000794057,-0.042112585,1.014050861
46.255000000,0.008197180,-0.042356387,1.000534035
46.260000000,-0.000257917,0.025350760,1.002511065
46.265000000,-0.073920770,0.007639625,0.999960167
46.270000000,0.035469552,-0.002644455,0.997109458
46.275000000,-0.027781695,0.035838708,1.018017413
46.280000000,0.013407239,-0.003536228,1.012651624
46.285000000,0.010394105,-0.020701803,1.001755660
46.290000000,-0.028288705,-0.001637631,1.004668926
46.295000000,0.022463545,0.034965058,1.012357478
46.300000000,-0.048001168,0.004058685,1.001026894
46.305000000,0.068387576,-0.025228317,1.011892609
46.310000000,-0.014935487,-0.014957350,1.008920211
46.315000000,-0.015857707,-0.016425492,0.995990040
46.320000000,0.030629099,0.041882935,1.005478376
46.325000000,-0.081610167,-0.041880985,1.003375688
46.330000000,0.025515740,-0.009820150,1.002825841
46.335000000,-0.008510424,0.034968501,1.004817679
46.340000000,-0.000260424,-0.021904984,1.021453694
46.345000000,0.012110658,0.007368054,1.005628057
46.350000000,-0.016485303,-0.050511668,0.998045910
46.355000000,0.075615959,0.005356375,1.014115199
46.360000000,0.009026236,0.036376170,0.998110299
46.365000000,0.006850695,-0.011464270,1.001741181
46.370000000,0.046982143,-0.056525253,1.010520060
46.375000000,-0.028963475,-0.032550814,1.011701127
46.380000000,0.043060835,0.067880998,1.010810495
46.385000000,0.050094014,0.019591721,1.004311423
46.390000000,-0.026633367,0.033716730,1.004943574
46.395000000,0.049065637,-0.030621081,1.003824218
46.400000000,-0.023608376,-0.070542397,1.003849308
46.405000000,-0.017291979,0.032651896,1.005117058
46.410000000,0.049505464,0.027564633,1.003602275
46.415000000,-0.035892574,0.017828224,1.011293523
46.420000000,-0.006471507,-0.027256883,1.007645130
46.425000000,0.016036824,-0.022183756,0.994778643
46.430000000,0.042079540,0.012834618,1.014316173
46.435000000,0.000179795,-0.045459144,1.010899109
46.440000000,-0.043512203,0.032322309,0.996529085
46.445000000,-0.010394583,0.056992650,1.009880745
46.450000000,0.012632554,-0.068825920,1.014157269
46.455000000,0.058822997,0.026565817,1.009484500
46.460000000,0.000094725,0.012909316,1.002604816
46.465000000,0.016198832,-0.054874643,1.006287583
46.470000000,0.024989558,0.040847736,1.000174196
46.475000000,0.006256263,-0.002724506,1.006854738
46.480000000,0.033553876,-0.008227109,1.008977814
46.485000000,-0.037915828,-0.017200181,1.001882465
46.490000000,-0.035383077,0.046369672,1.014478365
46.495000000,0.006658921,0.020475082,1.001501641
46.500000000,-0.002860573,-0.076202501,0.998833011
46.505000000,-0.028571976,0.065241655,1.005375724
46.510000000,-0.026503697,-0.034992251,1.009197335
46.515000000,0.026731738,-0.079735616,1.012831028
46.520000000,0.012215569,0.035691232,1.006613379
46.525000000,-0.014470991,0.002272499,1.006345330
46.530000000,-0.061319497,-0.003679754,0.999889998
46.535000000,-0.043819301,-0.006681549,1.005122950
46.540000000,0.090286832,-0.021427911,1.005238711
46.545000000,0.020469740,-0.046814344,1.014625061
46.550000000,-0.025037793,-0.014031934,1.014755862
46.555000000,0.046911279,-0.001516398,0.998639821
46.560000000,0.000099544,-0.010591772,1.003606237
46.565000000,-0.002375549,0.037727192,1.003366797
46.570000000,-0.007939453,0.039775056,0.997049921
46.575000000,0.046114637,-0.038882241,0.999862004
46.580000000,0.005837664,-0.046837266,1.007487076
46.585000000,-0.073753029,0.045429235,1.010273160
46.590000000,0.037673267,0.000450211,1.012669983
46.595000000,0.017127421,-0.036542884,1.006199299
46.600000000,0.017895301,-0.002662615,0.996236631
46.605000000,0.013272916,0.007725871,1.010743988
46.610000000,-0.029341261,0.036869496,1.013456777
46.615000000,0.012788458,0.020630476,0.999892015
46.620000000,0.005606967,-0.031345906,1.006487178
46.625000000,0.006862179,-0.025073195,1.008988327
46.630000000,-0.002733532,-0.002127834,1.003410112
46.635000000,0.031648370,-0.022532430,0.997789082
46.640000000,0.025534330,0.010169458,1.007619731
46.645000000,-0.002463168,-0.037275843,1.014318772
46.650000000,-0.002377981,0.012105863,1.000917323
46.655000000,-0.019612272,0.065060543,1.005116354
46.660000000,0.028474244,-0.055167970,1.012197829
46.665000000,0.028888162,0.008211398,1.011916323
46.670000000,-0.001196655,-0.010901518,1.009993382
46.675000000,0.006945688,-0.028575297,1.001744732
46.680000000,-0.023932832,0.000050746,1.002776629
46.685000000,-0.012821295,-0.045592272,1.004355771
46.690000000,0.002556754,0.042712077,1.013088622
46.695000000,-0.028704612,0.041315504,1.005878612
46.700000000,0.034383621,-0.001843401,0.996014657
46.705000000,-0.017537342,-0.002990424,1.009879701
46.710000000,-0.012453419,0.005886723,1.009062327
46.715000000,0.045906774,-0.028946899,1.007383978
46.720000000,-0.027289171,0.015616531,1.006285111
46.725000000,0.080044503,0.037873554,1.001870070
46.730000000,0.011526644,-0.055225976,1.001621049
46.735000000,-0.035240159,0.046339917,1.001076649
46.740000000,0.034350790,0.006639322,1.000704192
46.745000000,-0.014142931,-0.028986648,1.001753644
46.750000000,0.054535534,0.008645422,1.014918504
46.755000000,-0.026836966,-0.029069254,1.008606478
46.760000000,-0.030716182,0.037803998,1.004212673
46.765000000,0.011278270,-0.022816417,1.008361653
46.770000000,-0.011036428,-0.014984422,1.003994589
46.775000000,0.022623815,0.008747057,1.016240474
46.780000000,-0.000096027,-0.001366530,0.999426452
46.785000000,0.014259699,0.030970163,0.991714237
46.790000000,-0.001754842,-0.049849812,1.013696290
46.795000000,0.001160464,-0.035781400,0.999830846
46.800000000,-0.051372433,0.004772240,1.005437382
46.805000000,-0.000170998,-0.015121612,1.019948795
46.810000000,0.055219014,0.006936874,1.010035359
46.815000000,-0.035980940,0.033141352,1.006475500
46.820000000,0.008030029,0.013215820,0.997177035
46.825000000,-0.002354614,-0.005571169,1.008979185
46.830000000,-0.003249338,-0.042404347,1.015977643
46.835000000,0.035755396,-0.011135463,1.007526739
46.840000000,0.018747380,0.038251908,0.997262984
46.845000000,0.013869037,-0.007259866,1.006126240
46.850000000,0.005306639,0.008119082,1.016079909
46.855000000,-0.013773109,-0.038501816,0.995459570
46.860000000,-0.021288739,-0.017489886,1.015422755
46.865000000,0.025949214,-0.000064180,1.016316558
46.870000000,0.025844672,-0.062407766,1.000810592
46.875000000,0.000976042,0.012083923,1.012482110
46.880000000,-0.042306010,-0.020693507,1.000971684
46.885000000,0.013925537,0.015062010,1.004707403
46.890000000,0.024098642,0.013456194,1.005594709
46.895000000,-0.050640579,-0.062386725,1.003221939
46.900000000,0.062883769,0.089001118,1.007142236
46.905000000,0.021888556,0.017067260,1.008422957
46.910000000,-0.006109286,-0.068907626,1.004336477
46.915000000,0.046212048,0.038697875,0.996628587
46.920000000,-0.054353586,-0.006016675,1.006726556
46.925000000,0.005372404,0.015741643,1.001432143
46.930000000,0.027163808,-0.021701568,1.007860095
46.935000000,-0.030833747,-0.035142768,1.004838515
46.940000000,0.023462192,0.051246564,0.999290209
46.945000000,0.012906995,-0.056522732,1.013484541
46.950000000,-0.004631150,0.029574448,1.001849022
46.955000000,0.031877453,0.062007110,1.013533106
46.960000000,0.037128281,-0.022313076,1.011725300
46.965000000,-0.015954676,0.033988999,0.992395666
46.970000000,-0.042943659,-0.031451998,1.006292406
46.975000000,0.025885551,-0.012019781,1.010467627
46.980000000,0.038965603,-0.000600665,0.994036173
46.985000000,0.003088435,-0.016845810,0.995105359
46.990000000,-0.005131137,0.010567401,1.009298116
46.995000000,-0.036051369,-0.000791811,1.008123063
47.000000000,0.001566006,-0.023673377,1.009117789
47.005000000,0.039792438,-0.018791518,1.007309686
47.010000000,-0.001149562,0.017073361,1.007250294
47.015000000,-0.002128919,-0.042764227,1.007350510
47.020000000,0.016549427,-0.009225335,1.002008900
47.025000000,-0.009122834,0.001379034,1.008119942
47.030000000,-0.026357954,0.005781312,1.002887675
47.035000000,0.004665495,-0.027238926,1.018694164
47.040000000,-0.036177982,-0.027114136,1.006334966
47.045000000,-0.003324663,0.054623280,0.998866688
47.050000000,0.083346481,-0.048780277,1.026494691
47.055000000,-0.015056694,0.012982108,0.992669575
47.060000000,-0.008354584,-0.032681797,1.007403555
47.065000000,0.030768322,-0.030482669,1.019744932
47.070000000,-0.022829394,0.058417492,0.988986116
47.075000000,-0.007416229,-0.056862984,1.005667536
47.080000000,-0.021326299,0.018267722,1.008517716
47.085000000,0.054197640,0.018008786,1.017741375
47.090000000,0.026003251,-0.020197562,1.004051531
47.095000000,-0.078116377,-0.038238780,0.992047976
47.100000000,0.021214560,0.042753914,1.012700125
47.105000000,0.018344830,0.064363067,1.000291837
47.110000000,-0.012713683,-0.046789698,1.008973216
47.115000000,0.012000422,0.032139223,1.014572248
47.120000000,0.005464687,-0.003490899,1.000295383
47.125000000,0.033430514,-0.022528767,1.004906511
47.130000000,0.004555848,-0.000185999,1.011488201
47.135000000,0.023858952,0.049156971,1.011419256
47.140000000,0.005119718,-0.008406476,1.008094379
47.145000000,-0.065265311,-0.047920239,1.005297077
47.150000000,0.039213426,0.053205430,1.001863504
47.155000000,0.005919121,-0.034711799,1.012357472
47.160000000,-0.019459867,0.003828785,1.008513207
47.165000000,0.052742274,-0.008739528,0.997014133
47.170000000,-0.007927816,-0.019027237,1.005148345
47.175000000,0.050008805,0.015020431,1.004963606
47.180000000,-0.039752057,-0.004184151,0.998763662
47.185000000,-0.065843261,0.051549516,1.005596910
47.190000000,0.069817991,-0.002747629,1.007298222
47.195000000,-0.020559079,-0.028371171,1.003727005
47.200000000,0.001132901,-0.035695632,1.015335112
47.205000000,-0.003594860,0.056151844,1.004511286
47.210000000,-0.003134397,0.014244050,1.004617892
47.215000000,0.029170860,-0.042748681,1.007187600
47.220000000,0.033807619,0.006288546,1.001697813
47.225000000,0.079018151,-0.056833637,1.010555035
47.230000000,-0.053766419,0.026134257,0.993987592
47.235000000,0.018396641,-0.007775169,1.003437678
47.240000000,0.042221577,-0.017412617,1.017237468
47.245000000,-0.062446734,-0.003024723,1.004119933
47.250000000,0.007769791,-0.021463673,1.002349618
47.255000000,-0.020633227,-0.000087484,0.993616455
47.260000000,0.024224176,-0.047254478,1.007489493
47.265000000,0.017883149,0.038709469,1.015203677
47.270000000,-0.018327534,0.014374597,1.008546127
47.275000000,0.022848036,0.004590897,1.022250189
47.280000000,-0.005802730,-0.021147462,1.009412268
47.285000000,0.018137177,-0.042147805,0.992405749
47.290000000,-0.024088451,-0.008605824,1.009574791
47.295000000,-0.042148723,-0.028227381,1.005977487
47.300000000,-0.030454172,0.048645662,1.002579064
47.305000000,-0.007964018,-0.049142386,1.009421400
47.310000000,0.043741184,-0.029436460,1.000200514
47.315000000,0.027926599,0.013127747,1.005937525
47.320000000,0.083562595,-0.048148336,1.014058843
47.325000000,0.002279477,0.017033629,1.017344201
47.330000000,-0.038470115,-0.010417840,1.007661800
47.335000000,0.014904489,0.027316210,0.998082805
47.340000000,-0.042615248,0.018703796,0.994631421
47.345000000,0.023160661,0.011790941,0.999422420
47.350000000,-0.022616574,0.003812162,1.010463419
47.355000000,0.013004208,-0.038107899,1.009931233
47.360000000,0.068983855,0.061625525,1.010206429
47.365000000,-0.042301932,-0.011431474,1.006709044
47.370000000,0.017851893,-0.035813914,1.001816531
47.375000000,0.013338997,0.044806342,1.002157492
47.380000000,0.009231672,-0.029651819,1.012458697
47.385000000,0.003271497,0.001145378,1.009203830
47.390000000,-0.016881583,0.024875496,0.994515709
47.395000000,0.000562040,-0.002586549,1.009406590
47.400000000,0.005839227,0.018135935,1.006892305
47.405000000,0.022085792,-0.049854041,1.002586489
47.410000000,-0.065282782,-0.022883305,1.009895237
47.415000000,0.048147001,0.013213919,1.004198050
47.420000000,0.067697293,-0.003628009,0.998166773
47.425000000,0.002634052,0.009620175,1.005851319
47.430000000,0.040419410,-0.026429013,1.015222415
47.435000000,-0.043382300,0.000796452,0.995465131
47.440000000,0.009457120,-0.010407768,1.010476603
47.445000000,-0.016159705,0.013827889,1.015220082
47.450000000,-0.062040498,0.013876991,0.991282580
47.455000000,-0.021767789,-0.027832381,1.009404136
47.460000000,0.007003252,0.030837124,1.013953967
47.465000000,0.031575923,0.004254116,1.013017717
47.470000000,-0.021786881,-0.008839607,1.008223974
47.475000000,-0.011882003,-0.016770691,0.994834166
47.480000000,0.002820316,0.032250647,1.008292474
47.485000000,0.046755370,0.008081486,1.008554917
47.490000000,0.001144905,-0.018741234,1.004085691
47.495000000,-0.024667472,0.053933617,1.012054642
47.500000000,0.046216615,-0.053005587,1.010162567
47.505000000,0.011169476,-0.005704379,1.006188393
47.510000000,-0.000252611,0.003763570,1.001508823
47.515000000,-0.019688811,-0.042489830,0.999951140
47.520000000,0.009354426,-0.013924309,1.013254154
47.525000000,0.032531274,-0.048934303,1.018469626
47.530000000,-0.012562336,0.048337246,1.002372719
47.535000000,-0.027628277,0.001923126,0.998313519
47.540000000,0.017018383,-0.017871199,1.003251985
47.545000000,0.041856273,0.039283009,1.000379061
47.550000000,-0.015764658,-0.010809511,1.008921980
47.555000000,0.018374838,0.031172406,1.013230757
47.560000000,0.024871804,0.015911972,1.006230757
47.565000000,0.012476982,-0.013804106,0.998376976
47.570000000,0.058780511,-0.010067845,1.000428180
47.575000000,0.000338087,-0.033969169,1.010414125
47.580000000,-0.029147028,0.019744111,1.002450577
47.585000000,0.019755303,-0.006644736,1.000538150
47.590000000,0.006946592,-0.050613000,1.014138709
47.595000000,-0.017134934,0.015452198,1.013510466
47.600000000,-0.011943109,-0.046358776,0.992454133
47.605000000,-0.045629626,0.023087197,0.995717097
47.610000000,-0.008743490,0.050120901,1.020026570
47.615000000,0.061961913,-0.072743215,1.003336293
47.620000000,0.012630989,0.000611846,1.005853750
47.625000000,-0.001739027,-0.002015327,1.020862816
47.630000000,0.006441212,0.012484473,1.005324733
47.635000000,-0.016709525,-0.039430408,0.998263185
47.640000000,0.037930818,-0.027503645,1.004053258
47.645000000,0.004898469,0.041685944,1.011688541
47.650000000,-0.048976943,-0.065161578,1.000754744
47.655000000,-0.007205248,0.021705145,1.006510383
47.660000000,0.011494677,0.030712347,1.014750924
47.665000000,0.051936577,-0.027125495,0.996609374
47.670000000,0.001877070,-0.054430115,0.997564932
47.675000000,-0.028935697,-0.020480663,1.002497258
47.680000000,-0.001514851,0.018024348,1.009870232
47.685000000,-0.035477466,-0.045152099,1.009242900
47.690000000,-0.002328460,0.008684793,0.999815593
47.695000000,0.008418542,-0.034030448,1.004164628
47.700000000,0.026624969,0.013694170,1.007643727
47.705000000,0.010155167,0.014266532,1.008385574
47.710000000,-0.010779680,-0.020157290,1.005399018
47.715000000,0.041142119,0.073519047,1.002354480
47.720000000,-0.011820040,0.015617287,1.001164772
47.725000000,-0.029926874,0.014818721,1.006447368
47.730000000,0.020519448,0.008306294,1.005125929
47.735000000,0.016295167,0.010242266,1.006524704
47.740000000,0.035282114,0.014274586,1.013433773
47.745000000,0.008570637,0.017639120,1.003929180
47.750000000,-0.023641586,0.016271397,1.008976400
47.755000000,0.038998691,-0.016599762,1.013759872
47.760000000,0.011820305,0.023590691,0.998774203
47.765000000,-0.021076637,-0.011738032,1.003351250
47.770000000,-0.000198489,-0.003547151,1.008050538
47.775000000,-0.013973624,-0.005149737,1.007166875
47.780000000,0.044741429,-0.005628703,1.003322530
47.785000000,0.031136898,-0.024521149,1.007078289
47.790000000,-0.027579114,-0.030968852,1.017472764
47.795000000,0.009510676,0.050309895,1.009703773
47.800000000,0.005298067,0.000618672,1.004508557
47.805000000,-0.030204404,-0.023591730,1.001260357
47.810000000,0.012491297,-0.010790604,1.014074481
47.815000000,0.057629074,0.020553176,1.008304131
47.820000000,0.021384640,0.039591241,0.996305496
47.825000000,-0.008914283,0.010452106,1.018524284
47.830000000,0.003200097,-0.007611190,1.009172678
47.835000000,-0.018064547,-0.010302469,1.003349743
47.840000000,-0.035173633,-0.043118523,1.011847500
47.845000000,0.031564370,-0.097434088,0.999546950
47.850000000,0.002933117,-0.004667271,1.001052431
47.855000000,-0.017664267,0.002841783,1.004378405
47.860000000,0.014269857,0.032576228,1.015375847
47.865000000,-0.023081273,0.004604957,0.999151974
47.870000000,0.009575736,-0.073819830,0.983365671
47.875000000,-0.032018438,0.036618083,1.012512799
47.880000000,-0.013444748,-0.002248612,1.014315910
47.885000000,0.043717255,0.004820954,1.000915187
47.890000000,-0.017352473,-0.037779190,1.011629921
47.895000000,-0.001861019,-0.031823719,1.008033286
47.900000000,-0.029687430,0.055688658,1.001933873
47.905000000,-0.000616125,-0.058302483,1.007938595
47.910000000,0.046683282,-0.013782707,1.004294416
47.915000000,-0.012665839,-0.002594376,0.994462923
47.920000000,0.018192492,-0.001628693,1.005775731
47.925000000,0.012972385,0.005498886,1.012101156
47.930000000,0.000569040,-0.023063721,1.005181763
47.935000000,0.044761983,0.024128451,1.015307632
47.940000000,-0.015004078,-0.033091261,1.000275025
47.945000000,-0.010641736,0.002181759,1.001745296
47.950000000,0.005403401,0.042968403,1.014841605
47.955000000,-0.023530777,-0.020161145,0.996023978
47.960000000,0.022452860,-0.056455145,1.009274736
47.965000000,0.029110803,0.035159250,1.004846881
47.970000000,0.049600250,0.059738509,1.003931265
47.975000000,-0.005890980,-0.058481676,1.019745184
47.980000000,0.005355460,-0.003176791,0.995038365
47.985000000,0.039399299,0.006332731,0.998489309
47.990000000,-0.005804999,0.007618856,1.012883206
47.995000000,0.011743945,0.081350395,1.005239595
48.000000000,-0.039987624,0.022167427,1.012178057
48.005000000,0.039469608,-0.037831040,1.021330866
48.010000000,-0.002948805,0.001780052,1.000098617
48.015000000,-0.043682816,0.037294398,0.990596953
48.020000000,0.036406871,-0.013452271,1.015920848
48.025000000,-0.026032782,-0.028878441,1.004818511
48.030000000,0.032976063,0.009448314,1.002392689
48.035000000,0.011116637,0.004940702,1.012762598
48.040000000,0.001275308,-0.014422198,0.998638710
48.045000000,-0.011231365,-0.007702994,1.014308249
48.050000000,0.001861277,-0.028169316,1.010964623
48.055000000,0.052910589,-0.001384281,0.991984936
48.060000000,-0.036277275,0.033382484,1.013463581
48.065000000,0.035431356,-0.028721833,1.005555652
48.070000000,0.002933037,-0.037228688,0.997216050
48.075000000,-0.005895066,-0.033981939,1.007152384
48.080000000,0.069054414,-0.016042155,1.001684912
48.085000000,-0.028738228,-0.004861896,1.012945933
48.090000000,-0.037409653,0.018343537,1.010950322
48.095000000,0.018220866,0.019085911,1.006471770
48.100000000,0.009032841,-0.030395295,1.007441498
48.105000000,-0.046417392,-0.027514937,1.002739015
48.110000000,-0.050058892,-0.015683736,1.003771205
48.115000000,0.017497462,0.055269638,1.001467712
48.120000000,0.034922533,-0.006408953,1.004917081
48.125000000,-0.043219032,-0.018168883,1.004267693
48.130000000,-0.020922818,-0.004435300,1.008869363
48.135000000,0.039546626,-0.037113230,1.002749477
48.140000000,0.019457566,0.037990002,1.005252789
48.145000000,0.025561223,-0.014486653,1.017090037
48.150000000,-0.009028074,0.044693340,1.002593107
48.155000000,-0.032780722,-0.006966061,1.007045810
48.160000000,0.011033806,-0.012653383,1.011519348
48.165000000,0.037988804,0.031815476,0.998422351
48.170000000,-0.007562537,-0.074374369,1.005983856
48.175000000,-0.001715502,0.012240889,1.013599342
48.180000000,0.017983063,-0.037970008,0.999553861
48.185000000,-0.007852539,0.019540083,1.007404621
48.190000000,0.013158899,0.008183880,1.006327295
48.195000000,0.027719686,-0.039985791,0.998985283
48.200000000,-0.013135382,0.056474721,1.016589474
48.205000000,0.022482873,-0.019290684,1.001826396
48.210000000,0.082225550,0.019394172,1.001023109
48.215000000,-0.060211590,-0.006379128,1.016880482
48.220000000,0.002127966,0.014670249,1.006740361
48.225000000,0.059061968,0.008591806,0.999131036
48.230000000,-0.046781611,-0.008969970,0.999178430
48.235000000,-0.003829955,0.002289044,1.010384726
48.240000000,-0.023322414,-0.074937944,1.012870871
48.245000000,0.044341744,0.007610972,1.009132304
48.250000000,-0.008362655,0.000319133,1.004678053
48.255000000,-0.010489761,0.030903146,1.002193972
48.260000000,0.039287153,0.005008754,1.003255081
48.265000000,-0.044323053,-0.014327728,1.003853578
48.270000000,0.035124516,0.049434528,1.007321941
48.275000000,0.011673194,-0.029168500,1.014042618
48.280000000,-0.019879746,-0.011064874,1.010554864
48.285000000,-0.016510106,-0.011339891,1.005578149
48.290000000,0.004004111,-0.024941788,1.002012560
48.295000000,0.004641299,-0.015396266,0.997116311
48.300000000,-0.001506661,-0.010946713,1.015748848
48.305000000,-0.025897059,-0.009444005,1.003973927
48.310000000,-0.016159736,-0.029091285,1.001703233
48.315000000,0.069203911,-0.011332362,1.014395457
48.320000000,-0.049168710,0.042681693,0.997355299
48.325000000,0.022714882,0.010033178,1.011332544
48.330000000,0.016335835,-0.024391767,0.998058830
48.335000000,0.005043555,0.024131742,1.004049443
48.340000000,0.067021066,-0.053711192,1.011361825
48.345000000,-0.049679697,0.020103316,0.996629597
48.350000000,0.059878525,-0.023151180,1.021273404
48.355000000,0.018989485,-0.057257430,1.000145580
48.360000000,-0.004150471,0.108182056,0.997396371
48.365000000,-0.004420347,-0.012257271,1.016950453
48.370000000,-0.018095566,0.007720868,0.999029336
48.375000000,0.059327231,-0.015706915,0.997696544
48.380000000,-0.007547976,-0.021058755,1.013179119
48.385000000,0.006662348,0.063291799,1.012495541
48.390000000,-0.027416193,-0.042251882,1.000242235
48.395000000,0.005020894,0.011232308,1.008490456
48.400000000,-0.033551928,0.009770115,1.006170635
48.405000000,-0.024811829,-0.011334070,0.997118210
48.410000000,0.072643435,-0.006998550,1.001760677
48.415000000,-0.033777897,-0.046137229,1.002348643
48.420000000,-0.005047733,-0.011468284,1.011905082
48.425000000,0.003918279,0.014080122,1.020184976
48.430000000,-0.009813115,-0.012081090,0.995664956
48.435000000,0.017065637,-0.046031040,1.000368088
48.440000000,0.005535061,0.040913834,1.009288769
48.445000000,-0.019171643,0.014362785,0.999229933
48.450000000,-0.007971777,-0.055830968,1.021716666
48.455000000,0.049435742,-0.001457575,0.997881264
48.460000000,0.029152776,0.006731871,1.000505787
48.465000000,0.007253669,0.039880529,1.022908795
48.470000000,-0.019576650,-0.007711535,0.999955182
48.475000000,0.009386999,-0.018180580,1.003695941
48.480000000,-0.013491658,0.053128307,1.008108892
48.485000000,-0.024630794,-0.030002790,1.010467242
48.490000000,0.046158123,-0.039289531,0.990791357
48.495000000,0.000677295,-0.013312022,1.004090164
48.500000000,0.010088410,0.015573183,1.017144582
48.505000000,0.043657264,0.044322839,1.002113485
48.510000000,0.044922258,-0.033877226,1.017382288
48.515000000,0.030799723,0.018726877,0.997345074
48.520000000,-0.024174403,0.003999355,1.008627500
48.525000000,-0.018475589,-0.019566533,1.014880794
48.530000000,-0.000457145,0.014217626,0.998962833
48.535000000,-0.003295671,-0.029640652,1.012725426
48.540000000,0.020495914,0.023795768,1.005703771
48.545000000,0.009980747,-0.029407571,1.009726319
48.550000000,-0.016018484,-0.019895993,1.007993269
48.555000000,-0.026040812,0.049575145,1.002609099
48.560000000,-0.004587299,-0.014666065,1.005447881
48.565000000,0.019490925,0.002040192,1.005632218
48.570000000,-0.009107594,0.010870906,1.011101025
48.575000000,-0.002074704,-0.030206995,1.005233717
48.580000000,-0.036612142,-0.061333868,1.003601156
48.585000000,-0.004939881,0.001179232,1.015145059
48.590000000,0.022813404,0.032221003,1.010741652
48.595000000,-0.050161348,-0.028557326,1.000160753
48.600000000,0.019798268,0.012302804,1.002974126
48.605000000,0.036230938,0.021048922,0.998426863
48.610000000,0.013109256,-0.004865903,1.003989447
48.615000000,-0.015533416,-0.016110353,1.005328434
48.620000000,-0.015360010,-0.050521838,0.999872309
48.625000000,0.008076717,0.030200199,1.014701985
48.630000000,-0.014080093,0.003394479,1.019995104
48.635000000,0.052762701,-0.067601834,0.998385145
48.640000000,-0.060320984,0.040874994,0.986389356
48.645000000,-0.044496860,0.016119518,1.006095237
48.650000000,0.093568924,-0.010933782,1.014976745
48.655000000,-0.002252244,0.030413986,1.011119325
48.660000000,0.006684647,-0.025479694,0.995482776
48.665000000,0.008146442,-0.051821469,0.992385710
48.670000000,0.028650863,-0.011844364,1.005622414
48.675000000,0.035726178,0.013249746,1.005301748
48.680000000,-0.065705182,0.004566588,1.007948945
48.685000000,0.016383028,0.029208808,1.005216524
48.690000000,0.038435090,0.009571431,1.008627123
48.695000000,-0.019986540,0.014709974,1.003712413
48.700000000,0.037441192,0.014825490,1.013991957
48.705000000,0.013098412,-0.013177809,1.018143715
48.710000000,-0.028228089,-0.001455857,0.994383453
48.715000000,0.015937066,-0.026202327,0.994891990
48.720000000,0.027824369,-0.055929624,0.999468486
48.725000000,-0.006328754,-0.002578302,1.015762728
48.730000000,0.027294342,0.085334630,1.014492671
48.735000000,0.054526848,-0.025503529,1.001732490
48.740000000,-0.025995479,0.007067259,1.004450475
48.745000000,-0.019569852,0.029169102,1.010317147
48.750000000,0.053595684,-0.076759982,1.005644916
48.755000000,0.000053817,0.045667028,1.007813285
48.760000000,-0.044577976,-0.019517102,1.015833095
48.765000000,0.036361714,-0.051044462,0.995228272
48.770000000,0.034515256,0.009574385,1.013125230
48.775000000,-0.004277600,0.001342557,1.004576044
48.780000000,-0.003362330,-0.011456608,0.995962618
48.785000000,-0.024698680,-0.036096928,1.025528745
48.790000000,0.015431898,0.022612073,1.004493073
48.795000000,-0.002970104,-0.001962569,0.999603564
48.800000000,0.029496591,0.005523001,1.010813682
48.805000000,0.026241218,-0.027749067,1.015409816
48.810000000,-0.010380930,0.025041162,1.000819494
48.815000000,0.043391891,0.022936009,0.999806765
48.820000000,-0.040901130,-0.071785725,1.011446100
48.825000000,0.006888433,0.053561962,1.004320439
48.830000000,-0.017866015,-0.004099168,1.008548539
48.835000000,-0.029710831,-0.034539457,1.001219849
48.840000000,0.086767846,0.010179990,1.011227805
48.845000000,-0.059512276,-0.003286385,1.004534978
48.850000000,0.021677515,0.049224524,1.002451066
48.855000000,0.013731165,-0.001056409,1.007819371
48.860000000,-0.100115105,-0.029846459,0.996688235
48.865000000,0.051536690,-0.004177971,1.014224242
48.870000000,-0.028725865,-0.012192592,0.999976546
48.875000000,0.003457425,0.020091270,1.010613553
48.880000000,0.063268545,0.018841660,1.010356563
48.885000000,-0.081301737,-0.063759048,0.997313378
48.890000000,0.033436976,-0.020635247,1.004634323
48.895000000,0.033220769,0.036952213,0.995270331
48.900000000,-0.065670430,-0.023258527,1.021590362
48.905000000,0.023779695,-0.012091933,1.022503271
48.910000000,-0.009769533,0.065090502,0.998070407
48.915000000,-0.022828017,-0.023250947,0.995078571
48.920000000,0.029749827,-0.074591469,1.005274041
48.925000000,0.027075165,0.064140335,1.012619211
48.930000000,-0.019805131,0.010630829,1.006319165
48.935000000,-0.027064128,-0.049475441,1.003838090
48.940000000,0.044048055,-0.006571004,0.998383070
48.945000000,-0.009724213,0.005676497,1.008868135
48.950000000,-0.032459782,0.025421178,1.019251089
48.955000000,0.003362656,0.010926311,1.003952708
48.960000000,0.037632936,-0.013650705,0.997189875
48.965000000,0.011665129,-0.023584431,1.001971217
48.970000000,-0.043233985,-0.006946778,1.000404710
48.975000000,0.004837453,-0.018236351,1.012940080
48.980000000,-0.007374041,0.034661096,1.009386008
48.985000000,0.078316587,0.003269568,0.997695563
48.990000000,0.068298656,-0.006211331,1.000219777
48.995000000,-0.069212656,0.000965797,0.994861496
49.000000000,-0.023304310,-0.041300727,1.016582806
49.005000000,0.050346648,0.006711241,1.012131317
49.010000000,0.022660307,-0.049479557,1.000988181
49.015000000,-0.038596324,0.003036326,1.017393902
49.020000000,0.057098216,-0.000300884,1.009435841
49.025000000,0.023433249,0.005203302,1.004620872
49.030000000,-0.010389302,0.024664468,0.992805051
49.035000000,0.088191680,-0.021531169,1.003424649
49.040000000,-0.002237067,0.036401950,1.011142064
49.045000000,-0.036096710,-0.079748855,0.994314090
49.050000000,0.011090949,0.001326748,1.012626578
49.055000000,0.056772051,0.043994008,1.011208988
49.060000000,-0.010509904,-0.016323017,1.008431525
49.065000000,-0.052639477,0.037517539,1.017322477
49.070000000,0.034905133,-0.019635854,1.000772740
49.075000000,-0.015917814,-0.008098995,0.999537823
49.080000000,0.024405536,0.006505813,1.001277219
49.085000000,0.057634014,0.032756623,1.009597056
49.090000000,-0.022367314,-0.036509617,1.016249698
49.095000000,0.007133339,-0.044968393,1.004381194
49.100000000,0.031113038,0.043313712,1.001955582
49.105000000,0.000498633,0.011622391,1.003403728
49.110000000,0.006039121,-0.031587465,1.005456860
49.115000000,-0.009941298,-0.006715560,1.003518852
49.120000000,-0.067504558,-0.007616156,1.002007055
49.125000000,-0.013537866,-0.034838299,1.011067988
49.130000000,0.036256472,0.018819109,1.012108958
49.135000000,-0.005537960,-0.052407034,1.008974842
49.140000000,0.006470053,0.026054467,1.004775354
49.145000000,-0.011097447,0.065981349,1.009906148
49.150000000,-0.004715737,-0.014407815,1.012216759
49.155000000,0.015008258,0.012086443,1.004092737
49.160000000,-0.034349264,-0.021795809,1.003117250
49.165000000,0.013717539,0.052762406,1.008718630
49.170000000,0.019614456,-0.036724485,1.002206336
49.175000000,-0.010535994,-0.026462442,0.997945469
49.180000000,-0.012612568,0.015850150,1.011552782
49.185000000,-0.023619338,-0.048297329,1.004540009
49.190000000,0.068968349,0.046533386,1.007339600
49.195000000,-0.010184066,-0.023012555,1.004837179
49.200000000,-0.039717959,-0.031105766,0.998929595
49.205000000,0.069884532,-0.018214253,1.011250278
49.210000000,-0.036462671,0.001344854,1.004807922
49.215000000,-0.048975718,0.019080132,1.014411391
49.220000000,0.003384626,-0.043297182,1.003401487
49.225000000,-0.005505294,-0.005120764,0.999381842
49.230000000,0.000439941,-0.005302987,1.016788874
49.235000000,0.014923754,-0.021055493,1.006296161
49.240000000,0.028122316,0.008796587,1.005003977
49.245000000,-0.004413499,0.051620030,0.995812113
49.250000000,-0.024134375,0.013164250,1.008781073
49.255000000,-0.011218777,-0.011356047,1.002345775
49.260000000,0.050223049,0.006318918,0.995704113
49.265000000,-0.003481463,-0.017023597,1.018289128
49.270000000,0.005133110,-0.000753569,1.001490049
49.275000000,0.019676350,0.030401585,1.004321841
49.280000000,-0.049443015,-0.022078521,1.006017985
49.285000000,0.086384923,-0.056228986,1.011497645
49.290000000,0.030668766,0.039086578,1.013404662
49.295000000,-0.051680995,0.032184528,0.999640599
49.300000000,0.006740693,-0.028584066,1.009195710
49.305000000,0.004069441,-0.012022069,0.996229630
49.310000000,0.040382554,0.010019509,1.007772291
49.315000000,-0.026944225,-0.023833402,1.018175682
49.320000000,0.022016535,-0.022484055,0.995034751
49.325000000,0.026411122,0.006797871,1.010481101
49.330000000,-0.029807387,-0.009209127,1.011541597
49.335000000,0.039809389,0.014193908,0.996706688
49.340000000,-0.005242518,-0.024592594,1.017148604
49.345000000,0.017236668,0.010293165,1.003493054
49.350000000,0.022224935,-0.004522565,1.002251514
49.355000000,-0.005003684,-0.048103312,1.018264167
49.360000000,0.010063817,0.041680975,0.999154953
49.365000000,-0.020702538,-0.002955488,1.010415466
49.370000000,0.015911580,-0.009100466,1.007950715
49.375000000,-0.002283002,0.018304644,0.992819625
49.380000000,-0.018226004,-0.011908447,1.004277027
49.385000000,0.024408276,-0.008406330,1.004427331
49.390000000,0.016092339,0.026298230,1.009877321
49.395000000,0.011629656,0.001025318,0.998751689
49.400000000,0.035939549,-0.036851979,0.999933610
49.405000000,-0.008723685,0.013446354,1.014071141
49.410000000,-0.003989888,-0.014137088,1.005572204
49.415000000,0.060210694,-0.041198971,1.014845892
49.420000000,-0.023698963,-0.002661496,1.006181278
49.425000000,-0.015400835,0.011192681,0.995268490
49.430000000,0.028220432,0.013501882,1.005811234
49.435000000,-0.007087031,0.002928839,1.006116665
49.440000000,0.040686960,-0.046040768,1.009030119
49.445000000,0.017524476,-0.012774394,1.003790008
49.450000000,0.006853529,0.017488822,1.004661616
49.455000000,-0.004721137,0.007091420,1.008323396
49.460000000,-0.046634921,0.024547731,1.009877465
49.465000000,-0.026336265,-0.013199135,1.015178117
49.470000000,-0.031846397,0.008424322,0.999144721
49.475000000,0.019217205,-0.032460537,1.009629237
49.480000000,0.033646400,-0.006710742,1.019555223
49.485000000,-0.031946996,0.003944556,1.000451394
49.490000000,-0.026840348,-0.012718028,0.996889243
49.495000000,-0.001463516,0.103674532,1.009944948
49.500000000,0.015490482,-0.053487510,1.010053625
49.505000000,-0.018966428,-0.060794648,0.995299965
49.510000000,-0.007541741,0.030259251,1.010193223
49.515000000,0.019720459,-0.037795701,1.003340947
49.520000000,-0.034012397,0.013410369,1.000900002
49.525000000,0.040101008,-0.004883566,1.015213783
49.530000000,0.033858015,-0.012798058,0.996774327
49.535000000,-0.032961397,0.018363275,1.007201165
49.540000000,0.018980140,0.038880212,1.007695317
49.545000000,-0.009806767,0.031097104,1.001695622
49.550000000,0.013523894,-0.008483327,1.012304145
49.555000000,0.019611457,-0.013809959,1.005749981
49.560000000,0.049398998,-0.000392757,1.009691536
49.565000000,0.049665671,-0.020574584,1.009933855
49.570000000,-0.073942806,-0.025347795,0.997152776
49.575000000,-0.014428032,-0.003453732,0.999200048
49.580000000,0.006395061,-0.036933425,1.008867609
49.585000000,-0.013746400,0.020278401,1.006651376
49.590000000,-0.033228754,0.018111237,1.011112581
49.595000000,-0.010188824,-0.042813482,1.006281203
49.600000000,0.050563697,-0.014823273,1.004452153
49.605000000,-0.026211587,-0.000810889,1.018280066
49.610000000,0.067248679,0.010148823,1.002398164
49.615000000,0.021963072,-0.013723765,0.994532873
49.620000000,-0.042765039,-0.038433931,1.005480819
49.625000000,0.097079444,0.010920094,1.007413955
49.630000000,-0.028315179,0.042503313,1.002505185
49.635000000,-0.053729244,-0.020190952,1.009498518
49.640000000,0.053454450,0.001059880,1.009627185
49.645000000,0.001989217,-0.009388885,1.010113317
49.650000000,-0.023576316,-0.059398278,1.012312154
49.655000000,0.004017766,0.013005618,0.990631418
49.660000000,0.044244943,0.018304614,1.002821956
49.665000000,0.014876488,-0.012001736,1.010229955
49.670000000,-0.027904320,-0.021416350,0.989453160
49.675000000,0.028418418,0.043509503,1.009461212
49.680000000,0.061052251,0.036154547,1.017671021
49.685000000,0.001308513,-0.025925439,1.005767960
49.690000000,-0.042729485,0.025131905,1.003904009
49.695000000,0.017826043,-0.019337368,1.001778740
49.700000000,0.047649922,-0.004628064,1.003319918
49.705000000,-0.004524536,0.044177382,1.008843061
49.710000000,0.015367570,-0.036152232,1.003320646
49.715000000,-0.017426939,-0.025993918,1.002491822
49.720000000,-0.036164862,0.021437628,1.009006563
49.725000000,0.026733055,0.027617942,1.009912463
49.730000000,-0.013909876,-0.021754248,1.007997280
49.735000000,-0.008152478,-0.078982482,1.014005370
49.740000000,0.049729153,0.004614911,1.012641062
49.745000000,0.033922841,0.003582306,0.993220756
49.750000000,-0.027353298,-0.006440552,0.999393936
49.755000000,-0.008638222,0.027085328,1.014764579
49.760000000,-0.001708693,-0.050314234,1.008033957
49.765000000,-0.033011748,0.002074909,1.004047540
49.770000000,0.053201593,0.030389241,1.008669613
49.775000000,-0.010512026,0.004736029,1.015261598
49.780000000,-0.091544779,-0.014881668,1.004848976
49.785000000,-0.032318298,-0.013627675,1.001520815
49.790000000,-0.005926014,0.046719028,1.015375439
49.795000000,0.024642521,-0.020853459,1.005520587
49.800000000,0.037806727,-0.045599757,1.000747833
49.805000000,0.065199949,-0.022686191,1.007582278
49.810000000,-0.029535823,0.018151439,1.000613994
49.815000000,-0.060838550,0.031735206,1.004020600
49.820000000,0.042940451,0.002277455,1.011273277
49.825000000,-0.010676898,0.015207423,1.002369039
49.830000000,0.020334180,-0.010675672,0.994747986
49.835000000,0.047789529,-0.016387632,1.004335813
49.840000000,-0.015401389,-0.018375253,1.013051847
49.845000000,0.015622402,-0.006003101,1.008836642
49.850000000,0.021861516,-0.007708658,1.009795184
49.855000000,0.028310226,0.014851330,0.998726444
49.860000000,0.009149684,0.002256933,1.003150104
49.865000000,-0.023153260,0.003698233,1.009468103
49.870000000,-0.023573117,0.022872845,0.998426246
49.875000000,-0.015884272,-0.035109705,1.003149871
49.880000000,0.022609649,0.032203318,1.008039277
49.885000000,0.024221043,-0.008903563,1.016968086
49.890000000,0.034588412,-0.038895752,1.010471129
49.895000000,0.025673925,0.023031382,1.001524704
49.900000000,0.001242524,-0.052425661,1.003171441
49.905000000,-0.014927321,-0.022060527,1.011332079
49.910000000,-0.037105429,0.051048624,1.011305037
49.915000000,0.039102138,0.000099313,0.996230938
49.920000000,-0.012222181,0.001784324,1.010016751
49.925000000,-0.051519693,-0.003598489,1.005813642
49.930000000,0.076441917,-0.062108809,0.999458831
49.935000000,0.015680926,-0.006711407,1.006039511
49.940000000,-0.020072678,-0.020696804,1.005668310
49.945000000,0.035665342,0.023540238,1.011963403
49.950000000,-0.004702688,0.008679799,1.004004500
49.955000000,-0.026497015,-0.035605216,1.004147063
49.960000000,-0.028944266,0.048128041,1.007690561
49.965000000,0.020014231,-0.039983301,1.006420228
49.970000000,0.018099554,0.030193523,1.007407785
49.975000000,-0.007551138,0.006111918,1.009784113
49.980000000,0.064063138,-0.020071354,1.003458354
49.985000000,-0.006908445,0.025510894,0.998851586
49.990000000,-0.068325276,-0.068175703,1.006576529
49.995000000,0.020977481,0.024664561,1.000732403
50.000000000,-0.002061343,-0.001934711,1.009359660
50.005000000,-0.055889272,0.008496224,1.013545314
50.010000000,0.008303845,-0.005208512,0.998660249
50.015000000,0.077069886,-0.014614457,1.007434630
50.020000000,-0.012482597,0.043377028,1.015510652
50.025000000,-0.034018667,-0.028396799,0.999346472
50.030000000,0.056704722,0.012564867,1.001057634
50.035000000,-0.007257667,-0.012560576,1.002013620
50.040000000,0.001952547,0.000688399,1.002450161
50.045000000,0.020956627,0.011034786,1.018353924
50.050000000,-0.040846517,-0.001362894,1.008490034
50.055000000,0.025344934,-0.036021013,1.011260221
50.060000000,0.030664879,-0.030820487,0.994403326
50.065000000,-0.006055083,0.041983886,1.000297530
50.070000000,0.019704459,-0.036610320,1.021265962
50.075000000,-0.000959072,0.026732926,0.994673745
50.080000000,0.027012823,-0.001334004,1.007587259
50.085000000,0.015199090,-0.021453598,1.002689648
50.090000000,-0.062661490,0.044724957,0.996157128
50.095000000,0.011754716,-0.027714335,1.010329338
50.100000000,0.040818107,0.012762688,1.010353012
50.105000000,-0.023718599,-0.004550758,1.007022726
50.110000000,-0.024820922,-0.028868967,1.002940373
50.115000000,0.009599789,-0.003888605,1.012298182
50.120000000,0.030801739,-0.055276982,1.008462134
50.125000000,-0.002833848,0.010098904,1.011232824
50.130000000,0.003354730,0.082308401,0.997716210
50.135000000,0.005599951,-0.027544380,1.015596663
50.140000000,0.043529716,-0.030879735,1.015674508
50.145000000,0.052234423,0.010251170,0.992415686
50.150000000,-0.020244809,0.008668838,1.011634484
50.155000000,0.004383485,0.020824571,0.998119490
50.160000000,0.010870384,-0.055370763,1.011066101
50.165000000,-0.017160629,0.000911664,1.010956660
50.170000000,-0.023581536,0.009714423,0.997426053
50.175000000,0.015344863,-0.043805692,1.013295099
50.180000000,0.005761154,-0.008275497,1.000859385
50.185000000,-0.012225442,0.001377083,0.997094629
50.190000000,0.021274417,0.011730041,1.007995058
50.195000000,0.006765827,0.010120082,1.015967516
50.200000000,0.052953193,0.016567085,1.004900336
50.205000000,0.005644492,-0.010461241,1.002468812
50.210000000,-0.058909277,0.013426189,1.005970916
50.215000000,0.013381269,-0.012247005,1.015130415
50.220000000,0.027902084,-0.025300698,1.013076982
50.225000000,-0.074308760,-0.015954358,0.997935832
50.230000000,-0.038696421,-0.030409425,1.004833721
50.235000000,0.074602728,0.041740603,1.004030198
50.240000000,-0.000527280,-0.022387875,1.006203180
50.245000000,0.017257807,-0.005762506,1.001709153
50.250000000,0.009011293,-0.008656293,1.009085500
50.255000000,-0.000059458,-0.050490812,1.011277759
50.260000000,0.027100667,0.037168878,0.994286531
50.265000000,-0.049347941,0.021007910,1.008631134
50.270000000,0.023077349,0.015946438,1.008921925
50.275000000,0.010712333,-0.022828927,0.998284269
50.280000000,-0.031924634,-0.005859889,1.005461100
50.285000000,0.026666937,0.020452657,1.015203500
50.290000000,0.021952690,-0.013169028,1.010504738
50.295000000,-0.008464406,0.068824260,0.999392690
50.300000000,0.025688693,0.011722358,0.996162101
50.305000000,0.033440298,-0.091583045,1.009910784
50.310000000,-0.027094564,0.003833654,1.008426881
50.315000000,-0.024733406,0.036206007,0.992272795
50.320000000,-0.012120414,-0.011276844,1.002663771
50.325000000,0.022659002,-0.024640399,1.000812378
50.330000000,-0.017270901,-0.033176052,1.012567502
50.335000000,0.014358416,0.020524807,1.017738100
50.340000000,0.003989779,-0.000777962,1.008570665
50.345000000,-0.086203915,-0.009200543,1.007039345
50.350000000,0.052372969,0.010175518,1.005828247
50.355000000,0.021388784,-0.022489464,1.010965507
50.360000000,0.009317938,0.032937973,1.004701066
50.365000000,0.045312411,0.006788247,1.006758505
50.370000000,-0.041686365,-0.019900421,1.008589025
50.375000000,0.016439148,0.012643325,1.006890617
50.380000000,0.009678874,-0.041771251,1.002203764
50.385000000,-0.006980620,-0.047558328,0.999183560
50.390000000,0.034433742,0.019176368,1.004223547
50.395000000,0.009999056,0.014984191,1.005529514
50.400000000,0.007507352,-0.033434248,1.008801633
50.405000000,0.030705291,-0.016807668,1.007313830
50.410000000,-0.007723772,0.012924428,1.017360140
50.415000000,0.002180498,0.019256349,1.003554414
50.420000000,0.014756427,-0.006675714,1.004249038
50.425000000,-0.020799018,0.009015801,1.011161463
50.430000000,0.008783440,0.021251229,1.000413739
50.435000000,0.001841053,-0.006227063,1.009791828
50.440000000,0.004266226,0.020091443,1.010261445
50.445000000,0.024776703,-0.005736685,1.016078223
50.450000000,0.031912442,-0.054942860,0.994944736
50.455000000,0.000771764,-0.003498856,0.998393904
50.460000000,0.004823831,0.021954077,1.002886476
50.465000000,0.010445694,-0.016644531,0.993492518
50.470000000,-0.038064808,0.035325314,1.019509608
50.475000000,0.030527197,0.002223666,1.011096289
50.480000000,0.020441903,-0.017878746,1.003030265
50.485000000,0.012113920,-0.008993893,1.008861393
50.490000000,0.021130930,-0.077845109,1.006942059
50.495000000,-0.010527189,0.047244348,0.993553304
50.500000000,0.005066459,0.012917200,1.009874360
50.505000000,-0.024683903,-0.034353610,1.013140983
50.510000000,0.020971836,0.039283036,1.007585932
50.515000000,-0.026323047,-0.029358697,1.016270610
50.520000000,-0.052925637,-0.003775025,0.989295321
50.525000000,0.052831787,-0.021358170,1.006534526
50.530000000,0.017861357,-0.040294792,1.005074261
50.535000000,-0.049269179,-0.019237524,1.004384769
50.540000000,-0.012555099,-0.001997528,1.028498695
50.545000000,0.061356727,0.018279318,0.997062902
50.550000000,-0.003648171,-0.019123302,0.992745972
50.555000000,-0.040787444,-0.011786429,0.998902722
50.560000000,0.050545229,0.031086740,1.001444442
50.565000000,0.007778868,0.034712469,1.012212187
50.570000000,-0.054076922,-0.050853940,1.014817240
50.575000000,-0.003251228,0.016476297,1.000317513
50.580000000,0.039026547,0.024435438,1.010836723
50.585000000,-0.006963277,-0.056649584,1.020847339
50.590000000,-0.058393362,0.061250333,0.988655106
50.595000000,0.040386524,0.011697002,1.002843002
50.600000000,0.052105490,0.009021140,1.012563797
50.605000000,-0.046142260,0.060528443,1.007325691
50.610000000,0.005453677,-0.072408957,1.003156688
50.615000000,0.062543645,-0.027118737,1.004837423
50.620000000,0.031467759,0.060039300,1.013979594
50.625000000,-0.037710820,-0.014901694,1.004798802
50.630000000,-0.010831313,-0.028865317,1.004322291
50.635000000,0.039775910,0.025156560,1.000632688
50.640000000,0.029493978,-0.038760063,1.007143188
50.645000000,0.016757164,-0.001960832,1.009245860
50.650000000,-0.028056038,0.070144419,1.004000697
50.655000000,0.017405159,-0.038940721,1.008447199
50.660000000,-0.021486263,-0.008838668,1.011994272
50.665000000,-0.028462766,-0.007860603,1.010144786
50.670000000,0.046384530,-0.039796871,0.992639569
50.675000000,0.005810782,-0.003760308,1.006587071
50.680000000,0.015415475,-0.052656469,1.009734533
50.685000000,-0.029476513,0.043405607,1.006401170
50.690000000,-0.034414838,-0.009437736,1.003467799
50.695000000,-0.016029451,-0.040012219,1.004669685
50.700000000,0.020169423,0.071611905,1.010339373
50.705000000,0.098044365,-0.025292708,0.994381725
50.710000000,0.008525226,0.006233101,1.013511705
50.715000000,-0.026436128,-0.023539344,1.010617625
50.720000000,-0.007790649,-0.026872527,1.004719840
50.725000000,-0.011278719,0.041264665,1.017873835
50.730000000,-0.001622306,-0.035749229,0.998595640
50.735000000,-0.004323604,0.013687462,1.004670784
50.740000000,0.015756109,0.011274265,1.010572652
50.745000000,-0.044711514,-0.007191304,1.000124816
50.750000000,-0.028920040,-0.049634286,1.004966635
50.755000000,0.059121242,0.003129991,1.011451669
50.760000000,-0.012393250,0.055788786,0.999022056
50.765000000,0.011150611,-0.053533150,0.998017287
50.770000000,0.044951341,0.007187219,1.008338486
50.775000000,0.003452773,-0.033895553,1.005497666
50.780000000,0.034830991,-0.011160117,1.010308476
50.785000000,-0.019947087,0.049751653,1.003009000
50.790000000,0.019310804,-0.070189235,1.005729358
50.795000000,-0.012490522,-0.035142470,1.006891622
50.800000000,-0.023001282,0.022151249,1.000693001
50.805000000,0.052465420,0.044513641,1.016164092
50.810000000,-0.052013859,0.021918867,1.001756930
50.815000000,0.019788391,-0.010496630,0.995988116
50.820000000,0.002245095,-0.026055123,1.005894564
50.825000000,0.007407460,0.003392216,1.007569173
50.830000000,0.065466146,0.020324795,1.012092457
50.835000000,-0.020924673,-0.059723487,1.009065583
50.840000000,0.056972118,0.025214295,1.004938783
50.845000000,-0.013487543,0.029000152,1.008207394
50.850000000,-0.034913751,-0.048203986,1.010146200
50.855000000,-0.023047139,-0.000989670,1.001235669
50.860000000,-0.032370845,0.021875639,1.010540573
50.865000000,0.080288853,0.031080589,1.003650600
50.870000000,0.013818347,-0.029843293,1.006404068
50.875000000,-0.017568019,-0.009405396,1.020182094
50.880000000,-0.011272742,0.030322646,0.995186859
50.885000000,0.009502838,-0.020967468,1.004996021
50.890000000,0.045123899,-0.023430013,1.003711403
50.895000000,0.032431399,-0.004147023,1.006610428
50.900000000,0.037471245,0.013610958,1.026675019
50.905000000,-0.012716380,0.005056189,0.993246159
50.910000000,-0.023777081,0.028999673,0.996457424
50.915000000,-0.024440560,-0.034290485,1.018878029
50.920000000,0.013617016,-0.047193954,1.005346930
50.925000000,-0.008708553,0.058747920,1.002628303
50.930000000,-0.071178299,0.023553646,1.005970741
50.935000000,0.053480470,-0.040274860,1.001822674
50.940000000,0.019124431,-0.050786355,1.012584259
50.945000000,-0.053674380,0.079349170,1.009452493
50.950000000,0.015317654,0.035543744,0.990329013
50.955000000,0.000695446,-0.048546189,1.010873266
50.960000000,0.063218050,0.058120948,1.008461916
50.965000000,0.033365725,-0.059068484,1.000820209
50.970000000,-0.039011708,-0.032895704,1.014949524
50.975000000,0.002024110,0.006702248,1.003822452
50.980000000,-0.025899113,-0.024621251,1.002501223
50.985000000,0.021400192,0.036368090,1.009366405
50.990000000,-0.010097523,-0.043666389,1.011101946
50.995000000,-0.026746548,0.006253328,1.000538595
51.000000000,0.034156653,0.000673194,0.999542045
51.005000000,-0.059763108,-0.023289200,1.010751409
51.010000000,-0.013769288,0.010798467,1.000275618
51.015000000,0.033239138,-0.002010887,1.009069869
51.020000000,-0.052820101,0.016014766,1.009864780
51.025000000,0.000772193,-0.024213149,1.000258985
51.030000000,0.048494158,-0.018088690,1.005242203
51.035000000,0.001955444,-0.017262911,1.007413082
51.040000000,0.007363373,0.023970488,1.008954317
51.045000000,0.006600197,0.015305724,0.997762672
51.050000000,0.017892504,-0.011118730,1.002606974
51.055000000,0.027821015,0.006859758,1.007176618
51.060000000,-0.004442294,-0.027382446,1.000087478
51.065000000,0.039587145,-0.016549177,1.005463513
51.070000000,0.007477168,-0.042141643,1.004623750
51.075000000,-0.019556488,-0.015141110,1.013188106
51.080000000,0.004644524,-0.021446078,1.010155192
51.085000000,-0.014650474,0.006677478,0.998222546
51.090000000,0.041631876,0.058285624,1.009602592
51.095000000,-0.026577786,-0.009717254,1.003994986
51.100000000,0.000038678,-0.005083785,1.004906104
51.105000000,0.089867597,-0.005076767,1.012480017
51.110000000,-0.018185253,0.013199462,1.008199761
51.115000000,0.028843730,-0.046900190,1.009681537
51.120000000,0.037590004,-0.019869335,1.004663933
51.125000000,-0.004263170,0.035176371,1.000843624
51.130000000,0.009883997,-0.062765935,1.010591843
51.135000000,-0.059018997,0.008412385,1.012144289
51.140000000,-0.009240321,-0.008021158,1.007297567
51.145000000,0.028206435,0.016834347,1.005239147
51.150000000,0.038147807,0.103937432,1.003360585
51.155000000,0.011639075,-0.032402910,1.004099683
51.160000000,-0.010236242,-0.032826863,1.001598966
51.165000000,0.027199181,0.054454856,1.005893553
51.170000000,-0.043650563,-0.023410376,1.005480984
51.175000000,0.032069719,-0.054060127,1.006615695
51.180000000,0.029833989,0.068179740,1.010781346
51.185000000,-0.036588321,0.000399296,1.007934119
51.190000000,0.024630479,-0.057046042,1.016390711
51.195000000,-0.043561537,0.046887500,1.000661780
51.200000000,0.016881164,-0.029848412,1.003959463
51.205000000,0.050574608,-0.036359952,1.012469445
51.210000000,-0.017131931,0.069624864,0.993525623
51.215000000,0.025399840,0.045431520,1.007390797
51.220000000,0.009190053,-0.030298012,1.007748677
51.225000000,-0.053163011,-0.025044266,1.011506588
51.230000000,-0.006935385,-0.006201545,1.002436486
51.235000000,0.033590457,-0.046822330,0.995870302
51.240000000,-0.012474164,0.006262566,1.018519577
51.245000000,0.023673952,0.002264416,1.001598688
51.250000000,-0.019940896,-0.054534456,1.004407089
51.255000000,-0.028449638,-0.021481080,1.012879944
51.260000000,0.031059927,0.024703967,0.998247116
51.265000000,-0.025828405,0.030249799,1.004681960
51.270000000,-0.024062405,-0.034147771,1.011599167
51.275000000,0.033732884,-0.017788678,1.004763474
51.280000000,0.109185774,-0.016593015,1.006424467
51.285000000,-0.020007321,-0.020826737,1.008737611
51.290000000,-0.084010995,0.023796386,1.005601476
51.295000000,0.042154155,-0.009587059,1.004925338
51.300000000,0.000164961,-0.016552055,0.993626194
51.305000000,-0.016090051,-0.002705359,1.009149094
51.310000000,-0.040827739,0.022886958,1.010279883
51.315000000,0.007110703,0.010920640,1.005214894
51.320000000,0.046030461,0.023072162,1.014379043
51.325000000,-0.048234508,0.017991647,0.999127265
51.330000000,0.004160535,-0.002266369,1.010206646
51.335000000,-0.002091415,0.033761745,1.001387585
51.340000000,-0.033481247,-0.022089826,1.000952641
51.345000000,0.013476195,0.008529794,1.007568831
51.350000000,0.008976609,-0.003017383,0.999800328
51.355000000,0.003750111,-0.017459685,1.017378833
51.360000000,-0.012877101,-0.009672183,1.005302088
51.365000000,0.016175089,-0.040619439,1.006969987
51.370000000,0.011971728,0.066698834,1.008619118
51.375000000,0.001297078,0.001439462,1.001906616
51.380000000,0.043192568,-0.047784832,1.002998313
51.385000000,-0.003531312,-0.028045614,1.007789219
51.390000000,0.003610432,0.017724939,1.017776581
51.395000000,0.029732869,0.072151136,1.005537328
51.400000000,0.031665296,-0.074469982,1.000968854
51.405000000,0.031666343,-0.020272992,0.991477387
51.410000000,-0.009995372,0.028017378,1.008805177
51.415000000,0.015460063,-0.039438913,1.009738162
51.420000000,0.014722854,0.000085476,0.992136650
51.425000000,0.013493460,-0.008714173,1.020925689
51.430000000,0.005180514,-0.019299465,1.007202045
51.435000000,-0.003683174,-0.042589114,0.988432900
51.440000000,0.012233993,-0.029900779,1.004816761
51.445000000,0.013102292,0.006942912,1.016110585
51.450000000,-0.000867359,0.023838665,1.005838104
51.455000000,-0.001987531,0.040619316,1.000442544
51.460000000,0.047972612,-0.046238355,1.015171093
51.465000000,-0.002513702,-0.052142816,1.009694233
51.470000000,0.016494687,0.048104616,1.002832243
51.475000000,0.010840981,-0.003890048,1.005308632
51.480000000,-0.037584555,-0.006316854,1.003218786
51.485000000,0.004628158,0.046846819,0.999951110
51.490000000,-0.004936510,-0.015916929,1.006267449
51.495000000,-0.006398726,-0.022730982,1.011874968
51.500000000,-0.070820200,0.005281106,1.012384733
51.505000000,0.027282926,0.018227123,1.008670519
51.510000000,0.057735693,0.005444350,0.996834718
51.515000000,-0.003323606,-0.032451340,1.004133113
51.520000000,0.005172826,-0.033226588,1.012524865
51.525000000,-0.053070473,0.006603809,1.013984193
51.530000000,0.072632287,0.013048360,1.006219879
51.535000000,-0.007415522,0.012249258,1.007263084
51.540000000,-0.043339860,-0.023429054,1.011749985
51.545000000,0.045123630,-0.043086619,1.008519185
51.550000000,-0.019662387,0.033646677,1.014381952
51.555000000,0.015294228,-0.008479178,1.003899825
51.560000000,-0.021695868,0.012963253,0.995730781
51.565000000,0.015582532,0.013955539,1.009007689
51.570000000,0.018893736,-0.012799071,1.023829974
51.575000000,-0.038113234,0.035809592,1.001133011
51.580000000,0.016986544,-0.023610601,0.995503769
51.585000000,0.073071309,0.061047439,1.015632843
51.590000000,0.031496832,-0.000529829,0.999008678
51.595000000,-0.051974329,-0.035423062,1.001498249
51.600000000,0.031740247,0.080012441,0.993760297
51.605000000,0.038239794,-0.029865368,1.000282481
51.610000000,-0.068459396,-0.062965060,1.009777152
51.615000000,-0.038378853,0.018024577,0.997149371
51.620000000,0.012574512,0.033500549,1.013451887
51.625000000,-0.007313490,-0.044467412,1.005187906
51.630000000,0.036081271,0.004394048,1.015557155
51.635000000,0.004309011,0.016439300,1.013279815
51.640000000,-0.003630876,-0.003489797,0.995392287
51.645000000,0.051999602,0.042039156,1.006510254
51.650000000,-0.014438943,-0.065603309,1.000023582
51.655000000,-0.000687552,-0.049778120,1.015250218
51.660000000,-0.046150809,-0.001525071,1.011993632
51.665000000,-0.034934176,-0.002660529,0.994241071
51.670000000,0.010496288,-0.016362955,1.010870808
51.675000000,0.024333879,-0.030636652,1.002229773
51.680000000,0.003127627,-0.028303075,1.001459355
51.685000000,-0.084162206,0.026392052,1.016411256
51.690000000,0.033308540,0.027268603,0.995098073
51.695000000,0.008743669,-0.087426209,0.999945615
51.700000000,0.000921941,0.049380840,1.010700200
51.705000000,0.008924735,0.016743654,1.010487950
51.710000000,0.031172350,-0.062186168,1.013511654
51.715000000,0.103383752,0.035867738,0.997872867
51.720000000,-0.061668698,-0.011847189,1.009704431
51.725000000,-0.015213801,-0.015749301,0.999113615
51.730000000,0.015001518,-0.017836884,0.999571310
51.735000000,0.015217763,-0.004006665,1.017657280
51.740000000,0.016809658,0.021340372,1.001404384
51.745000000,-0.014979174,0.045416247,1.005828473
51.750000000,0.064334967,-0.010786810,0.995041676
51.755000000,-0.005628951,-0.013091047,1.000929986
51.760000000,0.007941132,0.031069964,1.010373080
51.765000000,-0.009037769,-0.022752578,1.011535116
51.770000000,-0.031297047,0.043668735,1.015240163
51.775000000,0.046366955,-0.007884594,0.997636383
51.780000000,0.015348806,-0.029304555,1.003776195
51.785000000,-0.000767305,-0.015139566,1.002769490
51.790000000,0.044596842,-0.023118492,1.015845080
51.795000000,0.010638437,0.018871269,1.002739216
51.800000000,-0.026683510,-0.048103667,0.999907976
51.805000000,0.025627281,0.026196345,1.016878656
51.810000000,-0.034333879,0.029166856,0.996401986
51.815000000,0.001882613,-0.040860311,1.013959860
51.820000000,0.048308187,-0.029064575,1.005106792
51.825000000,-0.001638259,-0.009320718,1.002051467
51.830000000,0.002089770,0.023370356,1.005712000
51.835000000,-0.030580973,-0.026539842,0.995238257
51.840000000,0.011292921,-0.004440869,1.021672761
51.845000000,-0.015685010,0.006479996,1.002126073
51.850000000,-0.022976797,-0.032872761,0.998774210
51.855000000,0.037212915,-0.016375408,1.016151332
51.860000000,0.023158894,0.009067533,1.005044613
51.865000000,0.009435122,0.020956690,1.013482899
51.870000000,0.020568226,0.027779550,1.012137286
51.875000000,0.043339704,0.037550705,1.003401140
51.880000000,0.011017831,-0.020622513,1.010334782
51.885000000,-0.002368761,-0.028161141,1.000256176
51.890000000,-0.023642097,0.007209132,1.001794609
51.895000000,-0.026981773,-0.010411363,1.025831736
51.900000000,-0.034551041,-0.004009348,1.001386247
51.905000000,0.009220017,0.011120912,0.998663359
51.910000000,0.080922526,0.037234678,1.019917621
51.915000000,-0.024615270,0.005451046,1.007350468
51.920000000,-0.040844077,-0.015211458,1.005508240
51.925000000,-0.002079985,0.018840524,0.999656886
51.930000000,0.007397105,-0.002002632,1.002180587
51.935000000,0.029996926,-0.016671632,1.007324479
51.940000000,-0.021429244,-0.042773462,1.002979208
51.945000000,-0.041672052,0.002454984,1.002683655
51.950000000,-0.004784578,0.036440726,1.004888635
51.955000000,0.038463605,0.006067819,1.013199486
51.960000000,0.036992884,0.008590262,1.006077638
51.965000000,0.017443638,-0.046392541,1.002270433
51.970000000,0.009114802,0.002784111,1.003901145
51.975000000,0.005000121,-0.003667789,0.998563256
51.980000000,-0.029779395,-0.056757870,1.001950295
51.985000000,-0.014470554,0.020018058,1.001513760
51.990000000,0.020348849,0.043203476,1.001385972
51.995000000,-0.013597903,0.022787890,1.002817134
52.000000000,0.020750289,-0.056891405,1.009864871
52.005000000,-0.021965257,-0.011100594,1.009730777
52.010000000,0.008840780,0.037511907,1.002368045
52.015000000,0.067157177,-0.044385743,1.005461267
52.020000000,-0.038187079,-0.017136988,1.002284499
52.025000000,-0.002240405,0.000179447,1.004197561
52.030000000,0.003112808,-0.023339408,1.012472421
52.035000000,0.000396072,-0.005558499,1.013220796
52.040000000,-0.009258833,-0.005257788,1.002989655
52.045000000,-0.064621616,-0.007599774,1.002759858
52.050000000,0.029855072,0.012964592,1.003360341
52.055000000,-0.003687624,-0.032756243,0.997439904
52.060000000,-0.022422668,-0.003769899,1.007979949
52.065000000,-0.006445474,-0.000697627,1.008624073
52.070000000,0.004035878,-0.037007718,1.005723380
52.075000000,0.068902027,0.046724304,1.008524310
52.080000000,-0.018474500,-0.017315693,1.006929059
52.085000000,-0.011250487,-0.014085169,1.007905055
52.090000000,0.023238063,0.004278231,0.998231091
52.095000000,0.013709137,-0.032505635,1.010854970
52.100000000,0.039145872,0.037009817,1.007780911
52.105000000,-0.000286760,-0.023193038,1.002364704
52.110000000,-0.010594970,-0.012309129,1.009998046
52.115000000,0.005623791,0.045952721,0.998437433
52.120000000,0.055968952,-0.001680140,1.018333567
52.125000000,0.023762255,-0.001383482,1.011575993
52.130000000,-0.025648796,0.026190284,0.989883780
52.135000000,0.028606910,-0.011336820,1.014402590
52.140000000,0.029719406,-0.052631743,1.013142177
52.145000000,-0.028497636,-0.018244566,1.009043217
52.150000000,0.003557719,0.028706703,1.006544188
52.155000000,0.038169995,0.036495657,0.999226293
52.160000000,-0.027737004,0.027052198,1.015640781
52.165000000,0.031320103,-0.006130165,1.002224415
52.170000000,0.051170474,-0.053921695,1.001604826
52.175000000,-0.010645062,0.003985665,1.014577933
52.180000000,0.006636564,-0.009335191,1.002373020
52.185000000,0.012585055,0.002591500,1.009250348
52.190000000,0.018488924,0.050020215,1.005634855
52.195000000,0.009065229,-0.048946188,1.008135060
52.200000000,0.031246979,-0.000570760,1.008679575
52.205000000,-0.002004801,-0.040377776,1.003285273
52.210000000,0.000691932,-0.040304138,1.010835689
52.215000000,-0.001349813,0.062085194,0.999013619
52.220000000,-0.024278734,-0.066540158,1.008439553
52.225000000,0.020095008,0.007491382,1.012932822
52.230000000,-0.069642860,0.080742930,1.001837811
52.235000000,0.008381159,-0.030439008,1.003616868
52.240000000,0.040892494,0.009142371,1.004545583
52.245000000,-0.062585163,-0.014894835,1.000123236
52.250000000,-0.000385136,-0.023294268,0.995851975
52.255000000,-0.039923661,0.054918333,1.015231939
52.260000000,-0.002022705,-0.045768510,1.006087812
52.265000000,0.048162433,-0.026497175,1.005528292
52.270000000,0.007227141,0.061458403,1.015185186
52.275000000,0.013352189,-0.024909690,1.002000802
52.280000000,-0.061949871,-0.002415024,1.012202557
52.285000000,-0.013651471,0.000709181,1.001442558
52.290000000,0.059698327,0.003225689,1.005475908
52.295000000,-0.031828698,0.054190944,1.003074984
52.300000000,0.012591012,-0.003860435,0.996653978
52.305000000,0.022929099,-0.004261203,1.015122775
52.310000000,-0.075713987,-0.017955385,1.004686831
52.315000000,0.016356450,-0.050496300,1.013891449
52.320000000,0.047822389,-0.011735338,1.009224330
52.325000000,0.016051565,-0.016831470,0.989057667
52.330000000,0.026791722,0.004175451,1.004308553
52.335000000,0.003498583,0.031084618,1.009236258
52.340000000,0.028485277,-0.004151377,1.005094116
52.345000000,-0.032649440,0.009148975,1.006094380
52.350000000,-0.015293047,0.023791444,1.007409603
52.355000000,0.037763399,-0.003058352,1.012732402
52.360000000,-0.024478793,-0.006431048,1.007284153
52.365000000,-0.026456329,-0.022904014,0.992655457
52.370000000,-0.014784025,-0.078697137,1.005691534
52.375000000,0.038951580,-0.019130353,1.006045735
52.380000000,0.034977724,0.041044934,0.996248068
52.385000000,-0.006577340,-0.037315501,1.014677629
52.390000000,-0.002143253,-0.033834516,1.004596397
52.395000000,-0.003248007,-0.022892900,0.996621901
52.400000000,0.027268319,0.018874203,1.022233689
52.405000000,-0.001234510,0.017960475,1.016182285
52.410000000,0.023534168,-0.024953035,1.001611789
52.415000000,0.000549553,0.024433031,1.005620880
52.420000000,-0.024149752,-0.056521817,0.999807090
52.425000000,0.046376685,-0.003430716,0.996208606
52.430000000,-0.002717983,0.053885016,1.010787133
52.435000000,0.033536248,-0.029602532,1.017599872
52.440000000,0.006677770,0.002823847,1.003771650
52.445000000,-0.013437204,-0.016096592,1.002406204
52.450000000,0.076039954,-0.025324291,1.004759130
52.455000000,-0.032218733,-0.003636391,1.002331783
52.460000000,-0.042751888,0.023006919,1.003277283
52.465000000,0.044458921,0.006861606,1.004871345
52.470000000,0.022034032,-0.048062136,1.011717301
52.475000000,-0.038784048,0.000617418,1.000898499
52.480000000,0.012933483,0.049743125,1.018104609
52.485000000,0.026706490,0.023859268,1.017179434
52.490000000,-0.061624814,-0.040098357,0.988273010
52.495000000,0.028097330,-0.046930488,1.011858257
52.500000000,0.023315513,0.014758586,1.010852704
52.505000000,-0.015142762,0.046145042,1.008733682
52.510000000,0.012231250,0.022143133,1.015380479
52.515000000,-0.001394860,0.008800896,0.994808159
52.520000000,0.035902992,0.027448158,1.006109456
52.525000000,-0.030199754,0.028560886,1.009773372
52.530000000,0.006672333,0.008474835,1.004952433
52.535000000,0.077833131,-0.007135346,1.003812655
52.540000000,-0.015144054,-0.013783281,1.000708691
52.545000000,-0.015424710,-0.026680964,1.008012287
52.550000000,0.036310630,-0.021415458,1.009207132
52.555000000,-0.016397080,0.026288850,1.009681090
52.560000000,-0.044612638,0.052116160,1.014214642
52.565000000,0.039992137,-0.013768867,1.011274096
52.570000000,-0.000187208,-0.030401588,1.002079395
52.575000000,-0.034323650,-0.009162434,0.999696379
52.580000000,0.011510387,-0.010722488,1.004093317
52.585000000,-0.002530710,0.000996812,1.002411439
52.590000000,0.039143983,-0.017167505,1.000381965
52.595000000,-0.021455741,0.006619830,1.002084410
52.600000000,-0.032935912,0.018318181,1.002940659
52.605000000,0.039412849,-0.030515062,1.017247801
52.610000000,0.015223684,-0.008838875,1.012185067
52.615000000,0.031722351,0.032131968,1.005824061
52.620000000,0.003646528,-0.073633551,1.007070175
52.625000000,-0.007304833,-0.036396165,0.997856527
52.630000000,-0.034555465,0.014771231,1.008035876
52.635000000,-0.003127958,-0.042233987,0.992959281
52.640000000,0.068974293,0.027670277,1.002821020
52.645000000,-0.050886422,-0.078611611,1.023901121
52.650000000,-0.025694676,0.030077994,0.991742202
52.655000000,0.040253470,0.067749613,0.999436107
52.660000000,0.002456732,-0.095697442,1.013738755
52.665000000,-0.021923864,0.051996027,1.001904213
52.670000000,-0.027941790,-0.019772405,1.009585142
52.675000000,0.045492716,-0.021859535,1.010029917
52.680000000,0.025072596,0.026844439,1.005132088
52.685000000,0.025748585,-0.058998449,1.010361865
52.690000000,-0.002342375,-0.029437668,1.001535767
52.695000000,-0.083254396,0.000342212,1.006423542
52.700000000,-0.016747132,0.032787271,1.013489077
52.705000000,0.045937910,-0.008394589,1.003472784
52.710000000,0.061280284,0.009871427,1.009620809
52.715000000,0.020886527,-0.002090410,1.004531576
52.720000000,-0.038216098,-0.004982049,0.999044970
52.725000000,-0.026377566,0.015500591,1.001944223
52.730000000,0.004550830,-0.003127624,1.011771568
52.735000000,-0.016401553,-0.013831121,1.003392099
52.740000000,0.008368193,-0.021476526,0.998396707
52.745000000,0.048251098,0.016983694,1.020229566
52.750000000,-0.007738619,-0.007164772,0.997172077
52.755000000,-0.034856187,0.043596475,0.999166909
52.760000000,0.041166265,0.007561506,1.014598740
52.765000000,0.077072345,-0.000393654,1.010101484
52.770000000,-0.050774657,0.023697129,1.006820226
52.775000000,-0.059674468,-0.057767050,1.001650088
52.780000000,0.038536472,0.015343843,1.010420984
52.785000000,0.016180110,0.023726102,1.001471891
52.790000000,-0.003264632,0.020400862,1.005220920
52.795000000,0.011343667,0.002173943,1.007792885
52.800000000,0.007301497,-0.038625668,1.008504194
52.805000000,-0.013380796,0.011128474,1.007851526
52.810000000,-0.027188370,0.026157555,1.006249169
52.815000000,0.005095237,0.001114947,1.015456855
52.820000000,0.047257018,0.018261904,1.000257706
52.825000000,-0.063500465,0.033318984,1.011292443
52.830000000,0.026061505,-0.037610815,1.013894075
52.835000000,0.108452980,-0.030354262,1.007860710
52.840000000,-0.023281994,-0.035852260,1.004976719
52.845000000,0.050379146,-0.014760741,0.989648144
52.850000000,-0.037741925,0.033681869,1.013427395
52.855000000,0.009874826,-0.000141784,1.007299236
52.860000000,0.064098735,-0.040520863,0.998311718
52.865000000,-0.035707089,-0.039093051,1.018922278
52.870000000,0.019448961,0.022722459,1.002533024
52.875000000,-0.024105530,-0.061478172,1.004843596
52.880000000,0.064401450,-0.027382876,1.010972147
52.885000000,-0.028279359,0.054729360,1.001161205
52.890000000,0.004461082,-0.025612174,1.014591044
52.895000000,0.077022758,-0.003799272,1.001190688
52.900000000,-0.070105269,0.014220340,0.999878738
52.905000000,0.071132571,0.004545704,1.006185482
52.910000000,0.007173416,0.019130409,0.999376487
52.915000000,-0.017826752,-0.009508701,1.010146423
52.920000000,0.032652760,-0.056922744,0.998104948
52.925000000,-0.034275742,-0.007201787,1.006104173
52.930000000,-0.036108470,0.013409033,1.006612548
52.935000000,-0.005365751,-0.010835713,1.001851175
52.940000000,0.077461721,0.027142918,1.005956885
52.945000000,-0.028261275,0.023421249,0.997666585
52.950000000,-0.039072715,-0.018151113,1.016272066
52.955000000,0.021021548,0.009047602,1.015857962
52.960000000,-0.022257399,0.023233032,1.009768757
52.965000000,-0.025970372,-0.039922001,0.994896405
52.970000000,-0.012554422,0.020593607,1.008119893
52.975000000,-0.017937029,-0.004757578,1.013031097
52.980000000,0.029800718,-0.026953291,0.984411656
52.985000000,0.046182645,0.014883899,1.013480573
52.990000000,-0.086189458,-0.038335282,1.007748343
52.995000000,-0.016214742,0.020657498,1.010285222
53.000000000,0.015590432,-0.025187249,1.007220174
53.005000000,-0.028740114,-0.010373694,1.000277204
53.010000000,0.030910314,0.050520805,1.012610585
53.015000000,-0.023747979,0.011090633,0.989675226
53.020000000,0.015856685,0.003833282,1.020875622
53.025000000,0.037632430,-0.037252021,1.016060194
53.030000000,-0.051834692,0.014367331,0.993596621
53.035000000,-0.002198887,0.005324961,1.008174593
53.040000000,0.048639962,-0.029613776,1.002511016
53.045000000,0.035734320,-0.011625899,1.007115371
53.050000000,0.026982060,-0.018138749,1.008086257
53.055000000,-0.051681385,0.014410101,1.011240759
53.060000000,0.033541194,0.022678484,0.997069203
53.065000000,0.044668200,0.004296838,1.007863794
53.070000000,-0.070373486,0.013749086,1.017134418
53.075000000,0.053224271,-0.019199734,1.002643139
53.080000000,0.053973775,-0.059127911,1.010497484
53.085000000,-0.003150300,-0.012917812,1.005427356
53.090000000,-0.028093302,-0.025870936,1.001107740
53.095000000,-0.035633182,0.025946961,1.002915594
53.100000000,0.016974820,0.027626933,1.006344499
53.105000000,0.031656842,-0.047741030,1.010125312
53.110000000,0.013473236,0.043131928,1.009324934
53.115000000,-0.050668570,0.009575613,1.004678533
53.120000000,0.044532831,-0.034392016,1.001542678
53.125000000,0.059022720,-0.007437971,1.011442168
53.130000000,0.008717365,-0.018037120,1.011784215
53.135000000,-0.005083410,0.019894732,1.007662213
53.140000000,-0.023004088,-0.004931319,0.993407680
53.145000000,0.025292625,-0.039208106,1.005413434
53.150000000,-0.001141143,0.010721843,1.012267077
53.155000000,0.027118109,0.019398941,1.001069630
53.160000000,0.003727700,-0.005691310,1.007016004
53.165000000,0.012729012,0.015353930,0.992881250
53.170000000,0.026269321,-0.007470072,1.010806292
53.175000000,-0.036131701,-0.017184369,1.012022886
53.180000000,0.014768348,-0.021414355,1.000839002
53.185000000,0.022684793,-0.034686871,1.015077680
53.190000000,-0.007996813,0.034426568,0.996431092
53.195000000,0.028265700,0.016590984,1.006172547
53.200000000,0.036257393,-0.008888030,1.009068021
53.205000000,-0.045321162,0.045365849,1.000183856
53.210000000,0.003736106,-0.029238313,1.015397662
53.215000000,0.005301815,-0.011638923,1.003901611
53.220000000,-0.025391437,0.032851516,1.004576081
53.225000000,0.021474314,-0.058870500,1.010538253
53.230000000,-0.033054469,0.043705078,0.997341404
53.235000000,0.008035800,0.033293275,1.003813840
53.240000000,0.013915818,-0.023700429,1.010524571
53.245000000,-0.010033734,0.037601808,0.998738821
53.250000000,-0.005627910,-0.064136581,1.009363142
53.255000000,-0.006374497,-0.041885577,1.015724296
53.260000000,-0.005220007,-0.000999479,0.995200875
53.265000000,0.027992393,-0.004264263,0.998488372
53.270000000,0.029533011,0.007657289,1.021204481
53.275000000,-0.064413257,-0.005698030,1.001330211
53.280000000,0.017007588,-0.001710494,0.990690080
53.285000000,0.016391203,-0.030525799,1.016529852
53.290000000,0.003950602,0.020018294,1.000640449
53.295000000,0.012994154,0.022896664,1.012569744
53.300000000,-0.020526594,0.000579156,1.025700199
53.305000000,0.040837345,-0.014687066,0.995502212
53.310000000,0.009877201,-0.022298833,1.004777597
53.315000000,0.046465273,0.001597678,1.007670430
53.320000000,0.000429549,0.026611511,1.003730384
53.325000000,-0.091909083,0.024473145,0.997887642
53.330000000,-0.043364751,-0.034125268,1.005376815
53.335000000,0.052530618,-0.003033215,1.018981208
53.340000000,0.034381969,-0.009914989,1.002168030
53.345000000,-0.041468167,-0.002259944,1.004277945
53.350000000,0.026923446,0.026688579,1.003823683
53.355000000,0.007642082,0.014890078,1.010285751
53.360000000,-0.007214418,-0.004241634,1.010812116
53.365000000,-0.018472083,-0.039071503,1.005665092
53.370000000,0.000998772,-0.014128266,1.009685404
53.375000000,0.029276331,-0.016641456,1.001407264
53.380000000,-0.010457227,0.009451201,1.002470657
53.385000000,0.041709809,-0.041711516,1.001325942
53.390000000,0.027152668,-0.004988230,1.013944884
53.395000000,0.005124451,0.082277311,1.007549572
53.400000000,0.015251605,-0.032329393,0.999680776
53.405000000,0.004095285,-0.035823212,1.016653723
53.410000000,-0.037517080,0.013890987,0.995576728
53.415000000,0.023241380,-0.010561710,1.004192988
53.420000000,0.059197296,-0.048813892,1.019031050
53.425000000,-0.033999021,0.007246121,0.994868916
53.430000000,0.011046977,-0.018357417,1.000898161
53.435000000,0.040796172,-0.058703900,1.003019034
53.440000000,0.018013782,0.020084661,1.014522864
53.445000000,-0.034675270,-0.017957194,1.025888636
53.450000000,0.004328411,0.030544436,0.997915649
53.455000000,0.009773188,0.022632318,1.006564549
53.460000000,-0.056921219,-0.011997001,1.011090565
53.465000000,0.003808461,0.009486503,1.001779388
53.470000000,-0.008533690,-0.048517533,1.001927595
53.475000000,0.003619654,-0.003676438,0.992093276
53.480000000,-0.007508131,0.032118726,1.004096018
53.485000000,-0.004860191,0.042985409,1.001821271
53.490000000,0.041511232,-0.022609658,1.002648656
53.495000000,0.009491839,-0.012935847,1.010473659
53.500000000,0.006206856,0.030180367,1.004604109
53.505000000,0.009146227,-0.023006155,1.003541808
53.510000000,0.003998914,0.032627940,1.002453627
53.515000000,-0.005185278,0.015310462,1.011831538
53.520000000,0.019321726,0.024725333,1.013423755
53.525000000,-0.002637377,-0.014421494,1.006070832
53.530000000,0.033440954,-0.054998659,1.000163438
53.535000000,0.042560813,0.049746038,1.015483184
53.540000000,-0.014223800,-0.011227558,1.014601672
53.545000000,0.027550476,-0.040102083,0.994158313
53.550000000,0.001928744,-0.011932939,1.003019306
53.555000000,0.006634060,0.023166855,1.006392947
53.560000000,0.026872838,0.015759979,1.009709803
53.565000000,-0.006577861,-0.052036862,1.009937056
53.570000000,-0.004036547,0.004965201,1.007854318
53.575000000,-0.012638223,0.027805804,1.012722973
53.580000000,-0.045617630,0.013383437,1.004042325
53.585000000,0.004543404,-0.050368691,0.990539688
53.590000000,0.015935034,-0.052841457,0.998104712
53.595000000,-0.010210816,0.030788485,1.027744239
53.600000000,0.030288285,0.018077638,1.007783300
53.605000000,-0.048194651,-0.004345482,1.000458931
53.610000000,0.053086068,-0.027689242,1.008084288
53.615000000,0.016773759,-0.032403910,0.999961060
53.620000000,-0.098140857,-0.001699116,1.016639231
53.625000000,0.060430846,0.050539839,1.002235099
53.630000000,-0.030702116,-0.005710591,1.001718300
53.635000000,-0.017080959,-0.036416579,1.011476577
53.640000000,0.028878609,0.017359092,1.003694554
53.645000000,-0.003084714,0.000036734,1.006020614
53.650000000,0.045249243,-0.001874480,1.002200976
53.655000000,-0.038492106,-0.047559745,1.005233409
53.660000000,0.014526153,0.046662062,1.004425825
53.665000000,0.011410121,0.066001669,1.010135657
53.670000000,-0.037237348,-0.049722868,1.004113694
53.675000000,0.032019103,0.042515127,1.001827054
53.680000000,0.015685847,0.000088425,1.013115102
53.685000000,-0.030265106,-0.037030562,0.991608439
53.690000000,0.033440154,0.034729254,1.001071307
53.695000000,0.054864387,-0.035318554,1.018856860
53.700000000,-0.052100084,-0.018235053,1.000465738
53.705000000,0.007931959,-0.007028627,1.003246976
53.710000000,0.026063545,-0.050678774,1.009137679
53.715000000,-0.015042069,0.001883133,1.005731021
53.720000000,0.023766385,-0.042367281,1.013496905
53.725000000,-0.029054848,-0.007272338,1.000709416
53.730000000,0.024750594,0.047118527,0.996990464
53.735000000,0.050124721,-0.020764209,1.015882660
53.740000000,0.029729321,-0.019075357,1.015484118
53.745000000,0.037288913,0.020828719,1.005688926
53.750000000,-0.002543267,0.068494301,1.001092500
53.755000000,0.041017110,-0.052052815,1.000404847
53.760000000,-0.061940144,0.016192260,1.006970166
53.765000000,-0.041327171,0.025887732,1.012106696
53.770000000,0.097329791,-0.100254950,1.013018511
53.775000000,-0.024281032,0.033982954,0.998748526
53.780000000,-0.010837195,-0.033427204,1.001424610
53.785000000,0.013336572,0.019755826,1.012337115
53.790000000,-0.012448178,-0.005500090,1.001964859
53.795000000,0.033404806,-0.030897254,1.009766356
53.800000000,-0.029233444,0.034987420,1.000431445
53.805000000,-0.040640899,-0.085543994,1.002523308
53.810000000,0.023223774,0.024982547,1.018690359
53.815000000,0.037457937,-0.006110271,1.006051705
53.820000000,-0.053192239,0.024290143,1.007863409
53.825000000,-0.002954951,-0.009731862,0.998848991
53.830000000,0.051159665,-0.039942188,1.007204000
53.835000000,-0.059986076,0.069460528,1.004835599
53.840000000,0.031319659,-0.042615535,1.003656402
53.845000000,0.037677455,0.062565876,1.017601964
53.850000000,-0.066194562,0.046966456,0.994944457
53.855000000,0.019409647,-0.043883463,1.006892160
53.860000000,0.059031353,-0.014818339,1.000044350
53.865000000,0.027312961,-0.010674740,1.008420193
53.870000000,-0.018488712,-0.036492685,1.020221774
53.875000000,-0.044164953,-0.005875116,0.995829762
53.880000000,0.001084802,0.037070312,1.012831660
53.885000000,0.013579008,-0.061544365,0.995806695
53.890000000,0.027356069,0.018648711,1.000382550
53.895000000,-0.000828122,0.027739479,1.019860782
53.900000000,-0.037562979,0.028210954,0.999052344
53.905000000,0.030166197,0.036551083,1.007838759
53.910000000,-0.010754579,-0.003690427,1.013219283
53.915000000,-0.011668616,0.005651689,0.994890255
53.920000000,0.047363813,-0.042232907,0.993506400
53.925000000,-0.004174048,-0.018979435,1.010561139
53.930000000,0.004026394,0.000810621,1.001510942
53.935000000,-0.008648501,0.059748946,1.007982517
53.940000000,-0.026410792,-0.068266757,1.007918533
53.945000000,0.005075981,-0.041546128,1.003800450
53.950000000,0.005484479,0.065000332,1.014769999
53.955000000,-0.024039577,-0.043261578,1.000916831
53.960000000,0.006638819,-0.005960153,1.016590290
53.965000000,0.071846783,-0.021425092,1.009176132
53.970000000,-0.012847276,0.034373878,1.002301797
53.975000000,-0.026711345,-0.006927411,1.007152923
53.980000000,0.058699509,-0.066194735,0.996899913
53.985000000,0.010764621,0.031477844,1.011564866
53.990000000,-0.026961853,0.016224252,0.997175336
53.995000000,0.029554634,0.001137776,1.006350512
54.000000000,0.029684745,-0.001839571,1.010866853
54.005000000,-0.006792465,-0.051005555,1.004434955
54.010000000,0.019217212,-0.023332481,1.017051637
54.015000000,0.012643874,0.082937498,0.996175039
54.020000000,-0.014397252,-0.031870873,1.005325428
54.025000000,0.000171367,-0.020113316,1.013051189
54.030000000,-0.007536596,0.030164140,1.006304807
54.035000000,0.013408420,-0.032587975,1.008601996
54.040000000,0.004431854,0.029381450,1.007271831
54.045000000,-0.030504268,-0.041255457,1.011061891
54.050000000,0.041324685,0.007928534,1.003114401
54.055000000,-0.017267458,0.041246894,1.008660793
54.060000000,-0.033678532,-0.045455265,0.998223152
54.065000000,0.057325736,-0.012272839,1.004864124
54.070000000,-0.007402133,0.003887076,1.012949009
54.075000000,0.041065821,-0.017338793,0.998973766
54.080000000,0.035404673,-0.006865255,1.015934271
54.085000000,0.003562188,0.014674302,1.001139313
54.090000000,0.023374177,-0.016407631,1.003227108
54.095000000,-0.059865915,-0.019317515,1.010049967
54.100000000,-0.014538992,0.036880944,0.993604743
54.105000000,0.011257095,0.029858115,1.013775651
54.110000000,0.020419347,-0.056158109,1.011869342
54.115000000,0.004818689,0.031040106,1.004087396
54.120000000,-0.027025091,0.009289864,1.009770607
54.125000000,0.016738787,-0.063071133,1.002304156
54.130000000,0.010383180,0.024214342,0.997490850
54.135000000,-0.025587283,-0.040099336,1.019250832
54.140000000,-0.014986874,-0.017577368,1.010384523
54.145000000,0.028048273,-0.003090355,0.992292044
54.150000000,0.005402929,-0.006525135,1.012150538
54.155000000,0.043884830,-0.002969529,1.002570488
54.160000000,-0.020425756,-0.010636181,1.006351207
54.165000000,-0.061720966,-0.021830105,1.011260703
54.170000000,0.052472919,-0.014576223,1.002806827
54.175000000,0.040924592,0.087531608,0.999925576
54.180000000,0.011007146,-0.033369114,1.004101039
54.185000000,-0.033893005,-0.016263753,1.012171460
54.190000000,0.003974001,0.019857342,0.995496389
54.195000000,-0.024422371,-0.042350225,1.007451742
54.200000000,0.000725040,-0.010069751,1.006979122
54.205000000,0.076522734,-0.004230965,1.002354192
54.210000000,-0.048521129,0.030061643,1.007760736
54.215000000,0.017918496,-0.010345446,0.996022112
54.220000000,-0.000336829,0.013848437,1.008615802
54.225000000,-0.053748304,-0.017696853,1.012370357
54.230000000,0.040859548,0.032561674,1.010308104
54.235000000,0.020289869,0.048771413,1.002766290
54.240000000,-0.039244278,-0.020386710,1.003813779
54.245000000,-0.057557284,0.025699955,1.009072980
54.250000000,0.038746584,-0.024373002,1.006820659
54.255000000,0.029803166,0.023368808,1.010027587
54.260000000,-0.013045482,-0.022685503,1.002751216
54.265000000,0.022966556,-0.005101575,1.003133735
54.270000000,0.017148130,0.071689642,1.003253081
54.275000000,0.019024412,-0.023091715,1.011409253
54.280000000,-0.016577497,-0.029666164,1.005620750
54.285000000,-0.017644926,0.000325797,1.000464120
54.290000000,0.054772927,0.012578051,1.005737086
54.295000000,0.028679453,-0.030587381,1.001655125
54.300000000,-0.037223988,-0.053260087,1.014501406
54.305000000,0.039087155,-0.036214741,1.008147791
54.310000000,0.018644545,0.037966334,1.002354595
54.315000000,-0.070221364,-0.015131789,1.007334833
54.320000000,-0.005181646,-0.027463826,1.004802321
54.325000000,0.022386595,0.036511701,1.011092616
54.330000000,-0.005896778,-0.050643722,1.010061435
54.335000000,0.026250881,0.045246010,0.998439098
54.340000000,0.049614688,0.014306443,1.008349302
54.345000000,0.014214700,-0.088680875,1.011413604
54.350000000,0.023780381,0.014853452,1.003340757
54.355000000,0.003492636,0.044044975,1.012697539
54.360000000,0.005503517,-0.002925008,1.006411266
54.365000000,0.034619532,-0.018833647,1.009721276
54.370000000,-0.039846195,-0.014347128,1.004830464
54.375000000,-0.003405587,0.027505158,1.006621121
54.380000000,0.013137466,0.037679958,1.010785558
54.385000000,-0.032515399,-0.050026945,0.992727307
54.390000000,0.027327511,-0.021638378,1.015380174
54.395000000,0.004970638,-0.047989618,1.004971620
54.400000000,-0.014224050,0.017277558,1.002773821
54.405000000,0.061177412,0.037074556,1.014961740
54.410000000,0.021327742,-0.080251020,1.000671584
54.415000000,-0.025168225,0.029754018,1.006143017
54.420000000,-0.015304060,-0.063406161,1.008975080
54.425000000,0.001770483,0.023592486,1.018851518
54.430000000,0.025724771,0.103607300,1.002967866
54.435000000,-0.011666428,-0.077747006,1.002830326
54.440000000,0.038867760,0.005987313,1.004572180
54.445000000,-0.005128468,-0.001303495,0.993185781
54.450000000,-0.049313318,0.007309230,1.008164021
54.455000000,0.049178706,0.019271481,0.995351440
54.460000000,-0.022380411,-0.002369609,1.000858913
54.465000000,-0.001056187,0.016904033,1.010069356
54.470000000,0.013255417,-0.011578150,1.003875243
54.475000000,-0.032692342,0.011669027,1.002596328
54.480000000,0.016531532,-0.070354498,1.002719540
54.485000000,-0.032847299,-0.023962668,1.012516761
54.490000000,0.009204269,0.023642421,0.999406529
54.495000000,-0.000697466,-0.036818667,0.994315640
54.500000000,-0.029264444,0.034093706,1.010600560
54.505000000,0.035437429,-0.025999932,1.014447631
54.510000000,-0.061792548,-0.007692776,1.001662703
54.515000000,-0.024278730,0.039428989,0.996900536
54.520000000,0.042200733,-0.051884521,1.012069487
54.525000000,-0.042619238,0.037407150,1.014833508
54.530000000,0.051436703,-0.007068568,1.007791628
54.535000000,0.052675702,-0.055507495,1.005803344
54.540000000,-0.014148300,0.074949722,1.008712787
54.545000000,0.061521749,0.023353953,1.007975443
54.550000000,-0.001604120,-0.018573427,1.001129278
54.555000000,-0.005443745,-0.009923702,0.999187684
54.560000000,0.032398092,-0.001636503,1.006593286
54.565000000,-0.038937251,0.008081689,1.010739263
54.570000000,0.024152861,-0.018059469,1.008568451
54.575000000,0.033319273,0.024818794,1.010937542
54.580000000,-0.008638769,0.028763347,1.009925706
54.585000000,0.048927215,0.013177905,1.006501488
54.590000000,-0.023342986,-0.007869974,1.006779655
54.595000000,-0.046354036,-0.064445507,0.998176525
54.600000000,0.008877949,-0.021460174,0.997252306
54.605000000,-0.027670327,0.027539258,1.012027063
54.610000000,0.058899839,-0.012571264,1.014857863
54.615000000,0.042823533,-0.027405622,1.006083302
54.620000000,-0.050257875,0.014722511,1.005196406
54.625000000,0.014520403,0.014341573,1.007785280
54.630000000,0.008409002,-0.032579494,1.013131155
54.635000000,0.007608212,0.005275164,1.010567688
54.640000000,0.014907191,0.005166275,0.998442328
54.645000000,-0.014422662,-0.014525955,1.005421797
54.650000000,-0.020003255,0.040267674,1.000400080
54.655000000,-0.015925729,-0.039846940,1.008059424
54.660000000,0.025099776,-0.058433832,1.022406879
54.665000000,0.035599778,0.011310427,0.990338936
54.670000000,-0.010704431,-0.000893298,1.003824935
54.675000000,-0.018130403,0.036541131,1.015830655
54.680000000,0.055138495,-0.010930578,0.996885376
54.685000000,0.007859083,-0.052949842,1.003920329
54.690000000,-0.025521393,0.068513547,1.005588618
54.695000000,0.051489440,0.009362567,1.013082648
54.700000000,0.001194020,-0.071782456,1.002079311
54.705000000,-0.028103494,0.049640449,1.007662825
54.710000000,-0.010353603,-0.022373158,1.011496272
54.715000000,-0.018352902,0.001374255,0.991189816
54.720000000,-0.017687009,0.053497959,1.009716384
54.725000000,0.028671352,-0.091991223,1.012296729
54.730000000,0.011633018,-0.019720114,1.005469249
54.735000000,-0.030097667,-0.003835498,0.997173762
54.740000000,0.034230347,0.010775274,1.006188571
54.745000000,0.021207710,0.045561810,1.013467543
54.750000000,0.030998757,-0.016611101,1.001453200
54.755000000,-0.030563039,0.010106199,1.006712327
54.760000000,-0.037122117,0.006603978,1.006628021
54.765000000,0.092809960,0.013331987,1.015242673
54.770000000,-0.021910011,-0.056724055,1.004708495
54.775000000,-0.011049039,-0.061250665,0.990849588
54.780000000,0.045653562,0.052164096,1.013947851
54.785000000,-0.019430646,0.049723716,1.010399488
54.790000000,0.025109726,-0.041152990,1.003589830
54.795000000,0.030881870,-0.064935625,1.016271255
54.800000000,-0.003923862,0.029066298,0.999908064
54.805000000,-0.065147932,0.011875420,0.997144628
54.810000000,0.035545558,-0.003563515,1.009940728
54.815000000,0.060823264,0.042848929,1.006505454
54.820000000,-0.085735109,-0.002545505,1.002383168
54.825000000,-0.004037461,-0.032917762,0.995621313
54.830000000,0.045579205,-0.029683371,1.011070180
54.835000000,-0.010995881,-0.024754710,1.006919753
54.840000000,-0.020515313,0.019083970,0.999998143
54.845000000,0.008370028,0.017301471,1.013925562
54.850000000,0.009728046,-0.016799983,1.001618173
54.855000000,-0.007339460,0.014407380,0.998811718
54.860000000,0.044148154,0.013819622,1.005374604
54.865000000,-0.022193211,0.005164703,1.010354886
54.870000000,-0.015127596,-0.015137619,1.002287982
54.875000000,0.067698188,-0.031617552,1.008530643
54.880000000,-0.063586441,-0.002172896,1.002952767
54.885000000,-0.007213784,-0.002584792,0.991891657
54.890000000,0.103431836,-0.008781067,1.016833563
54.895000000,-0.057404060,0.001218369,1.011497732
54.900000000,-0.035523585,-0.011775521,1.015571729
54.905000000,0.005108632,-0.028029585,1.001889527
54.910000000,0.010202925,0.068141623,0.996556372
54.915000000,0.041911340,0.031279317,1.019106997
54.920000000,-0.027848647,-0.078606833,0.999822163
54.925000000,0.044019267,-0.031581074,1.008889963
54.930000000,-0.032587049,-0.019661822,1.007293621
54.935000000,-0.037666685,0.013125235,1.005906512
54.940000000,0.051463769,0.017488337,1.019111906
54.945000000,-0.003589764,-0.013420091,1.006882227
54.950000000,0.029717308,0.021549405,1.001378805
54.955000000,-0.036148853,0.033601749,1.004590445
54.960000000,0.049112041,-0.028204367,1.011229440
54.965000000,0.066786675,-0.044810430,1.004821262
54.970000000,-0.013017342,0.051796581,1.010334713
54.975000000,0.038329416,0.035371902,1.021287298
54.980000000,-0.048722959,-0.022266833,1.007309653
54.985000000,-0.010405348,0.013594169,0.994002382
54.990000000,0.003618633,-0.011583974,1.012038282
54.995000000,0.005370597,-0.022020717,1.008269147
55.000000000,0.046377451,0.027282185,1.001750226
55.005000000,-0.049549199,-0.028485372,1.013551022
55.010000000,-0.043161854,-0.033758971,0.988833928
55.015000000,0.006520850,0.008679596,1.013027095
55.020000000,-0.005362646,0.015888475,1.005946494
55.025000000,0.036053479,-0.007670066,0.993800712
55.030000000,0.031394125,-0.068878744,1.020729941
55.035000000,-0.037483482,0.044821239,0.998759948
55.040000000,0.010525469,0.053204447,1.017850053
55.045000000,0.001932437,-0.054015688,1.003676806
55.050000000,0.013298953,-0.037003824,0.991083499
55.055000000,0.026337078,0.025155048,1.014912037
55.060000000,-0.051128922,0.046782189,0.994175342
55.065000000,0.005208732,-0.050668064,1.005020883
55.070000000,0.027061644,-0.024430381,1.005096983
55.075000000,0.006099280,0.024393296,1.012169851
55.080000000,-0.018122857,0.005718657,1.007056548
55.085000000,-0.019894046,-0.005110507,0.996862171
55.090000000,0.064517190,0.010249670,1.017291476
55.095000000,0.049367832,0.030567034,0.994871747
55.100000000,-0.084341635,0.024941240,0.999850393
55.105000000,0.038208093,-0.023728865,1.012518129
55.110000000,0.081448789,-0.089193638,0.991923907
55.115000000,-0.092459368,0.039269147,1.007990140
55.120000000,0.047114168,-0.001796879,1.011382709
55.125000000,-0.000263958,-0.004263296,0.989710488
55.130000000,-0.014317329,0.027800014,1.014450965
55.135000000,0.047261423,-0.096145711,1.019722640
55.140000000,-0.034458915,0.031636352,1.006793724
55.145000000,0.030786609,0.012947805,1.014371043
55.150000000,-0.036320086,-0.052514837,0.995152018
55.155000000,0.070033911,-0.033037320,0.999466102
55.160000000,0.073762250,0.015961086,1.009483058
55.165000000,-0.018629771,0.014160942,1.009497974
55.170000000,0.001032370,-0.033413581,1.016228132
55.175000000,-0.014688347,0.046660389,1.004967848
55.180000000,0.011840019,-0.032491817,0.999474605
55.185000000,-0.031991476,0.019559536,0.997137356
55.190000000,0.097622973,-0.007840819,1.007948865
55.195000000,-0.033686829,-0.052348498,1.004999267
55.200000000,-0.093543178,0.049588111,1.010308573
55.205000000,0.074244044,-0.042958677,1.016693820
55.210000000,-0.021291023,-0.016043532,0.993902431
55.215000000,-0.027626379,-0.015407280,1.011703437
55.220000000,-0.008464732,-0.028094087,1.016753130
55.225000000,-0.003728883,0.023572503,1.007121793
55.230000000,-0.035361041,0.024387868,1.009612302
55.235000000,0.046277092,0.009252886,1.001224310
55.240000000,0.039950903,0.009224726,1.003808068
55.245000000,-0.038598467,0.046888818,1.004981312
55.250000000,0.022296361,-0.030744541,1.006209108
55.255000000,-0.007447522,0.001514388,1.003508267
55.260000000,-0.002124025,0.062656361,1.006653967
55.265000000,-0.045156241,-0.012290219,1.007071980
55.270000000,0.051886495,-0.025335740,1.010882466
55.275000000,0.017589638,0.004741310,1.007187482
55.280000000,-0.054677777,0.003609750,0.998580363
55.285000000,0.072548815,-0.044846453,1.009455070
55.290000000,-0.052128501,-0.005597817,0.999643743
55.295000000,-0.034379851,0.039869063,1.003150218
55.300000000,0.062188649,-0.052449634,1.008728783
55.305000000,0.023874959,0.019519471,1.009372714
55.310000000,0.021019501,0.094963664,1.012798333
55.315000000,0.022813171,-0.079753020,0.998523295
55.320000000,-0.003028384,-0.072553987,1.007770445
55.325000000,0.009712158,0.021182318,1.003940854
55.330000000,0.004553915,-0.007013135,1.003548698
55.335000000,-0.066592362,-0.032173433,1.010961372
55.340000000,0.024314200,0.018239400,0.994394872
55.345000000,0.054235067,0.063834401,1.002959969
55.350000000,-0.028192207,-0.028735513,1.015435780
55.355000000,-0.039978347,0.003161316,1.004769190
55.360000000,0.018530145,-0.011367008,1.011093434
55.365000000,0.024028541,-0.033681586,1.011983866
55.370000000,-0.045179448,0.051708493,0.997162796
55.375000000,-0.023406915,-0.026969781,1.005957505
55.380000000,0.013868144,-0.013154942,1.006246285
55.385000000,0.063234185,0.041364860,1.009658365
55.390000000,0.016000180,0.000354613,1.008704265
55.395000000,-0.004683524,-0.028780295,1.000104076
55.400000000,0.032634779,-0.011621428,1.013148692
55.405000000,-0.011513147,-0.033750570,1.007460920
55.410000000,0.009896973,0.000601949,1.013909754
55.415000000,0.013030591,0.036708509,1.007900932
55.420000000,0.006369080,-0.078684297,0.997807638
55.425000000,0.004873339,0.030750219,1.007889622
55.430000000,-0.005220932,0.045135756,0.997740976
55.435000000,0.008799700,-0.037461796,1.009995007
55.440000000,0.021338835,0.015912724,1.003538266
55.445000000,0.035238399,-0.038726296,1.000327800
55.450000000,0.002936892,0.013871009,1.007924335
55.455000000,-0.040873356,-0.013624665,1.003317676
55.460000000,-0.012347911,0.009971848,1.018721080
55.465000000,0.039804749,0.066396746,1.009993735
55.470000000,0.015329413,-0.088186358,0.997686709
55.475000000,0.013467412,-0.027451483,1.001855575
55.480000000,0.006474564,-0.005783361,1.004770635
55.485000000,-0.003689414,-0.019972274,1.005836781
55.490000000,0.036631177,0.057024470,0.998230947
55.495000000,0.013434298,-0.017888491,1.004810121
55.500000000,-0.001906029,-0.023454237,1.012378601
55.505000000,-0.013892379,-0.001950675,1.002938394
55.510000000,-0.031155674,-0.023311835,0.996378116
55.515000000,-0.028026798,0.021044718,1.011076572
55.520000000,-0.063183070,0.035453406,1.001538569
55.525000000,0.021640952,-0.072154286,1.004005757
55.530000000,0.083028201,-0.050842547,1.024260532
55.535000000,-0.016397722,0.097085506,0.997350901
55.540000000,-0.005547057,0.003624053,1.001310514
55.545000000,-0.021532709,-0.030728173,1.015739426
55.550000000,0.020145766,-0.016133397,1.000330800
55.555000000,0.088717686,-0.047254814,1.004205077
55.560000000,-0.051309112,0.039345270,1.004874159
55.565000000,-0.018387885,-0.003737537,1.002627639
55.570000000,0.041365157,-0.019102624,1.006260815
55.575000000,-0.009538650,0.051993019,1.014709442
55.580000000,-0.015703956,0.021940981,1.009764061
55.585000000,0.002931111,-0.041497106,1.000554306
55.590000000,0.039740050,0.001111976,1.008221751
55.595000000,-0.033398109,0.015390758,1.003835858
55.600000000,0.016883054,-0.022906372,1.009735472
55.605000000,0.049638750,0.037428447,1.008538569
55.610000000,-0.040585893,-0.044561129,1.005003797
55.615000000,0.030412002,-0.042842767,1.007033701
55.620000000,0.014598825,0.039531440,1.003066165
55.625000000,-0.042035128,-0.001053212,1.008033575
55.630000000,-0.017075430,0.002092325,1.007007997
55.635000000,0.001102759,-0.028347368,1.010145552
55.640000000,0.061018049,0.009489162,1.000871731
55.645000000,0.009568851,0.027166806,1.002630024
55.650000000,-0.026103476,0.002258107,1.015369472
55.655000000,-0.003441817,-0.032886571,1.015045023
55.660000000,-0.042415923,-0.011428794,1.011778061
55.665000000,0.009273030,0.054039802,0.999156614
55.670000000,-0.004288801,-0.036098849,1.007306973
55.675000000,0.029165211,0.021892347,1.006837639
55.680000000,0.067807010,0.034603211,1.001560480
55.685000000,-0.028183405,-0.052257180,1.006215841
55.690000000,0.015625269,0.025978704,1.000898251
55.695000000,-0.008081096,0.020184396,1.005788213
55.700000000,-0.030795461,-0.008880330,1.004978396
55.705000000,-0.012548985,-0.023765318,1.006829805
55.710000000,-0.012432053,-0.024208406,1.007045727
55.715000000,0.002282767,-0.006517799,1.005204433
55.720000000,-0.052309226,-0.052292722,1.011913820
55.725000000,0.034440128,-0.013083484,1.004175643
55.730000000,0.022929450,0.032231837,0.997293518
55.735000000,-0.006358414,-0.027987490,0.998401029
55.740000000,0.048356965,-0.025628144,1.009564146
55.745000000,-0.036600762,0.017397432,1.011826930
55.750000000,0.001877591,-0.037156911,1.002180416
55.755000000,0.027194700,-0.016347335,0.996246687
55.760000000,-0.033995171,0.043031419,1.011581564
55.765000000,0.042109833,0.009546615,1.011403266
55.770000000,0.069050309,0.016738843,0.998259587
55.775000000,-0.009165781,0.002166480,1.018526239
55.780000000,-0.006217200,-0.025963115,1.009926969
55.785000000,0.017111358,-0.013979292,0.995823053
55.790000000,0.023262327,-0.014855292,1.010586926
55.795000000,0.019351485,0.025551555,1.006780061
55.800000000,-0.009460197,0.005595336,1.003721437
55.805000000,0.016273518,-0.028087900,1.006215052
55.810000000,0.037655097,0.024058974,1.002567461
55.815000000,0.008693500,0.018335620,1.006346393
55.820000000,0.008579637,-0.039674745,1.013426299
55.825000000,0.009123319,-0.006952341,1.002186743
55.830000000,-0.017701479,0.041740516,0.997651668
55.835000000,0.017553939,-0.031810516,1.008590972
55.840000000,0.005720924,-0.014978676,1.002977196
55.845000000,0.014041193,0.050405267,1.004715112
55.850000000,0.026160705,-0.000424462,1.016145316
55.855000000,-0.062732367,-0.004008695,1.003439329
55.860000000,0.022909763,0.006361972,0.997160813
55.865000000,0.031024361,0.000770148,1.011601561
55.870000000,-0.053896333,0.018217898,1.003257162
55.875000000,0.016622884,-0.000023359,1.002874272
55.880000000,-0.004182452,-0.068321415,1.011657672
55.885000000,-0.026482429,-0.049335359,1.005320114
55.890000000,0.034816606,0.033806855,1.002589529
55.895000000,-0.021702456,0.021570248,1.001465177
55.900000000,-0.012130487,-0.019408033,1.004950545
55.905000000,0.070829171,-0.004414287,1.002215323
55.910000000,-0.063982934,0.026648934,1.007113720
55.915000000,-0.012550670,-0.026980933,1.019434907
55.920000000,0.050700858,-0.050097066,1.010114699
55.925000000,-0.037313859,-0.003471797,0.998729215
55.930000000,0.038095175,0.005431175,1.007854637
55.935000000,-0.018095658,-0.025925530,1.013962177
55.940000000,-0.006764049,-0.001332743,0.997653167
55.945000000,-0.012869414,0.045518309,1.010139540
55.950000000,-0.016120475,-0.063179504,1.004759895
55.955000000,0.047663451,-0.011644367,0.997864179
55.960000000,-0.060939811,0.060009582,1.011849144
55.965000000,0.041550611,-0.044435382,0.998741240
55.970000000,0.053912269,-0.005524808,1.011940292
55.975000000,-0.027198766,0.020109143,1.011206552
55.980000000,0.013968739,0.011132746,0.998470341
55.985000000,-0.022397372,-0.038422211,1.006285683
55.990000000,0.012736630,-0.015207915,1.010976279
55.995000000,-0.013976912,0.016853060,1.006371701
56.000000000,-0.005385059,-0.042004325,1.006490320
56.005000000,0.037121067,0.032397144,1.021410002
56.010000000,-0.013751773,0.009674208,1.005356994
56.015000000,0.047655560,-0.020449655,1.003086000
56.020000000,-0.022861547,0.001891694,1.008676142
56.025000000,-0.063718921,0.029980852,1.001142652
56.030000000,0.094031156,0.008530792,1.002233883
56.035000000,0.019888116,-0.035879327,1.001510121
56.040000000,0.003130200,0.072135540,1.018113814
56.045000000,0.021616922,-0.003960894,1.010066012
56.050000000,-0.063715508,-0.051859915,1.003930935
56.055000000,0.049916675,0.038154644,1.003297523
56.060000000,0.006631890,0.026306655,0.998581988
56.065000000,-0.084152402,-0.011897467,1.011050003
56.070000000,0.036051153,-0.028959604,1.007927159
56.075000000,0.013972718,-0.001295365,1.006104044
56.080000000,-0.016400986,-0.005832712,0.999462129
56.085000000,0.031060933,0.053134649,1.007970788
56.090000000,-0.003205704,-0.004969170,1.009150205
56.095000000,0.025082753,-0.070526539,1.000866361
56.100000000,0.010164820,0.022960108,1.005150228
56.105000000,0.005339061,-0.010552322,1.003733625
56.110000000,0.025933991,-0.020615871,1.005703101
56.115000000,-0.028171453,0.000870942,1.000024093
56.120000000,0.012223816,0.031718509,1.008640881
56.125000000,-0.052507221,0.003189026,1.005828464
56.130000000,0.026132449,-0.050343481,1.006726604
56.135000000,0.105103511,0.004669283,1.011375009
56.140000000,-0.003974907,-0.023159735,0.990170750
56.145000000,0.016425163,0.012483625,1.001518534
56.150000000,-0.029228422,0.005138728,1.008365525
56.155000000,0.023773078,-0.048107981,0.997404937
56.160000000,0.012217949,0.022044852,1.011681802
56.165000000,0.004059080,-0.016678795,1.010739461
56.170000000,0.028077215,-0.012799758,1.002780922
56.175000000,-0.011454638,0.021518017,1.011810188
56.180000000,0.023229838,-0.046429348,1.007153277
56.185000000,-0.073239161,-0.019090746,1.001696536
56.190000000,0.028088257,0.023947383,1.003899708
56.195000000,-0.025627521,0.002540130,1.018394936
56.200000000,-0.071126825,-0.016458426,1.011632446
56.205000000,0.071323588,-0.002689191,0.992612792
56.210000000,-0.012270805,-0.003959162,1.013767729
56.215000000,0.050960127,-0.007021218,1.001561173
56.220000000,0.020591154,0.020139786,1.004915097
56.225000000,-0.025234190,-0.017134474,1.015567391
56.230000000,-0.018555251,-0.026215532,0.994191434
56.235000000,0.000725351,0.006314392,1.011017055
56.240000000,0.043362887,0.015348632,1.004761895
56.245000000,-0.010872162,0.009128381,1.002811675
56.250000000,0.041757214,-0.030058551,1.012509550
56.255000000,-0.011520612,-0.018485403,0.998828286
56.260000000,-0.011002992,-0.020387274,0.999027765
56.265000000,0.010057794,-0.000042074,1.015822940
56.270000000,-0.015819810,0.042028302,1.012244700
56.275000000,0.032518419,0.016597817,1.001062206
56.280000000,-0.052422760,0.042625736,1.011504419
56.285000000,-0.017306131,-0.000074033,1.005612147
56.290000000,0.040764079,-0.042851862,1.004046746
56.295000000,-0.023258589,0.010124452,1.003647059
56.300000000,-0.001398726,-0.021608695,1.007519191
56.305000000,-0.022925651,-0.023477779,1.013044634
56.310000000,0.011698634,0.031215664,1.006010595
56.315000000,0.074618504,0.013153817,1.007066931
56.320000000,-0.037554910,-0.019988078,0.991423355
56.325000000,0.016763429,-0.026796310,1.012343324
56.330000000,0.029270609,0.025962475,1.013946934
56.335000000,-0.044211051,0.031252131,1.005374585
56.340000000,0.063358095,-0.053956527,1.013575123
56.345000000,0.006550450,-0.020861452,0.993754588
56.350000000,-0.058466919,0.008694957,1.008572085
56.355000000,0.021814833,0.017101458,1.011541950
56.360000000,0.024300349,0.009533451,1.005840515
56.365000000,-0.040966391,-0.052888721,1.001948624
56.370000000,0.038746255,0.037516168,1.002641864
56.375000000,0.040288237,0.024276136,1.014641541
56.380000000,-0.009063506,-0.038120137,0.996983432
56.385000000,0.069939793,-0.030339643,1.003613385
56.390000000,-0.057978581,-0.014647919,1.004426237
56.395000000,-0.030117664,0.065533350,0.996047880
56.400000000,0.026283745,-0.031444047,1.011959527
56.405000000,-0.006006042,-0.014509740,1.008699630
56.410000000,0.022959577,0.057274116,0.995838057
56.415000000,-0.031918707,-0.020525211,1.007766324
56.420000000,0.060129239,-0.003588508,1.013769054
56.425000000,-0.000810989,-0.048931370,1.005860796
56.430000000,-0.048019181,0.007102458,1.007440977
56.435000000,0.020553138,0.043850147,1.009436816
56.440000000,0.033043700,-0.061763440,1.012745996
56.445000000,0.022831461,-0.042786912,1.004895024
56.450000000,-0.072532044,-0.023157730,0.996838411
56.455000000,0.017442896,0.034073981,0.999480201
56.460000000,0.022678744,0.018550927,1.009418088
56.465000000,-0.060062061,-0.044185187,1.004406324
56.470000000,0.000553360,0.031271330,1.000528200
56.475000000,0.028359508,0.019390505,1.011927580
56.480000000,0.005884774,0.004931783,1.007808901
56.485000000,-0.000225400,0.021027957,1.007841409
56.490000000,0.038621656,-0.054957775,1.000857764
56.495000000,0.012112414,-0.033890075,0.998800864
56.500000000,-0.002621438,0.050293214,1.005539794
56.505000000,-0.007639555,0.004196745,1.014447834
56.510000000,0.000775144,-0.008917607,1.017562903
56.515000000,0.042044551,0.028727015,1.000934992
56.520000000,-0.021117184,-0.036123735,1.000877240
56.525000000,0.004780611,-0.031973387,1.007767965
56.530000000,0.038771240,0.001054995,1.008383838
56.535000000,-0.040844683,0.004776158,0.997329458
56.540000000,0.047595935,0.012390312,0.993813080
56.545000000,0.054297800,0.010542348,1.011673558
56.550000000,-0.023444201,0.030844993,1.012577181
56.555000000,0.026846680,-0.031072141,1.004140516
56.560000000,-0.004755569,-0.038620990,1.005458371
56.565000000,0.026320788,0.002055109,1.004655327
56.570000000,0.019237004,0.003554617,1.005557298
56.575000000,-0.034849445,-0.013145331,1.017701961
56.580000000,-0.004311422,-0.032367715,1.009465126
56.585000000,0.012563511,-0.014889330,1.002650713
56.590000000,-0.010690566,0.000262961,1.011084159
56.595000000,-0.068287978,0.007782301,1.011729505
56.600000000,0.019960661,-0.059645596,1.004784016
56.605000000,-0.006796486,-0.001161517,1.004063827
56.610000000,-0.040817007,0.034622599,1.019901018
56.615000000,0.037551723,0.002234811,1.001700471
56.620000000,0.015748269,0.046598441,1.001735027
56.625000000,0.020293217,-0.035075553,1.014206384
56.630000000,0.036076488,0.014659327,0.998060019
56.635000000,0.059116150,0.021451719,1.010320595
56.640000000,-0.052408742,0.022256530,1.010862964
56.645000000,-0.038178064,0.046612053,1.001079990
56.650000000,0.035977288,-0.050101475,1.008416433
56.655000000,-0.014140874,-0.004449432,1.002548763
56.660000000,0.011138875,-0.019013702,0.996637648
56.665000000,-0.012344175,0.023910914,1.004122125
56.670000000,0.039609232,0.006301146,1.005350964
56.675000000,-0.000535685,-0.019517452,1.010749473
56.680000000,-0.026390283,0.027596004,1.007460755
56.685000000,0.016590237,-0.053871265,0.998577865
56.690000000,0.004061911,-0.000815724,1.000123731
56.695000000,0.052627878,-0.002855468,0.994637082
56.700000000,-0.034212272,0.004374692,1.005312880
56.705000000,-0.015747116,-0.010254918,1.010060540
56.710000000,0.031142734,-0.060125719,1.010537460
56.715000000,-0.025151114,0.041171543,1.011865444
56.720000000,0.001875087,0.027856940,1.003999748
56.725000000,0.017080394,-0.010138448,1.000171075
56.730000000,0.023922473,-0.030536987,0.999711811
56.735000000,0.005249990,-0.009369111,1.013216007
56.740000000,0.019209279,0.018810254,1.006915932
56.745000000,0.013703351,-0.055465869,1.005576422
56.750000000,-0.058645848,0.017043292,1.003328440
56.755000000,-0.002843437,0.061611944,1.003722232
56.760000000,0.043137465,-0.077708688,1.016298075
56.765000000,-0.019526732,-0.018016825,0.996937663
56.770000000,0.008961312,-0.006207755,1.008001639
56.775000000,-0.000861134,-0.053803273,1.012223210
56.780000000,0.003759141,0.065396747,0.994088779
56.785000000,0.027859251,-0.057818915,1.007132591
56.790000000,-0.048954459,-0.061120770,1.012932169
56.795000000,-0.034885213,0.055163387,1.010228819
56.800000000,0.021796460,-0.009106393,1.000378443
56.805000000,0.032657285,0.034340803,1.005172541
56.810000000,-0.040068483,0.018842864,1.012988893
56.815000000,-0.001979261,-0.003347537,0.997021736
56.820000000,0.059458771,0.015747174,1.012976687
56.825000000,-0.017686327,-0.022346450,1.015224755
56.830000000,0.002649098,-0.002727229,1.000249353
56.835000000,-0.004078678,0.020754357,1.015492710
56.840000000,0.032000525,-0.023108431,0.999133289
56.845000000,0.060272527,0.005019862,1.009497762
56.850000000,-0.004973809,0.025799356,1.012421117
56.855000000,-0.014539499,-0.005775170,0.999645852
56.860000000,0.012570140,0.037705278,1.011897786
56.865000000,0.036146162,0.006796755,0.994392016
56.870000000,-0.004589146,-0.031604083,1.013829985
56.875000000,-0.036194122,-0.036236289,1.009079460
56.880000000,0.000122289,-0.005366002,1.003200440
56.885000000,0.056916510,0.022270487,1.011729590
56.890000000,0.026750908,0.011958665,0.995920849
56.895000000,0.007226346,0.027235590,1.021923949
56.900000000,-0.005796284,-0.034494183,1.004421016
56.905000000,-0.000810607,-0.034709048,1.001704670
56.910000000,0.019505666,0.030546045,1.009834571
56.915000000,-0.009423746,0.036698212,0.988987046
56.920000000,0.013083105,-0.049574801,1.011018552
56.925000000,-0.025015326,-0.050750556,1.017946661
56.930000000,0.007972437,0.027281620,1.010992676
56.935000000,0.008081835,0.004423239,1.006687128
56.940000000,0.020689133,0.005057182,1.004380077
56.945000000,0.034490605,-0.007468021,0.999971827
56.950000000,-0.044740832,-0.019552214,0.993612559
56.955000000,0.030119493,-0.047194216,1.000599662
56.960000000,-0.027143556,-0.007549357,1.013667076
56.965000000,-0.017791994,0.017187522,1.000723519
56.970000000,0.004891285,0.019351704,0.998862745
56.975000000,-0.019975458,0.043848961,1.005847526
56.980000000,0.018240237,-0.056554879,1.003443096
56.985000000,-0.034156707,-0.011272716,1.015037720
56.990000000,0.022694264,-0.002935503,0.998092168
56.995000000,-0.014696810,-0.006355709,1.002123185
57.000000000,0.003529656,0.030667300,1.007611660
57.005000000,0.027279029,-0.036617041,1.010326276
57.010000000,0.000335624,0.023813273,1.009997183
57.015000000,-0.002975316,0.044908826,0.999028970
57.020000000,-0.040396325,-0.017278108,1.010314043
57.025000000,0.015466803,-0.050631193,0.993722112
57.030000000,-0.035434748,-0.024833826,1.012673499
57.035000000,0.015580989,-0.033319841,1.006911895
57.040000000,0.034944569,0.020205949,1.002013451
57.045000000,-0.004917007,0.056602278,1.022305220
57.050000000,0.023006761,-0.075575496,0.996878176
57.055000000,0.022493762,-0.044974096,1.005994714
57.060000000,0.069812440,0.029638002,1.012968260
57.065000000,-0.003719480,0.013494873,1.008878372
57.070000000,-0.031218973,-0.037039801,1.008033440
57.075000000,0.020523647,0.013193301,1.009022728
57.080000000,0.031358233,0.070135337,1.005151896
57.085000000,-0.035911319,-0.011554274,1.006163397
57.090000000,0.051235883,-0.047482792,1.007699805
57.095000000,0.043067416,-0.032323060,0.989281967
57.100000000,-0.092540221,0.049192589,1.005404098
57.105000000,0.079758401,0.024652266,1.004549739
57.110000000,-0.020841817,-0.038812131,1.010266197
57.115000000,-0.075231682,0.008230494,1.011725493
57.120000000,0.033641422,-0.013076922,1.006048206
57.125000000,0.018402960,-0.054378985,1.015780496
57.130000000,0.006849840,0.008649818,1.000377885
57.135000000,-0.031893204,0.039138004,1.005124038
57.140000000,0.082662749,-0.008607526,1.001735248
57.145000000,0.006172303,0.005775939,1.011103191
57.150000000,-0.030766703,-0.004812226,1.004501679
57.155000000,-0.026180463,0.038900338,1.001229417
57.160000000,-0.016680974,0.035492733,1.009914100
57.165000000,0.070573793,-0.019448870,0.999431391
57.170000000,-0.030926013,-0.008494045,1.019085809
57.175000000,0.061349140,-0.048366579,1.003252984
57.180000000,-0.028730501,0.015561638,1.005967341
57.185000000,-0.060619993,-0.005399527,1.016649228
57.190000000,0.080633751,-0.024141660,0.999425337
57.195000000,-0.030066765,0.016005893,1.002017026
57.200000000,0.005370524,-0.019003437,1.003900509
57.205000000,-0.022082537,0.016272968,1.004899781
57.210000000,-0.006553489,-0.005230576,0.998734607
57.215000000,0.035997629,0.018005467,1.008421262
57.220000000,-0.001030980,-0.033900425,1.005266534
57.225000000,0.022376145,-0.030105374,1.004868350
57.230000000,-0.028471410,0.068570132,1.019146484
57.235000000,0.039893459,-0.039699458,1.005616551
57.240000000,-0.027102750,-0.000980275,0.999889211
57.245000000,-0.053482347,0.040179274,1.006165641
57.250000000,0.048703192,-0.016781692,1.007088443
57.255000000,-0.029471399,0.002291241,1.008328599
57.260000000,0.033321539,-0.056781889,1.010193773
57.265000000,0.018341518,-0.029981608,1.002588260
57.270000000,-0.013793927,0.035411430,1.002476239
57.275000000,0.068045880,0.005079448,1.012634610
57.280000000,0.002093798,-0.039004073,1.006010706
57.285000000,-0.015261196,-0.016514659,1.005026181
57.290000000,-0.013313563,0.008932955,1.010571954
57.295000000,0.001413742,-0.031357912,1.009716016
57.300000000,0.007057697,0.027768544,1.002315666
57.305000000,-0.011114810,0.029904638,0.999493765
57.310000000,-0.013113861,-0.003839040,1.013812559
57.315000000,-0.001395847,0.023057280,1.000010336
57.320000000,0.054168090,-0.051877381,0.992605317
57.325000000,-0.017473905,-0.015163614,1.004864231
57.330000000,-0.034931985,0.035093669,0.995788214
57.335000000,-0.002416305,-0.026674074,1.012695637
57.340000000,0.042691938,-0.013341000,1.012147386
57.345000000,0.046779620,0.002935916,1.012094428
57.350000000,-0.050260569,-0.001078517,1.008992020
57.355000000,0.055127266,0.027416359,0.993737693
57.360000000,0.011151090,-0.007601528,1.017429328
57.365000000,-0.013373911,-0.021813032,1.002458992
57.370000000,0.104530815,0.032986011,1.002288233
57.375000000,-0.006026075,-0.017776274,1.005235624
57.380000000,-0.006950831,-0.018422378,0.995325892
57.385000000,0.005983230,-0.015718644,1.012452719
57.390000000,-0.039112878,0.015006910,0.997492332
57.395000000,0.043947656,0.057382350,1.001349195
57.400000000,0.058759579,-0.068810065,1.014307678
57.405000000,-0.063172237,-0.006655435,1.008706522
57.410000000,-0.053177250,0.007587203,0.992888705
57.415000000,0.031941687,-0.024287845,1.011475204
57.420000000,-0.017624693,0.038532143,1.026646458
57.425000000,0.014708868,-0.042267489,1.001095822
57.430000000,0.008357081,0.023593114,1.001588224
57.435000000,-0.016597705,0.024755202,0.999934097
57.440000000,0.043540723,-0.030978919,1.011673847
57.445000000,-0.013811154,0.026238805,1.007046161
57.450000000,-0.038770303,-0.018647546,1.008352426
57.455000000,0.006760837,-0.030668567,1.006505226
57.460000000,0.020653070,-0.034833406,0.996157895
57.465000000,-0.011723848,-0.017583234,1.028670238
57.470000000,-0.011087373,0.007028029,0.999031702
57.475000000,0.018649148,-0.049340873,0.990926947
57.480000000,-0.010379954,0.017325010,1.020427547
57.485000000,-0.000706221,0.023987370,1.007826911
57.490000000,0.004289768,-0.066053841,1.010580202
57.495000000,-0.013604534,0.062069354,1.011625683
57.500000000,-0.016166255,0.022628323,1.004061576
57.505000000,-0.018850120,-0.057888701,1.000008305
57.510000000,0.017905006,0.042157476,1.004414472
57.515000000,-0.005727073,-0.017831438,1.004511059
57.520000000,-0.004471810,0.031949628,1.011137194
57.525000000,0.074071426,-0.005451251,1.000896203
57.530000000,-0.014746917,-0.065332138,0.995046565
57.535000000,-0.017652668,0.016773361,1.017037012
57.540000000,0.078969787,-0.039722730,1.009567253
57.545000000,-0.001327724,0.047411823,1.006683624
57.550000000,0.003295302,0.030689039,1.008869909
57.555000000,0.015994690,-0.002356578,0.998329894
57.560000000,-0.011927284,0.021869311,1.002866236
57.565000000,-0.003233419,-0.042683671,1.014226548
57.570000000,-0.014159028,0.007126236,1.008032596
57.575000000,0.004571811,-0.015939021,1.000727492
57.580000000,-0.028206053,0.040086264,1.005510547
57.585000000,0.023237851,0.019485315,1.005217765
57.590000000,-0.004567196,-0.023338431,1.007233559
57.595000000,-0.032680588,-0.002029040,1.003895704
57.600000000,0.054624296,-0.064429801,1.007870238
57.605000000,-0.029286340,0.031286102,1.002362421
57.610000000,0.019062319,0.028970409,1.001998993
57.615000000,0.047696823,0.018593881,1.011240501
57.620000000,-0.017095806,-0.009859285,1.008518139
57.625000000,0.033932733,-0.018463675,1.004512131
57.630000000,-0.003889420,0.036900602,1.003155150
57.635000000,0.008292224,-0.039688567,1.009949419
57.640000000,-0.001219012,-0.014626395,1.006849528
57.645000000,-0.065129294,-0.014537164,1.003487202
57.650000000,0.017175474,0.035644985,1.007081945
57.655000000,0.087069981,-0.021251112,1.000002894
57.660000000,0.023260054,-0.036501392,0.998126063
57.665000000,0.025983814,0.057919697,1.012559764
57.670000000,0.032442751,-0.058720696,1.006256096
57.675000000,-0.025636629,0.004463018,1.002249161
57.680000000,0.029868740,0.013940379,1.015969095
57.685000000,0.020226060,-0.055084200,1.002932314
57.690000000,-0.002449298,-0.051171838,1.004525570
57.695000000,-0.030701736,0.038516015,1.006746230
57.700000000,-0.052717096,0.025570263,1.010011085
57.705000000,0.060426901,-0.075871423,1.007772882
57.710000000,0.056252721,0.072025085,0.994149411
57.715000000,-0.029704889,-0.007198521,1.010428702
57.720000000,-0.050899748,-0.012918514,1.009744218
57.725000000,0.003375061,-0.022040177,1.008277826
57.730000000,-0.012556989,-0.043230755,0.999198166
57.735000000,-0.019081848,0.110479096,1.001646320
57.740000000,-0.015875772,-0.070471548,1.013984844
57.745000000,-0.035604323,-0.033790208,1.003324052
57.750000000,0.062231299,0.039222146,1.012031528
57.755000000,-0.018334491,-0.023096149,1.007088625
57.760000000,0.007567835,0.011001414,1.010276405
57.765000000,0.062386112,-0.049600499,1.005799518
57.770000000,-0.062960543,0.006999283,1.001849783
57.775000000,-0.001093057,0.054566307,1.008950880
57.780000000,0.052930770,0.013916874,1.001236226
57.785000000,0.046014502,-0.028795015,1.010737587
57.790000000,-0.042181256,-0.015139738,1.003237168
57.795000000,-0.039283824,0.001346864,1.007336966
57.800000000,0.039498699,-0.002758971,1.011909987
57.805000000,-0.010614478,-0.020707782,1.000449411
57.810000000,-0.010482257,-0.028950658,1.008939277
57.815000000,0.008112819,0.029328426,1.014265462
57.820000000,0.002043220,0.016592704,1.007283133
57.825000000,-0.010801698,0.013191135,1.000613382
57.830000000,0.051964662,-0.005912597,1.005878717
57.835000000,0.013057738,-0.017795150,1.000745538
57.840000000,-0.006333750,0.026995955,1.010861722
57.845000000,0.017159973,-0.001330060,1.009372910
57.850000000,-0.026989531,-0.044301776,0.997548976
57.855000000,0.047295059,0.018867940,1.003183730
57.860000000,-0.036090782,0.026806688,0.999235310
57.865000000,-0.012102551,-0.023286999,1.008496685
57.870000000,0.049726528,0.023402984,1.005132797
57.875000000,-0.025107228,-0.040435944,1.002146396
57.880000000,0.012585964,-0.039517546,1.017292483
57.885000000,-0.031374906,0.025111936,1.006852723
57.890000000,-0.012772742,0.009185477,0.995026054
57.895000000,-0.030454581,-0.005051270,1.010469482
57.900000000,-0.001340250,-0.048761952,1.012703905
57.905000000,0.105861887,0.002833317,1.003543865
57.910000000,-0.012780269,0.014911547,1.011555526
57.915000000,-0.054989480,-0.024830801,0.999021398
57.920000000,0.085240171,-0.032346645,1.003653475
57.925000000,0.039164987,-0.007626902,1.014104119
57.930000000,-0.046689472,0.029366032,1.007452125
57.935000000,0.040973629,0.011568187,1.011343624
57.940000000,-0.035931236,-0.031699444,1.004792266
57.945000000,-0.023526476,-0.043165984,1.001486766
57.950000000,0.042058965,0.021580228,1.015114574
57.955000000,-0.015319877,0.021478688,1.005921471
57.960000000,0.038524365,0.009819364,0.989203669
57.965000000,-0.022476223,0.030563065,1.015399791
57.970000000,-0.000521960,0.049356775,1.012066376
57.975000000,0.004761031,-0.001950419,0.998112549
57.980000000,-0.041357071,-0.026552067,1.008365084
57.985000000,0.017604527,0.019584788,0.994155043
57.990000000,-0.002332296,-0.049447570,1.003720798
57.995000000,0.029491554,-0.026760559,1.016824432
58.000000000,0.021710608,-0.004175145,1.012823874
58.005000000,0.008412720,0.028455360,1.004989235
58.010000000,0.025442136,0.033255927,0.999483490
58.015000000,0.037869440,0.001223992,1.008766240
58.020000000,0.030807174,0.043723089,1.007609231
58.025000000,-0.021516618,-0.056050858,1.002225026
58.030000000,-0.000464481,-0.024494135,1.005990855
58.035000000,-0.000374443,0.029602951,1.010895913
58.040000000,-0.022680948,-0.026621475,1.003503297
58.045000000,-0.052173451,-0.012377271,1.000216015
58.050000000,-0.002715573,0.016543600,1.002473282
58.055000000,0.056622195,0.001804443,1.017447532
58.060000000,0.010727089,-0.052980090,1.009993192
58.065000000,0.002026211,0.002795682,0.980207784
58.070000000,0.020819836,0.055489289,1.010262899
58.075000000,-0.000751805,0.032277676,1.007608563
58.080000000,0.009762121,-0.051941287,0.998338636
58.085000000,0.053291101,-0.077775431,1.013866375
58.090000000,-0.032416406,-0.017634478,1.001964445
58.095000000,-0.038011001,0.012787861,1.011869920
58.100000000,0.057456826,-0.008212001,1.007640169
58.105000000,0.025569274,-0.001196248,0.996836546
58.110000000,-0.013634486,0.012463996,1.005322232
58.115000000,-0.009657614,-0.066154340,1.002898315
58.120000000,0.021377659,0.057439075,1.000437420
58.125000000,-0.026214490,0.022013934,1.008512821
58.130000000,-0.009192184,-0.103297040,1.007891896
58.135000000,0.040463935,0.022249546,1.009959652
58.140000000,-0.038908348,-0.006246722,1.004834759
58.145000000,0.006590621,-0.008847648,0.994435204
58.150000000,0.015890445,0.012028353,1.016789104
58.155000000,-0.023873606,0.038947687,1.001581036
58.160000000,0.010934168,-0.005255999,0.998542040
58.165000000,-0.020207279,-0.076007640,1.020139708
58.170000000,-0.013272886,0.016971546,1.002619650
58.175000000,-0.000250652,-0.009929407,1.012495644
58.180000000,0.056946456,0.035841569,1.015010518
58.185000000,0.059190222,0.049520951,1.014143786
58.190000000,-0.033285535,-0.070404435,1.016662950
58.195000000,0.022488265,-0.001487349,0.998137322
58.200000000,-0.027063153,0.025494745,1.000300819
58.205000000,-0.035311689,-0.039619419,1.005710589
58.210000000,0.015862111,0.040726329,1.015769366
58.215000000,-0.063137251,-0.005176651,1.008420513
58.220000000,0.025347409,-0.035141691,1.002706888
58.225000000,-0.004653969,0.047412513,1.012780048
58.230000000,-0.036179376,-0.065219349,1.001220856
58.235000000,0.014888232,-0.001467056,1.005072273
58.240000000,-0.015198113,0.069734765,1.010538414
58.245000000,0.055663312,-0.000575894,1.006672857
58.250000000,-0.005902365,-0.014873189,1.005704264
58.255000000,-0.033067408,-0.009714664,1.000367485
58.260000000,0.033694308,0.051113869,1.010949518
58.265000000,0.039712522,-0.016788678,1.009835897
58.270000000,-0.023521187,-0.027840351,0.995698150
58.275000000,-0.049820973,-0.009821637,0.996320215
58.280000000,0.030812938,-0.002763621,1.004536916
58.285000000,0.028064326,-0.031295698,1.005856099
58.290000000,0.055033994,-0.029562876,1.003090836
58.295000000,-0.029452424,0.079030233,0.999165505
58.300000000,-0.044435130,-0.023600896,1.011776230
58.305000000,0.069181106,-0.025400137,1.013375276
58.310000000,0.058739842,-0.012681034,0.989293753
58.315000000,0.049415187,-0.015465116,1.005280618
58.320000000,-0.018877527,0.024391105,1.012884133
58.325000000,-0.005716983,-0.006148849,1.001954368
58.330000000,0.026229698,0.067091015,1.009513676
58.335000000,0.020709488,-0.020691182,0.999481990
58.340000000,-0.002432828,-0.019447777,1.014051200
58.345000000,0.021978111,0.029516215,1.012399706
58.350000000,0.021983341,-0.024134161,0.994128276
58.355000000,-0.080704573,0.005097036,1.007920710
58.360000000,0.044149050,-0.017238578,1.001797835
58.365000000,0.049007090,-0.004170758,1.002430234
58.370000000,0.005740912,-0.006852890,1.010236023
58.375000000,-0.009766322,0.000786771,1.002230764
58.380000000,-0.051405706,-0.008678878,1.011115176
58.385000000,0.045163222,-0.011053674,1.011778795
58.390000000,-0.007675576,0.046723411,0.996409766
58.395000000,0.001598015,-0.000922140,1.005284182
58.400000000,-0.013454854,-0.022475594,1.013355383
58.405000000,-0.024856746,0.008316038,1.007859275
58.410000000,0.020183399,-0.019817632,1.010653450
58.415000000,-0.006600571,-0.051839849,1.007225899
58.420000000,0.016330182,-0.030039821,1.007379343
58.425000000,0.003830874,0.006973531,0.998312549
58.430000000,0.031734164,0.027568561,0.999883492
58.435000000,-0.036524563,-0.026477759,1.013437430
58.440000000,-0.009889228,-0.037072478,1.012566187
58.445000000,0.022937647,-0.009441147,1.005178235
58.450000000,0.009519144,-0.006009866,1.003653026
58.455000000,0.054038833,0.065978348,1.006291435
58.460000000,-0.069292199,-0.014385777,1.003679074
58.465000000,0.013617484,-0.035877830,1.005963820
58.470000000,0.032728818,0.017967802,1.003692039
58.475000000,0.022408452,-0.024307821,1.014815173
58.480000000,0.028047573,-0.002538501,1.004212251
58.485000000,-0.079333244,-0.010829429,0.999534728
58.490000000,-0.008931943,0.027703763,1.015645978
58.495000000,-0.057040330,-0.022062199,0.998085129
58.500000000,0.023845480,-0.011413429,1.015440551
58.505000000,0.023018687,0.061800850,1.009537136
58.510000000,-0.065636565,-0.062377915,1.000904454
58.515000000,0.049772700,0.008029875,1.007431908
58.520000000,-0.007520402,0.017065175,1.000502459
58.525000000,0.028454859,-0.041047499,1.001969859
58.530000000,0.014208116,0.019805552,1.003827840
58.535000000,-0.026998786,-0.027869437,1.024600808
58.540000000,0.029125287,0.024448861,1.001245913
58.545000000,-0.026466167,-0.020769568,1.004105788
58.550000000,0.009911734,-0.026991893,1.005421626
58.555000000,0.030953297,0.057784383,1.003146438
58.560000000,-0.021053705,-0.076554238,1.021537438
58.565000000,-0.008040016,-0.028543820,0.987262363
58.570000000,0.027839907,0.025326956,1.009620470
58.575000000,0.011122427,-0.027386287,1.006437609
58.580000000,0.026937008,0.034796238,1.003309189
58.585000000,0.014002779,0.006129262,1.018692951
58.590000000,0.011150627,-0.015767645,1.002050377
58.595000000,0.038066393,-0.007019084,1.012962393
58.600000000,-0.053374607,0.010603806,0.995519391
58.605000000,-0.008737405,0.012499273,1.000647396
58.610000000,0.041865564,-0.005262360,1.005143325
58.615000000,0.006102444,0.009426332,1.010396755
58.620000000,-0.021833770,-0.010174408,1.013511205
58.625000000,-0.011980212,-0.009351684,1.006111427
58.630000000,0.089581975,-0.000640152,1.011923471
58.635000000,0.040815834,0.029318412,0.994212820
58.640000000,-0.022761027,0.011451269,1.006294038
58.645000000,0.001360013,0.007631466,1.002342396
58.650000000,0.035826861,0.003073575,1.008509445
58.655000000,-0.021709134,-0.041886182,1.008785345
58.660000000,-0.069391413,0.010424476,0.989861981
58.665000000,0.023102503,0.007854336,1.009679740
58.670000000,0.032265457,0.007825394,1.012923334
58.675000000,0.040817485,0.026998447,1.007606978
58.680000000,-0.008077825,0.016024979,1.004762298
58.685000000,-0.032230568,-0.010493838,1.012781804
58.690000000,-0.001859365,-0.031272534,0.999189301
58.695000000,-0.032676713,-0.014636827,0.995685962
58.700000000,0.037431626,-0.011751799,1.014801184
58.705000000,-0.033823908,0.033734039,1.006616379
58.710000000,-0.034159088,0.034787024,0.995390950
58.715000000,0.124490006,0.026896732,0.994912903
58.720000000,0.021558648,-0.037709476,1.007482356
58.725000000,-0.042357210,-0.037142355,1.006098797
58.730000000,0.036241722,0.029638502,1.008926139
58.735000000,-0.009571812,-0.045939225,1.003059505
58.740000000,-0.034324601,0.006206791,1.002244140
58.745000000,-0.001308672,-0.003622187,1.011677447
58.750000000,0.011161060,-0.027878022,1.007073658
58.755000000,0.045734041,0.023233878,1.017464053
58.760000000,0.010379885,-0.034477588,0.996429258
58.765000000,-0.029147130,-0.018552668,1.003185041
58.770000000,-0.016226253,-0.006141672,1.024742496
58.775000000,-0.004978989,-0.022302308,0.996960412
58.780000000,0.012614837,-0.060192150,1.007248082
58.785000000,0.008194231,-0.041345159,1.020632331
58.790000000,-0.010803583,0.021585032,1.014175932
58.795000000,-0.032839450,-0.040608591,1.002902522
58.800000000,0.006717181,-0.012059330,0.995164798
58.805000000,0.063946384,0.059282060,1.012780295
58.810000000,0.016002356,-0.004496041,1.009257429
58.815000000,-0.024851083,0.049914516,1.005270804
58.820000000,0.034589233,-0.012818120,1.011482866
58.825000000,0.014478751,-0.123108542,1.001638252
58.830000000,-0.016240679,0.075463795,1.002533351
58.835000000,-0.006155047,0.027802192,1.005772997
58.840000000,-0.053619610,-0.043026745,1.012124208
58.845000000,0.045255684,0.006502646,1.008294288
58.850000000,0.048710111,-0.048632108,1.000161407
58.855000000,-0.031020086,0.027209389,1.000830660
58.860000000,0.013484343,0.001835398,0.998890526
58.865000000,-0.054417592,0.002586090,1.008790482
58.870000000,-0.011652778,0.038607669,1.002206798
58.875000000,0.079888567,0.024130683,1.005260203
58.880000000,-0.002247429,0.025733939,1.018312417
58.885000000,-0.020573649,0.020649430,1.003035158
58.890000000,0.005987119,0.008120362,0.995727712
58.895000000,-0.019117788,-0.042416163,1.013757054
58.900000000,-0.002634056,0.000046958,1.005745193
58.905000000,0.015879810,-0.006112224,0.992518045
58.910000000,0.001873644,-0.001189415,1.008860746
58.915000000,0.015207168,0.015679882,0.996687191
58.920000000,0.025326639,0.019664479,1.002690797
58.925000000,0.001446384,-0.017061369,1.010870526
58.930000000,0.000995627,-0.070476073,0.999432936
58.935000000,0.024760828,0.030998937,1.009233591
58.940000000,-0.037903836,-0.015662769,1.002379571
58.945000000,-0.014773371,-0.033746609,1.015405264
58.950000000,0.032711945,0.019498063,1.006151001
58.955000000,-0.027645898,-0.023913223,0.999140911
58.960000000,0.019953578,-0.024501187,1.013121133
58.965000000,0.038158067,-0.000492338,1.003206600
58.970000000,-0.003264762,0.004605218,1.011405897
58.975000000,0.019285904,0.000503314,1.005859828
58.980000000,0.025623457,0.033183425,1.007779332
58.985000000,-0.026837434,-0.003765292,1.008422763
58.990000000,0.015365692,-0.002860547,1.001187754
58.995000000,0.037952319,-0.010387696,1.004272895
59.000000000,-0.052526495,-0.029115212,1.004947002
59.005000000,0.025017333,0.011154820,1.013718151
59.010000000,0.045082644,-0.011458856,1.009798229
59.015000000,0.003496216,0.021192150,1.007069213
59.020000000,0.001399304,0.021740549,1.005362010
59.025000000,-0.034297975,-0.039110564,1.001974623
59.030000000,-0.000617556,-0.013550540,1.007357557
59.035000000,0.025290940,0.025590783,1.008721675
59.040000000,0.019225568,-0.071000350,0.998594427
59.045000000,0.019754933,-0.008812019,1.003512718
59.050000000,0.020688834,0.083605988,1.008958374
59.055000000,-0.016355675,-0.023079906,1.009892291
59.060000000,-0.000692898,-0.013233036,1.012457581
59.065000000,-0.028128647,-0.012620526,1.003945477
59.070000000,-0.019277684,0.021879051,1.007995932
59.075000000,0.032216503,0.008239164,1.007699064
59.080000000,0.004387814,-0.013486946,1.004211700
59.085000000,0.049448300,0.016742946,1.003319439
59.090000000,-0.015049223,-0.021498712,1.008263893
59.095000000,0.011588590,0.034224353,1.012139069
59.100000000,-0.015409945,-0.004423674,0.992238201
59.105000000,-0.059290203,-0.004537198,1.009916566
59.110000000,0.070679259,-0.000538036,1.011827294
59.115000000,-0.021998153,-0.010953001,1.001538657
59.120000000,-0.016899532,0.034907326,1.018221614
59.125000000,-0.010286573,-0.053314452,1.000749973
59.130000000,-0.011271965,-0.015535859,0.993008126
59.135000000,0.012988557,0.030323565,1.006522936
59.140000000,-0.037386322,-0.036934126,0.999873972
59.145000000,0.032158932,0.026703154,1.004038265
59.150000000,-0.005587781,0.007745359,1.013719357
59.155000000,0.006149648,-0.093490455,1.003937442
59.160000000,0.053075116,0.055830560,1.011451534
59.165000000,0.032397744,0.034726870,1.003490608
59.170000000,-0.041267103,-0.072327041,1.001476808
59.175000000,-0.008872384,0.012720540,1.010998569
59.180000000,0.066785443,-0.021450345,0.998351001
59.185000000,-0.034079854,0.007851033,1.009107490
59.190000000,0.012583483,-0.010306854,1.003673827
59.195000000,0.018810547,-0.000751438,1.003016600
59.200000000,-0.019316195,0.018694519,1.011038336
59.205000000,0.002009743,-0.025968600,1.002023955
59.210000000,-0.013340053,0.022765018,1.004814531
59.215000000,-0.003626341,-0.027549240,1.010811824
59.220000000,-0.005077875,-0.013737293,1.009011626
59.225000000,0.037193922,-0.029326976,0.996383303
59.230000000,-0.013818442,-0.025755608,1.014265588
59.235000000,-0.003746642,0.010083800,1.005550580
59.240000000,0.038234332,-0.016285093,0.996154440
59.245000000,-0.006656346,0.011617419,1.019424791
59.250000000,0.041781703,-0.005024081,0.993678078
59.255000000,0.042471023,-0.005429768,1.004395458
59.260000000,-0.008610256,-0.041644342,1.022292807
59.265000000,-0.052656886,-0.007120603,1.002042602
59.270000000,-0.015086609,0.030713602,1.005183281
59.275000000,0.055743360,-0.022725522,1.004124506
59.280000000,-0.015221601,-0.023007882,1.018416993
59.285000000,0.009249702,0.031912589,1.012954547
59.290000000,0.074128537,0.042901531,0.992949848
59.295000000,-0.020783197,-0.046632627,1.008858869
59.300000000,-0.002244431,0.020723765,1.017412383
59.305000000,0.013451705,0.016037696,1.004383457
59.310000000,-0.033725504,-0.034129435,0.989030730
59.315000000,0.006984222,0.072485587,1.013821815
59.320000000,-0.014503471,-0.002719368,1.011246062
59.325000000,-0.006407194,-0.055601230,0.992781535
59.330000000,-0.004313193,0.025327491,1.009255196
59.335000000,0.016324888,0.034161138,0.997671133
59.340000000,0.047177452,-0.016218976,1.007985785
59.345000000,-0.022432441,-0.031341329,1.015189797
59.350000000,-0.021416277,0.025153278,1.002588342
59.355000000,-0.021580442,-0.010649938,1.003211203
59.360000000,0.001598382,-0.037477269,1.009678976
59.365000000,0.020224571,0.035200943,1.015547079
59.370000000,-0.015347670,0.041266337,0.995626055
59.375000000,0.013764626,0.003305979,1.006293435
59.380000000,0.040560214,-0.033639664,1.002376729
59.385000000,-0.025512788,0.029783050,1.009368465
59.390000000,-0.029975292,0.040129825,1.009728105
59.395000000,0.051996054,-0.019959975,0.994636272
59.400000000,-0.019613067,0.023659297,1.024073874
59.405000000,0.004663234,-0.041711680,0.993394907
59.410000000,0.015207222,0.010607496,0.996621735
59.415000000,-0.026365120,0.014087595,1.013841689
59.420000000,0.062601954,-0.078092677,0.997703590
59.425000000,-0.037357516,0.048272923,1.013034690
59.430000000,0.004021178,-0.039498870,1.007632930
59.435000000,0.049195662,-0.061138215,1.000702413
59.440000000,-0.061886256,0.035949122,1.002330788
59.445000000,-0.013718072,-0.015176389,1.008525597
59.450000000,0.008122075,0.006985435,1.003451242
59.455000000,0.061987791,-0.045770306,1.010581127
59.460000000,0.010626371,-0.012961305,1.004160838
59.465000000,-0.017496702,0.073936756,0.999682248
59.470000000,0.042341365,0.008000757,1.018438734
59.475000000,-0.024072868,-0.007490430,1.001357167
59.480000000,-0.007230897,-0.029590413,1.008320269
59.485000000,-0.007441621,-0.050390281,1.005159469
59.490000000,0.017284588,-0.027882412,1.003863880
59.495000000,0.080701150,-0.034423699,1.018804350
59.500000000,0.028384353,0.021162292,1.006707375
59.505000000,-0.048644359,0.016116981,1.008290971
59.510000000,-0.005242623,-0.046787138,1.007353812
59.515000000,0.042531979,-0.012407981,1.006812431
59.520000000,-0.015962917,0.025448156,1.002058085
59.525000000,-0.009641496,-0.020078932,1.004300000
59.530000000,0.024219092,-0.044713874,1.007660205
59.535000000,0.047868892,0.046818628,1.003965838
59.540000000,-0.021311479,0.008790941,1.006217173
59.545000000,-0.012442201,-0.012045684,1.005700355
59.550000000,0.034781973,0.028896010,1.011605469
59.555000000,-0.022030049,-0.023764200,1.011692524
59.560000000,0.010617518,0.031648402,1.007851140
59.565000000,-0.038099942,-0.023113849,0.998780454
59.570000000,-0.022290923,-0.057079553,0.998505499
59.575000000,0.021641657,0.045285819,0.999418866
59.580000000,0.000448860,0.047279578,0.997617699
59.585000000,0.006424547,-0.001023607,1.003720534
59.590000000,-0.010805127,-0.037991324,1.009127710
59.595000000,-0.012927400,-0.005065855,1.018191081
59.600000000,-0.003851149,0.015355791,1.013611279
59.605000000,0.084431824,0.019048468,1.000815522
59.610000000,-0.006189361,-0.006829508,0.997171846
59.615000000,0.000525385,-0.018076533,1.009875033
59.620000000,0.035161847,-0.011681116,1.012945740
59.625000000,-0.072316358,0.006469036,1.006268055
59.630000000,0.028154052,0.047040666,0.999236512
59.635000000,-0.019089638,-0.019887427,0.996878766
59.640000000,-0.031192009,-0.047048410,1.010420753
59.645000000,0.009171674,0.008701616,1.002826776
59.650000000,-0.000386667,0.020153995,1.007545434
59.655000000,0.022226952,-0.036644792,1.005260545
59.660000000,-0.026568763,0.021826463,1.005261950
59.665000000,0.004347550,0.048438682,1.014989384
59.670000000,0.032214162,-0.040343445,0.993061182
59.675000000,0.002038577,0.022713986,1.006296510
59.680000000,-0.084103213,-0.049504765,1.017627435
59.685000000,-0.006323188,-0.067797317,1.004952568
59.690000000,0.086180627,0.062201521,1.001265688
59.695000000,0.053609258,0.004857442,1.007891962
59.700000000,0.018586161,-0.036836015,1.010397216
59.705000000,-0.002897064,-0.003901323,1.008801481
59.710000000,0.060615767,0.008275515,1.015979619
59.715000000,-0.025508241,-0.017500317,0.998143641
59.720000000,-0.049226711,0.000135983,0.999486740
59.725000000,0.014592920,-0.009237004,1.008578076
59.730000000,0.025502350,0.017058128,1.002622621
59.735000000,-0.008706518,0.071714238,1.006146777
59.740000000,-0.039059297,-0.053170420,1.001422669
59.745000000,0.022603431,-0.046835113,1.011225311
59.750000000,-0.012480010,0.028603949,1.009994893
59.755000000,0.038022868,0.003685493,1.005663218
59.760000000,0.038843136,-0.014277950,1.009227227
59.765000000,-0.026337957,-0.045647576,0.997952895
59.770000000,0.001531522,0.014069054,1.012187619
59.775000000,-0.018719813,0.013260380,1.008124915
59.780000000,-0.005571167,-0.024803309,0.996290803
59.785000000,0.046121515,-0.005426174,1.014259447
59.790000000,0.027786893,-0.014571316,1.007316544
59.795000000,-0.046302774,0.022734446,1.003131840
59.800000000,0.019579171,-0.005258384,1.008733584
59.805000000,0.028054173,0.014479870,1.003510424
59.810000000,-0.006510791,0.025049756,1.014114458
59.815000000,0.023182374,-0.009050742,1.014287175
59.820000000,-0.002517662,0.049190356,0.996776813
59.825000000,0.025726268,-0.035585057,1.000736002
59.830000000,0.019183789,-0.022711100,1.015905258
59.835000000,-0.010834422,0.005211095,1.009374367
59.840000000,-0.000116310,-0.043478110,0.998734619
59.845000000,-0.022401884,0.045313242,1.007534356
59.850000000,-0.025751493,0.010033459,1.010765138
59.855000000,0.061135385,-0.003420717,1.002499114
59.860000000,0.013016360,-0.003304710,0.999600957
59.865000000,-0.044360117,-0.030214205,1.000112027
59.870000000,0.018054422,0.013524808,1.002715904
59.875000000,0.006392566,-0.008478620,1.011204076
59.880000000,0.047397091,-0.042153452,1.005146506
59.885000000,-0.013061009,-0.014060416,1.005533427
59.890000000,-0.033703411,0.015722391,1.013675854
59.895000000,0.031073405,-0.040958846,1.006528067
59.900000000,0.000886289,-0.013704305,1.003066973
59.905000000,0.013368831,0.009638930,1.002961116
59.910000000,0.007176846,0.026699665,1.004310803
59.915000000,-0.001026831,0.012673686,1.009719633
59.920000000,-0.041744718,-0.079362189,1.010643920
59.925000000,-0.057421679,0.034300862,1.005917456
59.930000000,0.013661038,0.033533110,0.996542120
59.935000000,0.089595305,-0.001219272,1.006765515
59.940000000,0.013092214,-0.009206079,1.012444996
59.945000000,-0.045880381,-0.063879664,0.997849416
59.950000000,-0.005493022,0.033008059,1.000631961
59.955000000,0.001334241,-0.011385462,1.009657006
59.960000000,0.039839874,0.026185386,1.003994478
59.965000000,0.001403136,0.019265437,0.998927105
59.970000000,0.037767238,-0.044885529,1.008085083
59.975000000,-0.006477150,0.042322725,1.010712851
59.980000000,-0.067863901,-0.018884539,1.006498726
59.985000000,-0.017437603,-0.032442545,1.010410850
59.990000000,-0.009752959,-0.049653834,0.998367459
59.995000000,0.013419866,0.000072385,0.998558779
